timestamp,station_id,temperature,pressure,humidity
2026-01-01 00:00:00,AWS_001,26.18,1007.94,61.73
2026-01-01 00:01:00,AWS_001,26.77,1007.86,66.88
2026-01-01 00:02:00,AWS_001,26.78,1009.21,64.67
2026-01-01 00:03:00,AWS_001,27.09,1008.24,64.26
2026-01-01 00:04:00,AWS_001,26.48,1007.74,63.68
2026-01-01 00:05:00,AWS_001,26.52,1007.29,65.05
2026-01-01 00:06:00,AWS_001,26.53,1008.08,64.6
2026-01-01 00:07:00,AWS_001,26.41,1007.15,63.8
2026-01-01 00:08:00,AWS_001,25.75,1008.03,63.18
2026-01-01 00:09:00,AWS_001,27.2,1008.28,60.72
2026-01-01 00:10:00,AWS_001,27.17,1007.73,63.03
2026-01-01 00:11:00,AWS_001,26.25,1007.4,63.4
2026-01-01 00:12:00,AWS_001,26.71,1006.17,64.67
2026-01-01 00:13:00,AWS_001,26.61,1008.84,68.25
2026-01-01 00:14:00,AWS_001,26.65,1008.26,63.04
2026-01-01 00:15:00,AWS_001,26.09,1008.28,62.17
2026-01-01 00:16:00,AWS_001,26.72,1006.7,62.73
2026-01-01 00:17:00,AWS_001,27.23,1009.06,64.42
2026-01-01 00:18:00,AWS_001,28.04,1007.6,65.24
2026-01-01 00:19:00,AWS_001,27.2,1007.75,65.46
2026-01-01 00:20:00,AWS_001,27.11,1007.13,65.61
2026-01-01 00:21:00,AWS_001,26.87,1006.57,65.84
2026-01-01 00:22:00,AWS_001,26.86,1008.93,63.29
2026-01-01 00:23:00,AWS_001,27.5,1009.04,67.9
2026-01-01 00:24:00,AWS_001,27.26,1007.89,63.04
2026-01-01 00:25:00,AWS_001,26.91,1007.49,63.91
2026-01-01 00:26:00,AWS_001,26.78,1007.74,66.23
2026-01-01 00:27:00,AWS_001,27.15,1007.77,64.72
2026-01-01 00:28:00,AWS_001,27.02,1007.1,59.06
2026-01-01 00:29:00,AWS_001,27.25,1007.83,63.5
2026-01-01 00:30:00,AWS_001,27.18,1008.2,65.16
2026-01-01 00:31:00,AWS_001,27.45,1008.9,60.69
2026-01-01 00:32:00,AWS_001,26.81,1008.1,64.83
2026-01-01 00:33:00,AWS_001,27.78,1006.84,64.06
2026-01-01 00:34:00,AWS_001,28.47,1008.39,65.59
2026-01-01 00:35:00,AWS_001,27.86,1007.91,61.79
2026-01-01 00:36:00,AWS_001,27.49,1009.22,65.11
2026-01-01 00:37:00,AWS_001,27.78,1009.28,63.39
2026-01-01 00:38:00,AWS_001,27.05,1009.31,66.55
2026-01-01 00:39:00,AWS_001,26.84,1007.7,68.54
2026-01-01 00:40:00,AWS_001,27.8,1009.75,65.99
2026-01-01 00:41:00,AWS_001,27.3,1008.45,63.83
2026-01-01 00:42:00,AWS_001,27.0,1009.48,67.46
2026-01-01 00:43:00,AWS_001,27.2,1007.78,63.97
2026-01-01 00:44:00,AWS_001,27.13,1007.96,60.89
2026-01-01 00:45:00,AWS_001,27.65,1008.42,62.58
2026-01-01 00:46:00,AWS_001,27.85,1008.33,64.13
2026-01-01 00:47:00,AWS_001,28.0,1009.23,64.21
2026-01-01 00:48:00,AWS_001,28.02,1008.04,60.25
2026-01-01 00:49:00,AWS_001,27.99,1009.17,60.27
2026-01-01 00:50:00,AWS_001,27.62,1008.83,61.72
2026-01-01 00:51:00,AWS_001,27.48,1008.09,63.42
2026-01-01 00:52:00,AWS_001,27.15,1008.79,63.63
2026-01-01 00:53:00,AWS_001,28.21,1007.89,62.53
2026-01-01 00:54:00,AWS_001,27.72,1010.16,60.53
2026-01-01 00:55:00,AWS_001,27.65,1006.16,65.62
2026-01-01 00:56:00,AWS_001,28.31,1008.84,59.95
2026-01-01 00:57:00,AWS_001,27.5,1006.9,64.65
2026-01-01 00:58:00,AWS_001,28.21,1008.14,63.47
2026-01-01 00:59:00,AWS_001,28.02,1008.26,64.51
2026-01-01 01:00:00,AWS_001,27.5,1009.54,61.01
2026-01-01 01:01:00,AWS_001,27.91,1007.79,61.56
2026-01-01 01:02:00,AWS_001,28.35,1009.4,61.9
2026-01-01 01:03:00,AWS_001,28.3,1007.42,60.79
2026-01-01 01:04:00,AWS_001,28.6,1009.45,62.14
2026-01-01 01:05:00,AWS_001,28.16,1008.0,64.8
2026-01-01 01:06:00,AWS_001,29.39,1008.44,59.0
2026-01-01 01:07:00,AWS_001,27.7,1008.13,60.23
2026-01-01 01:08:00,AWS_001,27.93,1009.43,59.96
2026-01-01 01:09:00,AWS_001,28.08,1009.28,61.25
2026-01-01 01:10:00,AWS_001,27.56,1008.78,61.12
2026-01-01 01:11:00,AWS_001,28.56,1007.51,62.89
2026-01-01 01:12:00,AWS_001,28.53,1007.87,61.36
2026-01-01 01:13:00,AWS_001,28.2,1007.62,61.85
2026-01-01 01:14:00,AWS_001,28.0,1006.66,61.99
2026-01-01 01:15:00,AWS_001,27.63,1009.47,61.63
2026-01-01 01:16:00,AWS_001,27.94,1008.21,62.5
2026-01-01 01:17:00,AWS_001,28.57,1008.21,60.8
2026-01-01 01:18:00,AWS_001,28.21,1009.69,64.29
2026-01-01 01:19:00,AWS_001,28.14,1008.12,66.03
2026-01-01 01:20:00,AWS_001,28.53,1007.83,62.31
2026-01-01 01:21:00,AWS_001,28.82,1008.34,61.3
2026-01-01 01:22:00,AWS_001,28.48,1007.62,62.05
2026-01-01 01:23:00,AWS_001,28.52,1008.81,58.55
2026-01-01 01:24:00,AWS_001,28.96,1008.24,61.06
2026-01-01 01:25:00,AWS_001,28.51,1008.14,59.19
2026-01-01 01:26:00,AWS_001,28.33,1008.08,61.62
2026-01-01 01:27:00,AWS_001,28.75,1008.48,59.1
2026-01-01 01:28:00,AWS_001,28.39,1008.64,59.82
2026-01-01 01:29:00,AWS_001,28.37,1008.17,56.71
2026-01-01 01:30:00,AWS_001,29.05,1008.31,58.06
2026-01-01 01:31:00,AWS_001,28.44,1008.54,61.07
2026-01-01 01:32:00,AWS_001,27.52,1008.46,58.57
2026-01-01 01:33:00,AWS_001,28.74,1008.64,62.39
2026-01-01 01:34:00,AWS_001,28.46,1008.09,58.31
2026-01-01 01:35:00,AWS_001,28.52,1009.44,61.07
2026-01-01 01:36:00,AWS_001,28.84,1008.72,58.6
2026-01-01 01:37:00,AWS_001,28.61,1008.25,60.84
2026-01-01 01:38:00,AWS_001,28.78,1008.94,56.95
2026-01-01 01:39:00,AWS_001,27.91,1008.61,59.07
2026-01-01 01:40:00,AWS_001,28.36,1007.29,58.24
2026-01-01 01:41:00,AWS_001,29.32,1008.96,61.65
2026-01-01 01:42:00,AWS_001,28.77,1007.88,60.76
2026-01-01 01:43:00,AWS_001,28.13,1009.45,57.32
2026-01-01 01:44:00,AWS_001,28.39,1008.52,59.33
2026-01-01 01:45:00,AWS_001,28.44,1009.34,58.15
2026-01-01 01:46:00,AWS_001,28.9,1008.22,61.55
2026-01-01 01:47:00,AWS_001,28.7,1008.79,62.14
2026-01-01 01:48:00,AWS_001,28.63,1009.71,56.67
2026-01-01 01:49:00,AWS_001,28.91,1008.54,61.16
2026-01-01 01:50:00,AWS_001,29.12,1008.29,57.81
2026-01-01 01:51:00,AWS_001,28.85,1009.3,58.91
2026-01-01 01:52:00,AWS_001,28.74,1009.29,59.43
2026-01-01 01:53:00,AWS_001,28.82,1008.35,62.95
2026-01-01 01:54:00,AWS_001,29.15,1007.21,57.27
2026-01-01 01:55:00,AWS_001,29.03,1008.32,60.9
2026-01-01 01:56:00,AWS_001,29.35,1009.36,56.84
2026-01-01 01:57:00,AWS_001,28.61,1008.2,56.66
2026-01-01 01:58:00,AWS_001,28.78,1008.82,59.15
2026-01-01 01:59:00,AWS_001,29.41,1008.31,59.09
2026-01-01 02:00:00,AWS_001,28.8,1007.3,53.34
2026-01-01 02:01:00,AWS_001,29.7,1008.32,61.27
2026-01-01 02:02:00,AWS_001,29.72,1009.4,54.63
2026-01-01 02:03:00,AWS_001,29.74,1006.98,58.57
2026-01-01 02:04:00,AWS_001,28.85,1009.08,61.47
2026-01-01 02:05:00,AWS_001,29.25,1007.94,63.19
2026-01-01 02:06:00,AWS_001,29.04,1009.38,58.0
2026-01-01 02:07:00,AWS_001,29.62,1009.48,55.82
2026-01-01 02:08:00,AWS_001,29.96,1008.78,61.22
2026-01-01 02:09:00,AWS_001,29.64,1008.79,60.33
2026-01-01 02:10:00,AWS_001,29.31,1008.29,57.57
2026-01-01 02:11:00,AWS_001,29.18,1007.86,57.28
2026-01-01 02:12:00,AWS_001,29.61,1010.31,57.03
2026-01-01 02:13:00,AWS_001,28.88,1008.26,57.73
2026-01-01 02:14:00,AWS_001,29.6,1010.22,59.01
2026-01-01 02:15:00,AWS_001,29.04,1008.29,57.2
2026-01-01 02:16:00,AWS_001,29.67,1009.4,57.41
2026-01-01 02:17:00,AWS_001,29.37,1008.08,59.53
2026-01-01 02:18:00,AWS_001,29.3,1009.42,55.24
2026-01-01 02:19:00,AWS_001,29.12,1008.75,57.41
2026-01-01 02:20:00,AWS_001,29.35,1008.76,54.77
2026-01-01 02:21:00,AWS_001,29.73,1009.51,58.29
2026-01-01 02:22:00,AWS_001,29.94,1008.66,54.15
2026-01-01 02:23:00,AWS_001,29.76,1007.9,59.77
2026-01-01 02:24:00,AWS_001,30.11,1009.66,55.32
2026-01-01 02:25:00,AWS_001,30.6,1008.14,54.36
2026-01-01 02:26:00,AWS_001,29.47,1009.48,57.13
2026-01-01 02:27:00,AWS_001,29.53,1009.85,61.24
2026-01-01 02:28:00,AWS_001,29.06,1008.78,59.2
2026-01-01 02:29:00,AWS_001,30.13,1010.04,53.89
2026-01-01 02:30:00,AWS_001,30.19,1009.48,55.01
2026-01-01 02:31:00,AWS_001,29.34,1008.55,56.86
2026-01-01 02:32:00,AWS_001,29.95,1010.24,62.09
2026-01-01 02:33:00,AWS_001,30.21,1008.21,55.69
2026-01-01 02:34:00,AWS_001,29.83,1008.83,55.67
2026-01-01 02:35:00,AWS_001,30.09,1008.97,60.54
2026-01-01 02:36:00,AWS_001,29.84,1009.63,57.84
2026-01-01 02:37:00,AWS_001,29.3,1010.05,59.51
2026-01-01 02:38:00,AWS_001,30.22,1010.01,55.91
2026-01-01 02:39:00,AWS_001,30.35,1009.35,57.12
2026-01-01 02:40:00,AWS_001,30.13,1008.96,59.92
2026-01-01 02:41:00,AWS_001,29.47,1007.73,56.96
2026-01-01 02:42:00,AWS_001,29.57,1008.14,59.45
2026-01-01 02:43:00,AWS_001,29.44,1010.62,57.94
2026-01-01 02:44:00,AWS_001,30.21,1007.74,55.05
2026-01-01 02:45:00,AWS_001,30.43,1008.59,57.06
2026-01-01 02:46:00,AWS_001,30.11,1010.14,59.01
2026-01-01 02:47:00,AWS_001,30.33,1009.4,58.35
2026-01-01 02:48:00,AWS_001,29.62,1009.99,56.89
2026-01-01 02:49:00,AWS_001,30.04,1009.69,53.15
2026-01-01 02:50:00,AWS_001,29.45,1010.44,53.3
2026-01-01 02:51:00,AWS_001,29.71,1009.51,53.69
2026-01-01 02:52:00,AWS_001,30.39,1009.81,55.8
2026-01-01 02:53:00,AWS_001,29.95,1008.71,56.02
2026-01-01 02:54:00,AWS_001,30.55,1009.76,53.79
2026-01-01 02:55:00,AWS_001,30.3,1008.99,58.75
2026-01-01 02:56:00,AWS_001,31.19,1008.95,54.14
2026-01-01 02:57:00,AWS_001,30.15,1010.03,53.89
2026-01-01 02:58:00,AWS_001,29.57,1010.05,56.77
2026-01-01 02:59:00,AWS_001,30.13,1010.69,58.5
2026-01-01 03:00:00,AWS_001,29.77,1010.64,60.62
2026-01-01 03:01:00,AWS_001,30.57,1010.08,57.64
2026-01-01 03:02:00,AWS_001,30.21,1007.98,59.6
2026-01-01 03:03:00,AWS_001,30.15,1010.83,53.98
2026-01-01 03:04:00,AWS_001,30.17,1010.11,60.69
2026-01-01 03:05:00,AWS_001,30.53,1008.77,52.61
2026-01-01 03:06:00,AWS_001,30.07,1009.97,55.29
2026-01-01 03:07:00,AWS_001,30.58,1008.57,57.38
2026-01-01 03:08:00,AWS_001,30.7,1009.9,53.01
2026-01-01 03:09:00,AWS_001,30.16,1008.36,54.33
2026-01-01 03:10:00,AWS_001,29.94,1008.78,53.98
2026-01-01 03:11:00,AWS_001,30.12,1010.0,55.5
2026-01-01 03:12:00,AWS_001,30.62,1010.3,58.93
2026-01-01 03:13:00,AWS_001,30.39,1009.71,56.08
2026-01-01 03:14:00,AWS_001,30.62,1009.23,55.09
2026-01-01 03:15:00,AWS_001,31.09,1007.77,50.21
2026-01-01 03:16:00,AWS_001,30.49,1009.3,56.88
2026-01-01 03:17:00,AWS_001,30.09,1009.91,57.49
2026-01-01 03:18:00,AWS_001,30.85,1009.23,52.48
2026-01-01 03:19:00,AWS_001,30.46,1009.48,55.71
2026-01-01 03:20:00,AWS_001,30.8,1009.35,56.19
2026-01-01 03:21:00,AWS_001,30.89,1009.25,57.7
2026-01-01 03:22:00,AWS_001,30.1,1009.58,54.29
2026-01-01 03:23:00,AWS_001,31.05,1009.31,53.96
2026-01-01 03:24:00,AWS_001,30.87,1010.69,54.76
2026-01-01 03:25:00,AWS_001,30.28,1007.78,58.21
2026-01-01 03:26:00,AWS_001,30.66,1009.11,57.7
2026-01-01 03:27:00,AWS_001,30.65,1008.86,55.53
2026-01-01 03:28:00,AWS_001,30.57,1009.74,57.58
2026-01-01 03:29:00,AWS_001,30.93,1009.63,50.77
2026-01-01 03:30:00,AWS_001,31.17,1010.88,57.06
2026-01-01 03:31:00,AWS_001,30.61,1011.15,53.21
2026-01-01 03:32:00,AWS_001,31.15,1008.98,58.95
2026-01-01 03:33:00,AWS_001,31.03,1009.6,53.26
2026-01-01 03:34:00,AWS_001,30.74,1009.77,53.65
2026-01-01 03:35:00,AWS_001,30.73,1008.98,56.45
2026-01-01 03:36:00,AWS_001,30.21,1010.13,56.61
2026-01-01 03:37:00,AWS_001,30.08,1009.44,54.37
2026-01-01 03:38:00,AWS_001,30.76,1008.79,55.97
2026-01-01 03:39:00,AWS_001,30.36,1009.43,56.19
2026-01-01 03:40:00,AWS_001,30.7,1008.86,55.96
2026-01-01 03:41:00,AWS_001,30.52,1010.5,54.33
2026-01-01 03:42:00,AWS_001,30.03,1011.2,56.12
2026-01-01 03:43:00,AWS_001,30.9,1009.88,57.89
2026-01-01 03:44:00,AWS_001,30.6,1009.78,52.6
2026-01-01 03:45:00,AWS_001,30.81,1009.82,53.34
2026-01-01 03:46:00,AWS_001,30.44,1010.65,55.05
2026-01-01 03:47:00,AWS_001,30.67,1010.64,52.85
2026-01-01 03:48:00,AWS_001,31.44,1009.63,51.33
2026-01-01 03:49:00,AWS_001,30.88,1009.93,57.09
2026-01-01 03:50:00,AWS_001,31.06,1010.26,50.42
2026-01-01 03:51:00,AWS_001,30.34,1008.83,54.05
2026-01-01 03:52:00,AWS_001,31.82,1010.72,56.34
2026-01-01 03:53:00,AWS_001,31.61,1011.15,55.33
2026-01-01 03:54:00,AWS_001,31.43,1010.7,53.99
2026-01-01 03:55:00,AWS_001,31.23,1008.78,52.55
2026-01-01 03:56:00,AWS_001,30.92,1008.21,55.4
2026-01-01 03:57:00,AWS_001,31.1,1010.36,52.71
2026-01-01 03:58:00,AWS_001,31.35,1009.19,55.19
2026-01-01 03:59:00,AWS_001,30.69,1010.03,54.92
2026-01-01 04:00:00,AWS_001,30.78,1011.04,54.91
2026-01-01 04:01:00,AWS_001,30.3,1009.29,53.3
2026-01-01 04:02:00,AWS_001,30.67,1009.52,58.63
2026-01-01 04:03:00,AWS_001,31.65,1010.06,55.25
2026-01-01 04:04:00,AWS_001,30.86,1008.8,53.95
2026-01-01 04:05:00,AWS_001,30.88,1009.24,55.01
2026-01-01 04:06:00,AWS_001,31.14,1009.88,52.91
2026-01-01 04:07:00,AWS_001,30.38,1009.62,53.66
2026-01-01 04:08:00,AWS_001,31.42,1010.36,59.19
2026-01-01 04:09:00,AWS_001,31.56,1012.09,52.85
2026-01-01 04:10:00,AWS_001,31.21,1009.97,54.2
2026-01-01 04:11:00,AWS_001,31.73,1009.22,53.42
2026-01-01 04:12:00,AWS_001,30.55,1011.04,52.23
2026-01-01 04:13:00,AWS_001,31.83,1008.64,55.13
2026-01-01 04:14:00,AWS_001,30.81,1008.81,54.33
2026-01-01 04:15:00,AWS_001,30.6,1009.45,56.06
2026-01-01 04:16:00,AWS_001,31.02,1009.71,55.84
2026-01-01 04:17:00,AWS_001,31.88,1009.44,55.99
2026-01-01 04:18:00,AWS_001,31.13,1009.92,52.33
2026-01-01 04:19:00,AWS_001,30.77,1010.17,55.43
2026-01-01 04:20:00,AWS_001,30.64,1010.82,55.45
2026-01-01 04:21:00,AWS_001,31.12,1010.04,52.06
2026-01-01 04:22:00,AWS_001,30.38,1009.53,53.44
2026-01-01 04:23:00,AWS_001,30.66,1010.79,51.15
2026-01-01 04:24:00,AWS_001,31.81,1009.34,55.38
2026-01-01 04:25:00,AWS_001,31.73,1008.69,55.35
2026-01-01 04:26:00,AWS_001,31.16,1010.97,56.86
2026-01-01 04:27:00,AWS_001,31.03,1010.93,53.52
2026-01-01 04:28:00,AWS_001,31.25,1009.39,54.86
2026-01-01 04:29:00,AWS_001,32.17,1009.71,55.91
2026-01-01 04:30:00,AWS_001,31.41,1009.3,52.41
2026-01-01 04:31:00,AWS_001,31.62,1010.3,52.08
2026-01-01 04:32:00,AWS_001,31.18,1011.43,52.43
2026-01-01 04:33:00,AWS_001,31.29,1010.62,53.16
2026-01-01 04:34:00,AWS_001,31.53,1010.89,52.09
2026-01-01 04:35:00,AWS_001,31.33,1010.73,52.46
2026-01-01 04:36:00,AWS_001,30.53,1010.08,55.56
2026-01-01 04:37:00,AWS_001,31.81,1010.95,53.59
2026-01-01 04:38:00,AWS_001,31.06,1010.69,54.37
2026-01-01 04:39:00,AWS_001,32.16,1011.25,52.64
2026-01-01 04:40:00,AWS_001,31.6,1009.74,52.49
2026-01-01 04:41:00,AWS_001,31.36,1008.72,54.28
2026-01-01 04:42:00,AWS_001,31.51,1010.96,53.94
2026-01-01 04:43:00,AWS_001,31.3,1010.41,55.23
2026-01-01 04:44:00,AWS_001,31.16,1009.9,56.26
2026-01-01 04:45:00,AWS_001,31.44,1009.95,52.25
2026-01-01 04:46:00,AWS_001,31.72,1012.19,55.34
2026-01-01 04:47:00,AWS_001,31.19,1009.64,51.44
2026-01-01 04:48:00,AWS_001,31.13,1009.48,57.73
2026-01-01 04:49:00,AWS_001,31.24,1010.24,52.0
2026-01-01 04:50:00,AWS_001,31.77,1011.12,54.94
2026-01-01 04:51:00,AWS_001,31.98,1012.01,51.37
2026-01-01 04:52:00,AWS_001,31.55,1010.72,53.22
2026-01-01 04:53:00,AWS_001,31.64,1009.18,56.6
2026-01-01 04:54:00,AWS_001,31.17,1011.78,51.86
2026-01-01 04:55:00,AWS_001,31.77,1010.2,57.89
2026-01-01 04:56:00,AWS_001,31.65,1009.55,53.45
2026-01-01 04:57:00,AWS_001,31.15,1009.36,55.4
2026-01-01 04:58:00,AWS_001,30.73,1010.9,54.24
2026-01-01 04:59:00,AWS_001,30.96,1010.43,54.34
2026-01-01 05:00:00,AWS_001,31.19,1010.52,50.56
2026-01-01 05:01:00,AWS_001,31.92,1011.28,52.45
2026-01-01 05:02:00,AWS_001,32.09,1009.62,55.77
2026-01-01 05:03:00,AWS_001,31.29,1011.36,52.68
2026-01-01 05:04:00,AWS_001,31.31,1009.86,53.63
2026-01-01 05:05:00,AWS_001,31.58,1012.01,50.25
2026-01-01 05:06:00,AWS_001,31.49,1010.77,52.26
2026-01-01 05:07:00,AWS_001,31.86,1009.56,55.57
2026-01-01 05:08:00,AWS_001,31.29,1008.68,50.74
2026-01-01 05:09:00,AWS_001,31.88,1010.96,54.73
2026-01-01 05:10:00,AWS_001,31.41,1010.02,53.64
2026-01-01 05:11:00,AWS_001,31.85,1010.2,52.8
2026-01-01 05:12:00,AWS_001,31.41,1010.94,52.7
2026-01-01 05:13:00,AWS_001,31.27,1011.14,52.27
2026-01-01 05:14:00,AWS_001,32.29,1011.32,52.44
2026-01-01 05:15:00,AWS_001,31.95,1009.41,55.09
2026-01-01 05:16:00,AWS_001,30.81,1011.5,52.36
2026-01-01 05:17:00,AWS_001,31.36,1009.9,56.83
2026-01-01 05:18:00,AWS_001,32.02,1008.56,53.8
2026-01-01 05:19:00,AWS_001,31.07,1009.43,52.04
2026-01-01 05:20:00,AWS_001,31.86,1010.56,55.13
2026-01-01 05:21:00,AWS_001,31.82,1009.61,54.42
2026-01-01 05:22:00,AWS_001,31.28,1010.33,49.86
2026-01-01 05:23:00,AWS_001,31.56,1010.67,51.09
2026-01-01 05:24:00,AWS_001,30.73,1010.26,52.92
2026-01-01 05:25:00,AWS_001,32.27,1010.02,49.97
2026-01-01 05:26:00,AWS_001,31.45,1009.42,57.31
2026-01-01 05:27:00,AWS_001,31.89,1010.45,54.77
2026-01-01 05:28:00,AWS_001,31.82,1008.78,53.09
2026-01-01 05:29:00,AWS_001,32.12,1009.89,52.42
2026-01-01 05:30:00,AWS_001,31.41,1009.71,51.9
2026-01-01 05:31:00,AWS_001,31.67,1010.26,49.17
2026-01-01 05:32:00,AWS_001,31.81,1010.29,49.62
2026-01-01 05:33:00,AWS_001,31.94,1011.24,56.89
2026-01-01 05:34:00,AWS_001,32.05,1011.74,56.22
2026-01-01 05:35:00,AWS_001,31.4,1009.59,51.92
2026-01-01 05:36:00,AWS_001,31.33,1012.08,54.88
2026-01-01 05:37:00,AWS_001,32.14,1009.87,54.07
2026-01-01 05:38:00,AWS_001,30.79,1010.64,54.3
2026-01-01 05:39:00,AWS_001,32.23,1010.92,50.2
2026-01-01 05:40:00,AWS_001,31.48,1012.47,49.43
2026-01-01 05:41:00,AWS_001,31.6,1010.09,55.41
2026-01-01 05:42:00,AWS_001,31.34,1009.09,49.08
2026-01-01 05:43:00,AWS_001,31.59,1011.73,52.74
2026-01-01 05:44:00,AWS_001,32.12,1009.87,52.29
2026-01-01 05:45:00,AWS_001,31.92,1010.26,52.11
2026-01-01 05:46:00,AWS_001,31.81,1009.66,53.65
2026-01-01 05:47:00,AWS_001,31.65,1010.27,51.66
2026-01-01 05:48:00,AWS_001,31.04,1009.89,53.81
2026-01-01 05:49:00,AWS_001,31.28,1011.11,53.3
2026-01-01 05:50:00,AWS_001,31.48,1010.64,57.21
2026-01-01 05:51:00,AWS_001,31.8,1010.04,50.24
2026-01-01 05:52:00,AWS_001,31.65,1011.39,53.07
2026-01-01 05:53:00,AWS_001,32.01,1010.8,53.87
2026-01-01 05:54:00,AWS_001,31.81,1009.13,52.49
2026-01-01 05:55:00,AWS_001,31.64,1011.34,50.33
2026-01-01 05:56:00,AWS_001,32.53,1010.76,55.52
2026-01-01 05:57:00,AWS_001,31.79,1011.73,53.67
2026-01-01 05:58:00,AWS_001,31.45,1010.73,50.47
2026-01-01 05:59:00,AWS_001,32.37,1010.0,53.88
2026-01-01 06:00:00,AWS_001,32.1,1010.48,56.4
2026-01-01 06:01:00,AWS_001,32.35,1011.29,52.93
2026-01-01 06:02:00,AWS_001,31.58,1010.04,53.0
2026-01-01 06:03:00,AWS_001,32.01,1010.31,56.14
2026-01-01 06:04:00,AWS_001,31.04,1010.49,51.06
2026-01-01 06:05:00,AWS_001,31.94,1009.75,56.46
2026-01-01 06:06:00,AWS_001,31.56,1010.07,54.95
2026-01-01 06:07:00,AWS_001,31.08,1010.82,51.16
2026-01-01 06:08:00,AWS_001,32.03,1011.65,51.67
2026-01-01 06:09:00,AWS_001,30.9,1010.95,51.96
2026-01-01 06:10:00,AWS_001,30.85,1010.66,49.34
2026-01-01 06:11:00,AWS_001,31.76,1010.04,53.53
2026-01-01 06:12:00,AWS_001,31.85,1011.59,51.26
2026-01-01 06:13:00,AWS_001,32.0,1011.07,53.61
2026-01-01 06:14:00,AWS_001,31.91,1010.16,50.44
2026-01-01 06:15:00,AWS_001,32.2,1011.45,54.87
2026-01-01 06:16:00,AWS_001,31.89,1011.18,54.5
2026-01-01 06:17:00,AWS_001,31.56,1010.09,51.62
2026-01-01 06:18:00,AWS_001,31.58,1010.67,53.76
2026-01-01 06:19:00,AWS_001,31.49,1010.36,53.21
2026-01-01 06:20:00,AWS_001,31.72,1012.87,56.01
2026-01-01 06:21:00,AWS_001,31.16,1011.19,50.99
2026-01-01 06:22:00,AWS_001,31.74,1010.92,52.75
2026-01-01 06:23:00,AWS_001,31.56,1011.16,51.78
2026-01-01 06:24:00,AWS_001,31.71,1011.89,53.16
2026-01-01 06:25:00,AWS_001,31.71,1010.72,54.14
2026-01-01 06:26:00,AWS_001,30.61,1010.32,51.77
2026-01-01 06:27:00,AWS_001,31.23,1011.48,52.35
2026-01-01 06:28:00,AWS_001,31.54,1010.67,55.02
2026-01-01 06:29:00,AWS_001,31.56,1009.96,55.81
2026-01-01 06:30:00,AWS_001,31.68,1009.81,54.09
2026-01-01 06:31:00,AWS_001,31.7,1012.05,52.83
2026-01-01 06:32:00,AWS_001,32.18,1010.94,52.65
2026-01-01 06:33:00,AWS_001,31.7,1010.36,54.22
2026-01-01 06:34:00,AWS_001,31.44,1010.65,53.59
2026-01-01 06:35:00,AWS_001,30.93,1011.49,49.84
2026-01-01 06:36:00,AWS_001,31.01,1010.62,54.29
2026-01-01 06:37:00,AWS_001,31.77,1009.7,51.43
2026-01-01 06:38:00,AWS_001,31.98,1011.13,50.33
2026-01-01 06:39:00,AWS_001,32.17,1011.84,49.84
2026-01-01 06:40:00,AWS_001,31.22,1011.79,52.75
2026-01-01 06:41:00,AWS_001,31.42,1010.43,51.16
2026-01-01 06:42:00,AWS_001,31.64,1011.9,48.55
2026-01-01 06:43:00,AWS_001,32.35,1011.06,52.49
2026-01-01 06:44:00,AWS_001,31.58,1011.89,52.24
2026-01-01 06:45:00,AWS_001,32.15,1011.36,52.93
2026-01-01 06:46:00,AWS_001,31.59,1009.69,51.98
2026-01-01 06:47:00,AWS_001,31.98,1012.31,56.91
2026-01-01 06:48:00,AWS_001,31.92,1010.96,54.3
2026-01-01 06:49:00,AWS_001,31.58,1011.39,52.27
2026-01-01 06:50:00,AWS_001,31.1,1009.86,53.16
2026-01-01 06:51:00,AWS_001,31.39,1011.34,56.13
2026-01-01 06:52:00,AWS_001,32.09,1011.82,55.22
2026-01-01 06:53:00,AWS_001,31.84,1012.5,50.53
2026-01-01 06:54:00,AWS_001,31.31,1012.07,51.38
2026-01-01 06:55:00,AWS_001,31.34,1011.4,51.78
2026-01-01 06:56:00,AWS_001,30.78,1009.73,52.48
2026-01-01 06:57:00,AWS_001,32.05,1011.08,52.18
2026-01-01 06:58:00,AWS_001,31.82,1010.5,53.45
2026-01-01 06:59:00,AWS_001,31.4,1011.17,54.87
2026-01-01 07:00:00,AWS_001,31.53,1010.01,55.21
2026-01-01 07:01:00,AWS_001,30.58,1010.82,52.77
2026-01-01 07:02:00,AWS_001,31.25,1010.58,50.17
2026-01-01 07:03:00,AWS_001,31.97,1010.56,51.37
2026-01-01 07:04:00,AWS_001,31.82,1010.58,52.43
2026-01-01 07:05:00,AWS_001,31.56,1010.9,50.99
2026-01-01 07:06:00,AWS_001,31.41,1011.25,55.78
2026-01-01 07:07:00,AWS_001,31.73,1009.02,51.15
2026-01-01 07:08:00,AWS_001,31.29,1009.13,54.76
2026-01-01 07:09:00,AWS_001,30.73,1010.76,50.18
2026-01-01 07:10:00,AWS_001,31.39,1010.88,54.87
2026-01-01 07:11:00,AWS_001,31.55,1011.19,53.29
2026-01-01 07:12:00,AWS_001,31.83,1010.47,56.61
2026-01-01 07:13:00,AWS_001,30.8,1011.06,51.34
2026-01-01 07:14:00,AWS_001,31.32,1011.16,52.49
2026-01-01 07:15:00,AWS_001,31.33,1010.48,52.9
2026-01-01 07:16:00,AWS_001,30.91,1011.88,53.35
2026-01-01 07:17:00,AWS_001,31.54,1011.21,52.98
2026-01-01 07:18:00,AWS_001,31.64,1011.52,53.03
2026-01-01 07:19:00,AWS_001,31.21,1011.14,53.02
2026-01-01 07:20:00,AWS_001,32.14,1012.77,49.58
2026-01-01 07:21:00,AWS_001,31.19,1011.57,55.73
2026-01-01 07:22:00,AWS_001,31.13,1010.71,59.48
2026-01-01 07:23:00,AWS_001,31.11,1011.76,54.37
2026-01-01 07:24:00,AWS_001,30.97,1009.8,51.53
2026-01-01 07:25:00,AWS_001,31.06,1011.21,51.75
2026-01-01 07:26:00,AWS_001,30.7,1011.37,55.06
2026-01-01 07:27:00,AWS_001,31.19,1011.23,54.63
2026-01-01 07:28:00,AWS_001,31.28,1010.86,53.31
2026-01-01 07:29:00,AWS_001,30.34,1010.32,55.4
2026-01-01 07:30:00,AWS_001,31.2,1010.51,49.79
2026-01-01 07:31:00,AWS_001,31.25,1011.22,55.44
2026-01-01 07:32:00,AWS_001,31.43,1010.26,54.43
2026-01-01 07:33:00,AWS_001,31.7,1012.57,51.98
2026-01-01 07:34:00,AWS_001,31.55,1009.04,51.13
2026-01-01 07:35:00,AWS_001,30.95,1010.9,54.26
2026-01-01 07:36:00,AWS_001,30.9,1011.25,56.85
2026-01-01 07:37:00,AWS_001,31.41,1011.58,53.6
2026-01-01 07:38:00,AWS_001,30.95,1010.44,52.38
2026-01-01 07:39:00,AWS_001,30.67,1012.09,54.48
2026-01-01 07:40:00,AWS_001,32.1,1010.07,57.77
2026-01-01 07:41:00,AWS_001,31.02,1010.74,55.01
2026-01-01 07:42:00,AWS_001,30.89,1011.69,55.25
2026-01-01 07:43:00,AWS_001,30.25,1012.03,56.64
2026-01-01 07:44:00,AWS_001,31.46,1010.08,55.16
2026-01-01 07:45:00,AWS_001,30.71,1013.32,52.68
2026-01-01 07:46:00,AWS_001,31.11,1010.5,50.77
2026-01-01 07:47:00,AWS_001,31.48,1010.17,52.44
2026-01-01 07:48:00,AWS_001,30.69,1011.62,52.1
2026-01-01 07:49:00,AWS_001,31.1,1010.95,55.65
2026-01-01 07:50:00,AWS_001,31.67,1010.83,55.95
2026-01-01 07:51:00,AWS_001,30.07,1011.71,54.73
2026-01-01 07:52:00,AWS_001,30.71,1010.02,51.87
2026-01-01 07:53:00,AWS_001,30.67,1009.88,58.0
2026-01-01 07:54:00,AWS_001,30.94,1010.77,53.62
2026-01-01 07:55:00,AWS_001,30.99,1012.12,55.69
2026-01-01 07:56:00,AWS_001,30.57,1010.82,54.6
2026-01-01 07:57:00,AWS_001,30.72,1012.54,54.95
2026-01-01 07:58:00,AWS_001,30.67,1012.23,55.69
2026-01-01 07:59:00,AWS_001,30.82,1011.5,53.19
2026-01-01 08:00:00,AWS_001,31.04,1011.55,57.22
2026-01-01 08:01:00,AWS_001,31.31,1011.51,51.47
2026-01-01 08:02:00,AWS_001,31.35,1011.41,52.58
2026-01-01 08:03:00,AWS_001,31.18,1011.0,57.27
2026-01-01 08:04:00,AWS_001,30.56,1011.09,55.89
2026-01-01 08:05:00,AWS_001,30.9,1010.44,59.82
2026-01-01 08:06:00,AWS_001,31.84,1009.53,54.91
2026-01-01 08:07:00,AWS_001,31.28,1012.19,58.2
2026-01-01 08:08:00,AWS_001,30.69,1011.44,51.11
2026-01-01 08:09:00,AWS_001,31.49,1011.32,52.02
2026-01-01 08:10:00,AWS_001,30.69,1011.64,56.67
2026-01-01 08:11:00,AWS_001,30.56,1010.66,51.43
2026-01-01 08:12:00,AWS_001,31.38,1010.53,54.54
2026-01-01 08:13:00,AWS_001,30.28,1011.1,57.3
2026-01-01 08:14:00,AWS_001,30.03,1012.43,56.0
2026-01-01 08:15:00,AWS_001,31.16,1010.4,55.04
2026-01-01 08:16:00,AWS_001,30.78,1009.24,54.15
2026-01-01 08:17:00,AWS_001,30.81,1010.93,55.49
2026-01-01 08:18:00,AWS_001,30.6,1012.27,56.26
2026-01-01 08:19:00,AWS_001,30.64,1009.97,53.82
2026-01-01 08:20:00,AWS_001,30.54,1010.42,55.91
2026-01-01 08:21:00,AWS_001,30.46,1011.57,57.36
2026-01-01 08:22:00,AWS_001,30.54,1013.42,54.79
2026-01-01 08:23:00,AWS_001,30.52,1010.29,55.4
2026-01-01 08:24:00,AWS_001,30.34,1010.26,56.26
2026-01-01 08:25:00,AWS_001,30.44,1011.65,56.43
2026-01-01 08:26:00,AWS_001,29.64,1012.35,57.11
2026-01-01 08:27:00,AWS_001,30.9,1010.89,53.36
2026-01-01 08:28:00,AWS_001,30.77,1010.09,54.36
2026-01-01 08:29:00,AWS_001,30.57,1011.74,54.46
2026-01-01 08:30:00,AWS_001,30.69,1011.89,53.67
2026-01-01 08:31:00,AWS_001,30.69,1012.83,51.91
2026-01-01 08:32:00,AWS_001,30.27,1011.93,49.03
2026-01-01 08:33:00,AWS_001,30.34,1012.07,57.97
2026-01-01 08:34:00,AWS_001,30.75,1011.2,52.5
2026-01-01 08:35:00,AWS_001,30.61,1013.37,58.77
2026-01-01 08:36:00,AWS_001,31.33,1011.1,57.15
2026-01-01 08:37:00,AWS_001,31.14,1010.94,54.9
2026-01-01 08:38:00,AWS_001,30.85,1012.88,56.97
2026-01-01 08:39:00,AWS_001,30.16,1010.25,56.62
2026-01-01 08:40:00,AWS_001,30.23,1009.96,53.6
2026-01-01 08:41:00,AWS_001,30.04,1011.54,55.81
2026-01-01 08:42:00,AWS_001,30.54,1011.44,53.92
2026-01-01 08:43:00,AWS_001,29.32,1011.27,57.22
2026-01-01 08:44:00,AWS_001,30.21,1012.25,54.51
2026-01-01 08:45:00,AWS_001,30.26,1010.73,55.78
2026-01-01 08:46:00,AWS_001,29.76,1011.51,55.73
2026-01-01 08:47:00,AWS_001,30.67,1011.17,56.29
2026-01-01 08:48:00,AWS_001,29.88,1010.75,59.41
2026-01-01 08:49:00,AWS_001,30.43,1011.42,55.64
2026-01-01 08:50:00,AWS_001,31.42,1012.16,58.59
2026-01-01 08:51:00,AWS_001,29.65,1013.17,57.15
2026-01-01 08:52:00,AWS_001,30.22,1011.94,59.06
2026-01-01 08:53:00,AWS_001,30.1,1009.47,55.58
2026-01-01 08:54:00,AWS_001,30.01,1011.46,57.69
2026-01-01 08:55:00,AWS_001,30.54,1011.53,56.21
2026-01-01 08:56:00,AWS_001,30.66,1012.24,50.39
2026-01-01 08:57:00,AWS_001,30.51,1011.65,54.22
2026-01-01 08:58:00,AWS_001,29.9,1012.5,57.61
2026-01-01 08:59:00,AWS_001,31.15,1011.82,57.51
2026-01-01 09:00:00,AWS_001,29.45,1012.75,53.92
2026-01-01 09:01:00,AWS_001,29.73,1011.16,56.99
2026-01-01 09:02:00,AWS_001,30.2,1011.63,57.6
2026-01-01 09:03:00,AWS_001,30.15,1012.18,56.56
2026-01-01 09:04:00,AWS_001,30.29,1011.06,58.12
2026-01-01 09:05:00,AWS_001,30.71,1010.89,57.89
2026-01-01 09:06:00,AWS_001,30.02,1011.02,56.67
2026-01-01 09:07:00,AWS_001,30.1,1010.93,55.76
2026-01-01 09:08:00,AWS_001,29.8,1011.95,58.9
2026-01-01 09:09:00,AWS_001,30.25,1010.07,57.78
2026-01-01 09:10:00,AWS_001,29.87,1010.3,54.13
2026-01-01 09:11:00,AWS_001,29.86,1013.03,57.37
2026-01-01 09:12:00,AWS_001,30.19,1010.97,54.67
2026-01-01 09:13:00,AWS_001,30.37,1011.71,55.08
2026-01-01 09:14:00,AWS_001,29.05,1010.36,55.74
2026-01-01 09:15:00,AWS_001,30.06,1011.63,57.18
2026-01-01 09:16:00,AWS_001,29.8,1010.98,57.88
2026-01-01 09:17:00,AWS_001,30.27,1010.31,56.35
2026-01-01 09:18:00,AWS_001,29.77,1012.63,56.48
2026-01-01 09:19:00,AWS_001,30.37,1012.51,56.24
2026-01-01 09:20:00,AWS_001,29.57,1011.48,59.38
2026-01-01 09:21:00,AWS_001,28.93,1012.37,51.62
2026-01-01 09:22:00,AWS_001,30.22,1013.1,56.75
2026-01-01 09:23:00,AWS_001,29.45,1012.18,60.5
2026-01-01 09:24:00,AWS_001,29.14,1011.97,58.48
2026-01-01 09:25:00,AWS_001,29.76,1011.74,60.02
2026-01-01 09:26:00,AWS_001,29.64,1012.11,53.46
2026-01-01 09:27:00,AWS_001,30.05,1011.3,55.09
2026-01-01 09:28:00,AWS_001,30.06,1011.37,58.64
2026-01-01 09:29:00,AWS_001,29.72,1011.96,60.75
2026-01-01 09:30:00,AWS_001,29.31,1011.22,55.41
2026-01-01 09:31:00,AWS_001,29.76,1011.31,56.96
2026-01-01 09:32:00,AWS_001,29.7,1011.61,58.58
2026-01-01 09:33:00,AWS_001,29.84,1012.53,54.92
2026-01-01 09:34:00,AWS_001,29.25,1010.7,58.91
2026-01-01 09:35:00,AWS_001,29.42,1012.22,52.55
2026-01-01 09:36:00,AWS_001,29.77,1012.25,58.93
2026-01-01 09:37:00,AWS_001,30.04,1012.25,56.0
2026-01-01 09:38:00,AWS_001,29.91,1010.98,57.14
2026-01-01 09:39:00,AWS_001,29.54,1010.27,59.38
2026-01-01 09:40:00,AWS_001,29.3,1012.07,59.01
2026-01-01 09:41:00,AWS_001,29.64,1011.78,58.14
2026-01-01 09:42:00,AWS_001,29.02,1012.44,60.14
2026-01-01 09:43:00,AWS_001,29.11,1011.07,54.85
2026-01-01 09:44:00,AWS_001,30.02,1012.25,58.7
2026-01-01 09:45:00,AWS_001,29.56,1012.48,56.75
2026-01-01 09:46:00,AWS_001,29.24,1011.57,60.21
2026-01-01 09:47:00,AWS_001,29.7,1011.98,59.79
2026-01-01 09:48:00,AWS_001,29.86,1011.95,59.91
2026-01-01 09:49:00,AWS_001,29.15,1010.99,61.8
2026-01-01 09:50:00,AWS_001,29.14,1012.08,60.81
2026-01-01 09:51:00,AWS_001,29.07,1012.95,58.28
2026-01-01 09:52:00,AWS_001,29.66,1011.67,58.64
2026-01-01 09:53:00,AWS_001,29.64,1010.49,59.89
2026-01-01 09:54:00,AWS_001,29.79,1011.11,59.0
2026-01-01 09:55:00,AWS_001,29.62,1010.24,60.19
2026-01-01 09:56:00,AWS_001,28.55,1012.7,54.36
2026-01-01 09:57:00,AWS_001,29.29,1012.28,62.63
2026-01-01 09:58:00,AWS_001,28.74,1011.27,59.03
2026-01-01 09:59:00,AWS_001,28.94,1010.54,55.71
2026-01-01 10:00:00,AWS_001,29.19,1011.01,57.17
2026-01-01 10:01:00,AWS_001,29.44,1011.17,54.79
2026-01-01 10:02:00,AWS_001,28.73,1011.77,56.91
2026-01-01 10:03:00,AWS_001,28.14,1011.74,58.85
2026-01-01 10:04:00,AWS_001,29.12,1012.76,62.21
2026-01-01 10:05:00,AWS_001,30.09,1011.13,60.05
2026-01-01 10:06:00,AWS_001,28.93,1010.48,59.74
2026-01-01 10:07:00,AWS_001,29.01,1010.77,57.05
2026-01-01 10:08:00,AWS_001,29.68,1011.67,57.72
2026-01-01 10:09:00,AWS_001,29.19,1011.11,57.92
2026-01-01 10:10:00,AWS_001,29.02,1011.46,58.05
2026-01-01 10:11:00,AWS_001,29.09,1011.34,58.8
2026-01-01 10:12:00,AWS_001,28.99,1012.49,59.0
2026-01-01 10:13:00,AWS_001,28.42,1011.23,58.92
2026-01-01 10:14:00,AWS_001,28.32,1011.4,58.3
2026-01-01 10:15:00,AWS_001,29.59,1012.28,59.96
2026-01-01 10:16:00,AWS_001,28.89,1011.26,59.11
2026-01-01 10:17:00,AWS_001,28.84,1012.05,56.6
2026-01-01 10:18:00,AWS_001,28.74,1011.98,59.9
2026-01-01 10:19:00,AWS_001,29.07,1011.83,59.65
2026-01-01 10:20:00,AWS_001,29.75,1010.81,56.77
2026-01-01 10:21:00,AWS_001,28.93,1012.7,58.79
2026-01-01 10:22:00,AWS_001,28.46,1013.5,61.22
2026-01-01 10:23:00,AWS_001,28.62,1011.73,57.8
2026-01-01 10:24:00,AWS_001,29.09,1010.89,57.63
2026-01-01 10:25:00,AWS_001,28.4,1011.75,59.52
2026-01-01 10:26:00,AWS_001,28.96,1012.52,61.46
2026-01-01 10:27:00,AWS_001,27.67,1011.24,63.88
2026-01-01 10:28:00,AWS_001,28.49,1011.63,61.63
2026-01-01 10:29:00,AWS_001,28.81,1012.01,62.53
2026-01-01 10:30:00,AWS_001,29.05,1012.7,61.1
2026-01-01 10:31:00,AWS_001,28.19,1012.36,59.09
2026-01-01 10:32:00,AWS_001,27.9,1012.39,61.81
2026-01-01 10:33:00,AWS_001,28.37,1011.4,60.38
2026-01-01 10:34:00,AWS_001,28.01,1012.06,61.36
2026-01-01 10:35:00,AWS_001,28.38,1011.17,58.76
2026-01-01 10:36:00,AWS_001,28.41,1012.42,61.63
2026-01-01 10:37:00,AWS_001,27.87,1012.67,60.51
2026-01-01 10:38:00,AWS_001,28.7,1012.19,61.26
2026-01-01 10:39:00,AWS_001,28.29,1011.46,60.68
2026-01-01 10:40:00,AWS_001,28.77,1011.59,60.34
2026-01-01 10:41:00,AWS_001,27.58,1013.2,61.91
2026-01-01 10:42:00,AWS_001,27.89,1011.47,60.18
2026-01-01 10:43:00,AWS_001,28.48,1012.6,57.87
2026-01-01 10:44:00,AWS_001,27.93,1012.03,57.35
2026-01-01 10:45:00,AWS_001,28.17,1011.49,61.51
2026-01-01 10:46:00,AWS_001,28.21,1010.68,60.3
2026-01-01 10:47:00,AWS_001,28.25,1011.93,57.78
2026-01-01 10:48:00,AWS_001,27.9,1011.84,61.5
2026-01-01 10:49:00,AWS_001,28.21,1013.21,61.15
2026-01-01 10:50:00,AWS_001,27.81,1011.08,60.39
2026-01-01 10:51:00,AWS_001,28.38,1013.6,61.94
2026-01-01 10:52:00,AWS_001,28.04,1012.07,64.12
2026-01-01 10:53:00,AWS_001,28.13,1012.07,64.11
2026-01-01 10:54:00,AWS_001,29.07,1011.3,61.88
2026-01-01 10:55:00,AWS_001,27.58,1012.02,61.47
2026-01-01 10:56:00,AWS_001,28.56,1012.15,62.01
2026-01-01 10:57:00,AWS_001,26.92,1012.52,62.36
2026-01-01 10:58:00,AWS_001,27.13,1010.99,61.26
2026-01-01 10:59:00,AWS_001,27.44,1012.9,62.19
2026-01-01 11:00:00,AWS_001,27.45,1012.07,58.75
2026-01-01 11:01:00,AWS_001,27.98,1012.27,62.11
2026-01-01 11:02:00,AWS_001,27.99,1011.6,62.95
2026-01-01 11:03:00,AWS_001,27.75,1011.04,61.07
2026-01-01 11:04:00,AWS_001,27.77,1011.84,61.91
2026-01-01 11:05:00,AWS_001,28.02,1011.93,59.92
2026-01-01 11:06:00,AWS_001,28.12,1010.68,59.7
2026-01-01 11:07:00,AWS_001,27.24,1012.42,62.67
2026-01-01 11:08:00,AWS_001,27.6,1012.58,60.84
2026-01-01 11:09:00,AWS_001,27.7,1011.2,58.8
2026-01-01 11:10:00,AWS_001,27.9,1010.97,60.18
2026-01-01 11:11:00,AWS_001,27.38,1011.55,60.52
2026-01-01 11:12:00,AWS_001,27.63,1011.81,64.05
2026-01-01 11:13:00,AWS_001,27.65,1011.58,62.91
2026-01-01 11:14:00,AWS_001,27.34,1011.74,60.86
2026-01-01 11:15:00,AWS_001,27.31,1011.97,61.48
2026-01-01 11:16:00,AWS_001,27.62,1010.7,65.33
2026-01-01 11:17:00,AWS_001,27.5,1010.79,64.63
2026-01-01 11:18:00,AWS_001,27.73,1009.62,60.58
2026-01-01 11:19:00,AWS_001,27.09,1012.55,65.19
2026-01-01 11:20:00,AWS_001,27.35,1011.81,62.75
2026-01-01 11:21:00,AWS_001,27.38,1012.64,64.57
2026-01-01 11:22:00,AWS_001,27.77,1010.89,62.69
2026-01-01 11:23:00,AWS_001,27.05,1011.82,65.44
2026-01-01 11:24:00,AWS_001,27.5,1011.97,60.8
2026-01-01 11:25:00,AWS_001,27.49,1011.35,62.66
2026-01-01 11:26:00,AWS_001,28.02,1010.56,65.66
2026-01-01 11:27:00,AWS_001,26.94,1013.2,58.49
2026-01-01 11:28:00,AWS_001,27.06,1012.92,63.24
2026-01-01 11:29:00,AWS_001,26.92,1011.5,62.59
2026-01-01 11:30:00,AWS_001,26.61,1012.21,64.8
2026-01-01 11:31:00,AWS_001,27.96,1011.42,65.63
2026-01-01 11:32:00,AWS_001,26.74,1011.01,65.0
2026-01-01 11:33:00,AWS_001,26.88,1013.27,64.07
2026-01-01 11:34:00,AWS_001,27.72,1010.48,63.72
2026-01-01 11:35:00,AWS_001,26.47,1011.58,63.01
2026-01-01 11:36:00,AWS_001,27.45,1011.87,64.17
2026-01-01 11:37:00,AWS_001,26.56,1013.13,66.72
2026-01-01 11:38:00,AWS_001,27.6,1012.52,62.19
2026-01-01 11:39:00,AWS_001,26.21,1010.47,63.1
2026-01-01 11:40:00,AWS_001,26.36,1011.81,63.8
2026-01-01 11:41:00,AWS_001,26.82,1011.83,66.01
2026-01-01 11:42:00,AWS_001,27.4,1011.63,64.51
2026-01-01 11:43:00,AWS_001,26.98,1012.3,66.08
2026-01-01 11:44:00,AWS_001,26.84,1010.68,66.23
2026-01-01 11:45:00,AWS_001,27.49,1011.48,65.4
2026-01-01 11:46:00,AWS_001,27.79,1012.19,62.14
2026-01-01 11:47:00,AWS_001,27.18,1012.35,67.64
2026-01-01 11:48:00,AWS_001,26.64,1011.93,67.2
2026-01-01 11:49:00,AWS_001,26.7,1011.58,64.55
2026-01-01 11:50:00,AWS_001,26.33,1011.71,61.71
2026-01-01 11:51:00,AWS_001,26.86,1012.4,61.41
2026-01-01 11:52:00,AWS_001,26.15,1011.84,65.09
2026-01-01 11:53:00,AWS_001,27.0,1010.98,63.23
2026-01-01 11:54:00,AWS_001,27.56,1010.82,61.25
2026-01-01 11:55:00,AWS_001,27.02,1010.62,61.58
2026-01-01 11:56:00,AWS_001,26.52,1012.98,63.85
2026-01-01 11:57:00,AWS_001,26.9,1012.46,65.23
2026-01-01 11:58:00,AWS_001,27.32,1011.73,67.71
2026-01-01 11:59:00,AWS_001,27.27,1011.45,65.92
2026-01-01 12:00:00,AWS_001,26.22,1011.35,64.24
2026-01-01 12:01:00,AWS_001,26.81,1012.69,65.81
2026-01-01 12:02:00,AWS_001,26.52,1013.34,65.69
2026-01-01 12:03:00,AWS_001,26.88,1011.33,66.64
2026-01-01 12:04:00,AWS_001,26.69,1012.72,65.13
2026-01-01 12:05:00,AWS_001,25.57,1011.83,67.33
2026-01-01 12:06:00,AWS_001,26.35,1011.64,66.96
2026-01-01 12:07:00,AWS_001,26.55,1013.01,65.53
2026-01-01 12:08:00,AWS_001,25.88,1011.8,65.18
2026-01-01 12:09:00,AWS_001,26.66,1012.05,67.31
2026-01-01 12:10:00,AWS_001,25.8,1012.01,64.1
2026-01-01 12:11:00,AWS_001,26.06,1010.51,62.56
2026-01-01 12:12:00,AWS_001,26.9,1012.04,62.6
2026-01-01 12:13:00,AWS_001,25.99,1011.36,64.09
2026-01-01 12:14:00,AWS_001,26.55,1010.67,67.05
2026-01-01 12:15:00,AWS_001,25.6,1011.4,64.94
2026-01-01 12:16:00,AWS_001,27.11,1011.39,66.25
2026-01-01 12:17:00,AWS_001,26.13,1012.63,64.9
2026-01-01 12:18:00,AWS_001,26.27,1010.96,64.97
2026-01-01 12:19:00,AWS_001,26.28,1011.18,63.94
2026-01-01 12:20:00,AWS_001,26.43,1012.0,65.86
2026-01-01 12:21:00,AWS_001,25.56,1010.75,65.75
2026-01-01 12:22:00,AWS_001,26.14,1011.28,66.98
2026-01-01 12:23:00,AWS_001,25.86,1010.48,66.78
2026-01-01 12:24:00,AWS_001,25.43,1012.54,65.86
2026-01-01 12:25:00,AWS_001,26.47,1011.56,63.29
2026-01-01 12:26:00,AWS_001,25.92,1011.79,68.5
2026-01-01 12:27:00,AWS_001,26.13,1012.54,66.24
2026-01-01 12:28:00,AWS_001,26.09,1011.23,66.62
2026-01-01 12:29:00,AWS_001,25.86,1011.55,69.72
2026-01-01 12:30:00,AWS_001,26.76,1010.96,68.38
2026-01-01 12:31:00,AWS_001,25.93,1010.96,67.51
2026-01-01 12:32:00,AWS_001,25.3,1011.07,66.67
2026-01-01 12:33:00,AWS_001,25.75,1011.41,66.7
2026-01-01 12:34:00,AWS_001,26.08,1011.49,67.25
2026-01-01 12:35:00,AWS_001,26.08,1012.03,67.64
2026-01-01 12:36:00,AWS_001,25.41,1011.09,70.3
2026-01-01 12:37:00,AWS_001,26.19,1012.05,71.88
2026-01-01 12:38:00,AWS_001,25.09,1012.19,67.56
2026-01-01 12:39:00,AWS_001,26.23,1011.42,62.73
2026-01-01 12:40:00,AWS_001,25.23,1011.15,65.18
2026-01-01 12:41:00,AWS_001,25.64,1011.86,70.76
2026-01-01 12:42:00,AWS_001,26.14,1011.63,68.62
2026-01-01 12:43:00,AWS_001,25.74,1011.97,68.09
2026-01-01 12:44:00,AWS_001,26.0,1013.05,66.96
2026-01-01 12:45:00,AWS_001,25.9,1011.85,64.96
2026-01-01 12:46:00,AWS_001,26.14,1011.28,70.75
2026-01-01 12:47:00,AWS_001,26.03,1011.08,65.8
2026-01-01 12:48:00,AWS_001,25.4,1011.11,68.95
2026-01-01 12:49:00,AWS_001,25.82,1010.62,64.94
2026-01-01 12:50:00,AWS_001,24.93,1012.53,67.17
2026-01-01 12:51:00,AWS_001,25.5,1010.0,69.63
2026-01-01 12:52:00,AWS_001,25.83,1012.18,67.2
2026-01-01 12:53:00,AWS_001,25.53,1011.09,67.01
2026-01-01 12:54:00,AWS_001,25.64,1011.37,67.82
2026-01-01 12:55:00,AWS_001,25.35,1011.06,65.18
2026-01-01 12:56:00,AWS_001,25.87,1012.94,64.85
2026-01-01 12:57:00,AWS_001,25.36,1011.79,69.38
2026-01-01 12:58:00,AWS_001,25.19,1012.41,67.16
2026-01-01 12:59:00,AWS_001,25.71,1012.82,69.47
2026-01-01 13:00:00,AWS_001,24.77,1011.91,70.34
2026-01-01 13:01:00,AWS_001,25.51,1010.82,70.55
2026-01-01 13:02:00,AWS_001,24.87,1011.6,64.96
2026-01-01 13:03:00,AWS_001,25.78,1011.18,66.86
2026-01-01 13:04:00,AWS_001,25.14,1011.37,69.38
2026-01-01 13:05:00,AWS_001,25.28,1011.7,69.46
2026-01-01 13:06:00,AWS_001,25.37,1011.66,72.91
2026-01-01 13:07:00,AWS_001,24.41,1012.1,66.64
2026-01-01 13:08:00,AWS_001,24.9,1012.21,70.84
2026-01-01 13:09:00,AWS_001,25.56,1011.66,69.3
2026-01-01 13:10:00,AWS_001,25.47,1012.09,65.33
2026-01-01 13:11:00,AWS_001,25.21,1011.32,67.56
2026-01-01 13:12:00,AWS_001,24.54,1012.81,69.23
2026-01-01 13:13:00,AWS_001,25.29,1011.31,65.35
2026-01-01 13:14:00,AWS_001,25.32,1012.72,64.66
2026-01-01 13:15:00,AWS_001,25.04,1010.58,65.33
2026-01-01 13:16:00,AWS_001,25.49,1011.45,69.43
2026-01-01 13:17:00,AWS_001,24.7,1011.49,67.99
2026-01-01 13:18:00,AWS_001,24.75,1011.98,67.77
2026-01-01 13:19:00,AWS_001,23.94,1012.44,67.88
2026-01-01 13:20:00,AWS_001,25.28,1010.75,66.26
2026-01-01 13:21:00,AWS_001,25.02,1010.86,68.24
2026-01-01 13:22:00,AWS_001,24.2,1010.63,65.56
2026-01-01 13:23:00,AWS_001,24.15,1012.8,71.63
2026-01-01 13:24:00,AWS_001,24.48,1011.98,72.69
2026-01-01 13:25:00,AWS_001,25.13,1010.88,64.7
2026-01-01 13:26:00,AWS_001,24.67,1011.39,68.46
2026-01-01 13:27:00,AWS_001,24.45,1012.69,68.64
2026-01-01 13:28:00,AWS_001,24.35,1011.52,69.15
2026-01-01 13:29:00,AWS_001,24.31,1011.47,71.55
2026-01-01 13:30:00,AWS_001,23.94,1011.11,68.66
2026-01-01 13:31:00,AWS_001,24.21,1010.91,69.46
2026-01-01 13:32:00,AWS_001,24.24,1012.68,75.65
2026-01-01 13:33:00,AWS_001,24.92,1013.07,69.51
2026-01-01 13:34:00,AWS_001,24.56,1010.94,73.32
2026-01-01 13:35:00,AWS_001,24.28,1012.85,70.84
2026-01-01 13:36:00,AWS_001,25.51,1011.33,68.77
2026-01-01 13:37:00,AWS_001,24.3,1012.15,68.49
2026-01-01 13:38:00,AWS_001,25.02,1012.85,69.96
2026-01-01 13:39:00,AWS_001,25.18,1011.6,67.77
2026-01-01 13:40:00,AWS_001,23.88,1011.45,68.34
2026-01-01 13:41:00,AWS_001,24.52,1012.36,69.27
2026-01-01 13:42:00,AWS_001,24.26,1010.83,70.75
2026-01-01 13:43:00,AWS_001,24.21,1012.63,73.87
2026-01-01 13:44:00,AWS_001,24.65,1011.82,69.29
2026-01-01 13:45:00,AWS_001,24.16,1011.25,71.23
2026-01-01 13:46:00,AWS_001,24.19,1011.22,67.1
2026-01-01 13:47:00,AWS_001,24.31,1010.6,72.52
2026-01-01 13:48:00,AWS_001,24.2,1011.27,67.0
2026-01-01 13:49:00,AWS_001,23.86,1011.49,72.09
2026-01-01 13:50:00,AWS_001,24.63,1010.85,70.38
2026-01-01 13:51:00,AWS_001,24.71,1011.66,70.35
2026-01-01 13:52:00,AWS_001,24.41,1012.07,70.03
2026-01-01 13:53:00,AWS_001,24.11,1011.52,68.08
2026-01-01 13:54:00,AWS_001,23.96,1012.22,68.23
2026-01-01 13:55:00,AWS_001,23.94,1011.04,72.44
2026-01-01 13:56:00,AWS_001,25.14,1012.49,70.84
2026-01-01 13:57:00,AWS_001,24.56,1011.78,70.25
2026-01-01 13:58:00,AWS_001,23.83,1012.92,71.8
2026-01-01 13:59:00,AWS_001,24.21,1013.61,71.16
2026-01-01 14:00:00,AWS_001,23.98,1011.3,69.41
2026-01-01 14:01:00,AWS_001,24.34,1011.33,75.97
2026-01-01 14:02:00,AWS_001,24.3,1011.47,72.57
2026-01-01 14:03:00,AWS_001,24.5,1012.15,71.39
2026-01-01 14:04:00,AWS_001,23.71,1012.73,70.15
2026-01-01 14:05:00,AWS_001,24.07,1011.14,73.13
2026-01-01 14:06:00,AWS_001,23.31,1011.97,69.69
2026-01-01 14:07:00,AWS_001,23.49,1011.55,69.57
2026-01-01 14:08:00,AWS_001,24.33,1012.15,74.75
2026-01-01 14:09:00,AWS_001,23.58,1012.86,71.46
2026-01-01 14:10:00,AWS_001,23.6,1011.46,69.92
2026-01-01 14:11:00,AWS_001,23.92,1010.31,71.5
2026-01-01 14:12:00,AWS_001,24.18,1012.24,73.24
2026-01-01 14:13:00,AWS_001,23.46,1010.98,72.82
2026-01-01 14:14:00,AWS_001,22.47,1011.53,73.57
2026-01-01 14:15:00,AWS_001,23.5,1012.27,69.17
2026-01-01 14:16:00,AWS_001,24.31,1011.87,73.61
2026-01-01 14:17:00,AWS_001,23.95,1011.55,71.4
2026-01-01 14:18:00,AWS_001,24.32,1011.17,71.98
2026-01-01 14:19:00,AWS_001,23.32,1009.31,74.26
2026-01-01 14:20:00,AWS_001,23.1,1012.19,73.29
2026-01-01 14:21:00,AWS_001,23.92,1011.42,72.63
2026-01-01 14:22:00,AWS_001,23.82,1012.83,68.0
2026-01-01 14:23:00,AWS_001,23.82,1011.94,71.92
2026-01-01 14:24:00,AWS_001,24.06,1011.18,70.48
2026-01-01 14:25:00,AWS_001,23.84,1012.47,73.52
2026-01-01 14:26:00,AWS_001,23.81,1012.53,74.12
2026-01-01 14:27:00,AWS_001,23.92,1011.43,71.58
2026-01-01 14:28:00,AWS_001,23.82,1012.56,70.89
2026-01-01 14:29:00,AWS_001,23.94,1011.16,75.38
2026-01-01 14:30:00,AWS_001,23.98,1011.73,71.1
2026-01-01 14:31:00,AWS_001,24.18,1012.05,69.96
2026-01-01 14:32:00,AWS_001,23.29,1012.22,70.72
2026-01-01 14:33:00,AWS_001,23.72,1012.09,71.32
2026-01-01 14:34:00,AWS_001,23.36,1011.32,70.75
2026-01-01 14:35:00,AWS_001,23.16,1012.46,74.2
2026-01-01 14:36:00,AWS_001,23.2,1011.48,68.16
2026-01-01 14:37:00,AWS_001,23.66,1011.12,70.83
2026-01-01 14:38:00,AWS_001,23.61,1011.13,72.54
2026-01-01 14:39:00,AWS_001,23.59,1013.13,73.09
2026-01-01 14:40:00,AWS_001,23.32,1010.98,76.1
2026-01-01 14:41:00,AWS_001,23.39,1012.6,75.84
2026-01-01 14:42:00,AWS_001,23.7,1010.66,69.59
2026-01-01 14:43:00,AWS_001,22.76,1011.95,69.02
2026-01-01 14:44:00,AWS_001,23.35,1011.8,72.92
2026-01-01 14:45:00,AWS_001,23.36,1012.85,71.57
2026-01-01 14:46:00,AWS_001,23.61,1011.03,70.57
2026-01-01 14:47:00,AWS_001,22.75,1010.8,73.02
2026-01-01 14:48:00,AWS_001,23.88,1011.45,73.49
2026-01-01 14:49:00,AWS_001,23.35,1012.87,71.39
2026-01-01 14:50:00,AWS_001,23.35,1010.83,71.86
2026-01-01 14:51:00,AWS_001,23.07,1009.47,71.62
2026-01-01 14:52:00,AWS_001,23.43,1011.58,72.36
2026-01-01 14:53:00,AWS_001,23.22,1012.29,74.31
2026-01-01 14:54:00,AWS_001,23.67,1010.72,71.1
2026-01-01 14:55:00,AWS_001,22.59,1012.2,72.02
2026-01-01 14:56:00,AWS_001,23.22,1010.69,72.54
2026-01-01 14:57:00,AWS_001,23.3,1011.4,73.36
2026-01-01 14:58:00,AWS_001,23.04,1012.12,73.96
2026-01-01 14:59:00,AWS_001,22.94,1010.56,77.53
2026-01-01 15:00:00,AWS_001,22.94,1011.65,74.63
2026-01-01 15:01:00,AWS_001,23.14,1012.48,74.71
2026-01-01 15:02:00,AWS_001,22.33,1011.88,73.03
2026-01-01 15:03:00,AWS_001,23.43,1010.92,71.64
2026-01-01 15:04:00,AWS_001,22.83,1012.71,72.58
2026-01-01 15:05:00,AWS_001,23.06,1012.02,72.25
2026-01-01 15:06:00,AWS_001,23.14,1010.0,74.49
2026-01-01 15:07:00,AWS_001,22.77,1012.17,70.44
2026-01-01 15:08:00,AWS_001,22.91,1011.02,74.96
2026-01-01 15:09:00,AWS_001,22.14,1011.63,73.58
2026-01-01 15:10:00,AWS_001,23.23,1012.28,75.31
2026-01-01 15:11:00,AWS_001,23.35,1011.03,72.43
2026-01-01 15:12:00,AWS_001,22.23,1010.15,72.11
2026-01-01 15:13:00,AWS_001,22.73,1012.67,73.14
2026-01-01 15:14:00,AWS_001,22.39,1012.39,73.13
2026-01-01 15:15:00,AWS_001,22.79,1011.39,75.63
2026-01-01 15:16:00,AWS_001,23.11,1012.13,75.65
2026-01-01 15:17:00,AWS_001,23.23,1011.15,77.9
2026-01-01 15:18:00,AWS_001,23.27,1011.52,73.13
2026-01-01 15:19:00,AWS_001,23.33,1011.33,67.46
2026-01-01 15:20:00,AWS_001,22.7,1011.17,73.37
2026-01-01 15:21:00,AWS_001,22.32,1011.72,74.69
2026-01-01 15:22:00,AWS_001,22.72,1010.46,75.69
2026-01-01 15:23:00,AWS_001,23.0,1011.22,74.9
2026-01-01 15:24:00,AWS_001,22.25,1011.67,73.33
2026-01-01 15:25:00,AWS_001,23.39,1012.89,77.79
2026-01-01 15:26:00,AWS_001,23.07,1010.48,72.32
2026-01-01 15:27:00,AWS_001,22.61,1011.83,73.87
2026-01-01 15:28:00,AWS_001,22.4,1011.91,72.3
2026-01-01 15:29:00,AWS_001,22.4,1009.9,74.53
2026-01-01 15:30:00,AWS_001,22.69,1011.73,77.7
2026-01-01 15:31:00,AWS_001,22.55,1012.1,74.27
2026-01-01 15:32:00,AWS_001,23.01,1011.86,74.31
2026-01-01 15:33:00,AWS_001,22.48,1011.32,71.22
2026-01-01 15:34:00,AWS_001,22.81,1011.65,74.07
2026-01-01 15:35:00,AWS_001,22.58,1011.52,76.98
2026-01-01 15:36:00,AWS_001,22.69,1010.02,74.21
2026-01-01 15:37:00,AWS_001,22.47,1011.53,74.1
2026-01-01 15:38:00,AWS_001,22.84,1011.07,76.98
2026-01-01 15:39:00,AWS_001,22.83,1010.8,74.17
2026-01-01 15:40:00,AWS_001,22.71,1013.35,77.41
2026-01-01 15:41:00,AWS_001,22.76,1012.36,72.29
2026-01-01 15:42:00,AWS_001,22.13,1010.43,76.25
2026-01-01 15:43:00,AWS_001,22.62,1011.62,78.21
2026-01-01 15:44:00,AWS_001,22.98,1012.51,76.96
2026-01-01 15:45:00,AWS_001,22.66,1010.14,71.24
2026-01-01 15:46:00,AWS_001,22.04,1011.4,73.73
2026-01-01 15:47:00,AWS_001,22.42,1011.43,74.55
2026-01-01 15:48:00,AWS_001,22.58,1010.31,77.08
2026-01-01 15:49:00,AWS_001,22.12,1011.63,72.43
2026-01-01 15:50:00,AWS_001,21.86,1012.21,73.08
2026-01-01 15:51:00,AWS_001,22.27,1012.52,71.94
2026-01-01 15:52:00,AWS_001,22.09,1011.11,73.52
2026-01-01 15:53:00,AWS_001,22.37,1013.31,72.7
2026-01-01 15:54:00,AWS_001,21.72,1009.66,78.43
2026-01-01 15:55:00,AWS_001,22.57,1011.58,73.96
2026-01-01 15:56:00,AWS_001,22.08,1010.16,76.67
2026-01-01 15:57:00,AWS_001,22.72,1011.36,75.35
2026-01-01 15:58:00,AWS_001,22.2,1010.87,75.35
2026-01-01 15:59:00,AWS_001,22.29,1011.69,74.18
2026-01-01 16:00:00,AWS_001,22.22,1011.17,76.93
2026-01-01 16:01:00,AWS_001,22.01,1010.61,75.73
2026-01-01 16:02:00,AWS_001,23.26,1010.66,75.64
2026-01-01 16:03:00,AWS_001,22.06,1012.81,74.28
2026-01-01 16:04:00,AWS_001,22.66,1011.61,74.64
2026-01-01 16:05:00,AWS_001,21.8,1009.89,76.7
2026-01-01 16:06:00,AWS_001,22.38,1011.69,76.01
2026-01-01 16:07:00,AWS_001,22.41,1011.09,75.82
2026-01-01 16:08:00,AWS_001,22.2,1011.24,74.09
2026-01-01 16:09:00,AWS_001,21.97,1011.89,79.51
2026-01-01 16:10:00,AWS_001,22.08,1012.18,74.68
2026-01-01 16:11:00,AWS_001,22.02,1010.54,75.61
2026-01-01 16:12:00,AWS_001,23.13,1011.2,75.32
2026-01-01 16:13:00,AWS_001,22.15,1010.78,79.63
2026-01-01 16:14:00,AWS_001,22.36,1011.69,75.16
2026-01-01 16:15:00,AWS_001,22.85,1011.02,75.0
2026-01-01 16:16:00,AWS_001,21.78,1011.23,76.02
2026-01-01 16:17:00,AWS_001,22.14,1010.98,74.42
2026-01-01 16:18:00,AWS_001,22.0,1011.11,76.05
2026-01-01 16:19:00,AWS_001,22.07,1012.55,80.6
2026-01-01 16:20:00,AWS_001,22.02,1013.1,76.48
2026-01-01 16:21:00,AWS_001,21.79,1011.48,76.42
2026-01-01 16:22:00,AWS_001,22.15,1011.1,74.48
2026-01-01 16:23:00,AWS_001,21.64,1009.89,79.36
2026-01-01 16:24:00,AWS_001,22.45,1010.56,79.84
2026-01-01 16:25:00,AWS_001,22.3,1011.06,77.69
2026-01-01 16:26:00,AWS_001,21.84,1010.58,77.31
2026-01-01 16:27:00,AWS_001,21.85,1010.66,75.56
2026-01-01 16:28:00,AWS_001,22.13,1012.41,76.83
2026-01-01 16:29:00,AWS_001,21.69,1011.17,74.4
2026-01-01 16:30:00,AWS_001,22.73,1011.23,73.83
2026-01-01 16:31:00,AWS_001,22.14,1010.59,73.13
2026-01-01 16:32:00,AWS_001,22.15,1012.07,76.95
2026-01-01 16:33:00,AWS_001,22.25,1010.95,73.39
2026-01-01 16:34:00,AWS_001,21.74,1010.7,75.17
2026-01-01 16:35:00,AWS_001,22.4,1009.85,76.06
2026-01-01 16:36:00,AWS_001,22.0,1011.06,78.19
2026-01-01 16:37:00,AWS_001,22.33,1010.66,75.07
2026-01-01 16:38:00,AWS_001,21.86,1012.45,78.47
2026-01-01 16:39:00,AWS_001,22.46,1012.57,78.14
2026-01-01 16:40:00,AWS_001,22.09,1010.1,74.13
2026-01-01 16:41:00,AWS_001,22.79,1010.19,78.54
2026-01-01 16:42:00,AWS_001,21.76,1010.86,75.74
2026-01-01 16:43:00,AWS_001,21.98,1010.42,75.33
2026-01-01 16:44:00,AWS_001,21.48,1011.24,75.79
2026-01-01 16:45:00,AWS_001,21.68,1010.8,76.36
2026-01-01 16:46:00,AWS_001,22.13,1011.28,75.55
2026-01-01 16:47:00,AWS_001,22.33,1011.87,74.72
2026-01-01 16:48:00,AWS_001,23.05,1010.2,74.91
2026-01-01 16:49:00,AWS_001,21.82,1011.84,76.71
2026-01-01 16:50:00,AWS_001,21.48,1010.45,76.12
2026-01-01 16:51:00,AWS_001,22.15,1012.75,77.51
2026-01-01 16:52:00,AWS_001,21.39,1012.32,76.58
2026-01-01 16:53:00,AWS_001,22.06,1010.93,76.64
2026-01-01 16:54:00,AWS_001,21.63,1010.25,77.69
2026-01-01 16:55:00,AWS_001,21.91,1010.09,79.36
2026-01-01 16:56:00,AWS_001,22.25,1011.71,79.45
2026-01-01 16:57:00,AWS_001,21.77,1010.98,79.23
2026-01-01 16:58:00,AWS_001,22.18,1011.74,78.3
2026-01-01 16:59:00,AWS_001,22.15,1012.75,80.75
2026-01-01 17:00:00,AWS_001,21.05,1010.37,77.47
2026-01-01 17:01:00,AWS_001,21.43,1010.0,77.26
2026-01-01 17:02:00,AWS_001,21.16,1011.13,81.11
2026-01-01 17:03:00,AWS_001,22.58,1011.89,71.18
2026-01-01 17:04:00,AWS_001,21.73,1010.21,76.22
2026-01-01 17:05:00,AWS_001,22.48,1010.99,79.16
2026-01-01 17:06:00,AWS_001,21.11,1012.05,78.63
2026-01-01 17:07:00,AWS_001,21.53,1009.64,81.81
2026-01-01 17:08:00,AWS_001,22.07,1011.13,76.91
2026-01-01 17:09:00,AWS_001,21.82,1010.5,75.84
2026-01-01 17:10:00,AWS_001,21.96,1011.03,76.05
2026-01-01 17:11:00,AWS_001,21.24,1011.49,77.36
2026-01-01 17:12:00,AWS_001,22.28,1011.1,79.98
2026-01-01 17:13:00,AWS_001,22.04,1010.11,80.02
2026-01-01 17:14:00,AWS_001,21.88,1010.51,76.65
2026-01-01 17:15:00,AWS_001,21.45,1012.05,77.28
2026-01-01 17:16:00,AWS_001,21.85,1011.16,75.56
2026-01-01 17:17:00,AWS_001,21.59,1011.57,75.77
2026-01-01 17:18:00,AWS_001,21.05,1011.09,78.89
2026-01-01 17:19:00,AWS_001,21.68,1011.53,80.01
2026-01-01 17:20:00,AWS_001,21.64,1010.56,75.42
2026-01-01 17:21:00,AWS_001,22.12,1010.26,77.31
2026-01-01 17:22:00,AWS_001,20.8,1011.48,76.35
2026-01-01 17:23:00,AWS_001,21.78,1011.76,78.57
2026-01-01 17:24:00,AWS_001,21.22,1010.12,76.08
2026-01-01 17:25:00,AWS_001,21.81,1010.39,73.01
2026-01-01 17:26:00,AWS_001,21.83,1010.71,78.88
2026-01-01 17:27:00,AWS_001,21.64,1012.13,76.27
2026-01-01 17:28:00,AWS_001,22.0,1011.28,76.48
2026-01-01 17:29:00,AWS_001,21.17,1009.77,77.76
2026-01-01 17:30:00,AWS_001,22.11,1010.74,77.6
2026-01-01 17:31:00,AWS_001,21.38,1010.62,77.82
2026-01-01 17:32:00,AWS_001,21.04,1009.87,73.65
2026-01-01 17:33:00,AWS_001,21.55,1010.72,78.03
2026-01-01 17:34:00,AWS_001,20.82,1010.56,73.1
2026-01-01 17:35:00,AWS_001,21.76,1010.5,78.47
2026-01-01 17:36:00,AWS_001,21.55,1010.46,79.17
2026-01-01 17:37:00,AWS_001,22.14,1011.96,74.2
2026-01-01 17:38:00,AWS_001,21.91,1010.48,77.6
2026-01-01 17:39:00,AWS_001,21.09,1010.81,79.06
2026-01-01 17:40:00,AWS_001,21.31,1010.71,76.06
2026-01-01 17:41:00,AWS_001,21.85,1010.35,78.31
2026-01-01 17:42:00,AWS_001,21.98,1010.81,71.39
2026-01-01 17:43:00,AWS_001,22.13,1010.8,79.16
2026-01-01 17:44:00,AWS_001,22.12,1010.8,77.03
2026-01-01 17:45:00,AWS_001,21.6,1010.04,76.46
2026-01-01 17:46:00,AWS_001,21.78,1010.56,78.95
2026-01-01 17:47:00,AWS_001,22.15,1011.33,80.44
2026-01-01 17:48:00,AWS_001,21.51,1010.57,77.95
2026-01-01 17:49:00,AWS_001,21.78,1010.84,80.2
2026-01-01 17:50:00,AWS_001,21.5,1010.83,73.88
2026-01-01 17:51:00,AWS_001,21.41,1011.03,78.32
2026-01-01 17:52:00,AWS_001,21.65,1011.14,76.73
2026-01-01 17:53:00,AWS_001,21.35,1010.54,75.42
2026-01-01 17:54:00,AWS_001,21.57,1009.95,73.14
2026-01-01 17:55:00,AWS_001,21.21,1009.7,78.22
2026-01-01 17:56:00,AWS_001,21.55,1011.48,78.75
2026-01-01 17:57:00,AWS_001,21.8,1011.27,79.68
2026-01-01 17:58:00,AWS_001,21.39,1011.17,79.35
2026-01-01 17:59:00,AWS_001,21.63,1011.3,75.46
2026-01-01 18:00:00,AWS_001,21.68,1010.51,79.58
2026-01-01 18:01:00,AWS_001,21.8,1010.13,79.79
2026-01-01 18:02:00,AWS_001,21.57,1009.84,76.48
2026-01-01 18:03:00,AWS_001,22.06,1009.75,77.06
2026-01-01 18:04:00,AWS_001,20.78,1011.59,75.13
2026-01-01 18:05:00,AWS_001,22.8,1010.21,79.96
2026-01-01 18:06:00,AWS_001,21.28,1011.45,73.97
2026-01-01 18:07:00,AWS_001,21.79,1010.45,78.06
2026-01-01 18:08:00,AWS_001,21.25,1010.05,75.8
2026-01-01 18:09:00,AWS_001,21.89,1009.71,74.78
2026-01-01 18:10:00,AWS_001,21.74,1010.11,73.24
2026-01-01 18:11:00,AWS_001,21.37,1011.71,76.56
2026-01-01 18:12:00,AWS_001,22.06,1009.7,74.45
2026-01-01 18:13:00,AWS_001,21.57,1012.25,77.09
2026-01-01 18:14:00,AWS_001,21.85,1009.88,80.52
2026-01-01 18:15:00,AWS_001,21.27,1011.15,77.37
2026-01-01 18:16:00,AWS_001,21.62,1010.42,80.97
2026-01-01 18:17:00,AWS_001,22.44,1010.28,75.0
2026-01-01 18:18:00,AWS_001,22.02,1009.51,74.4
2026-01-01 18:19:00,AWS_001,21.76,1010.44,74.9
2026-01-01 18:20:00,AWS_001,21.46,1009.59,76.82
2026-01-01 18:21:00,AWS_001,21.67,1009.16,82.4
2026-01-01 18:22:00,AWS_001,21.73,1010.6,73.62
2026-01-01 18:23:00,AWS_001,21.83,1009.99,78.18
2026-01-01 18:24:00,AWS_001,21.22,1011.84,75.53
2026-01-01 18:25:00,AWS_001,21.92,1011.28,76.48
2026-01-01 18:26:00,AWS_001,21.22,1011.83,74.41
2026-01-01 18:27:00,AWS_001,22.31,1009.92,78.68
2026-01-01 18:28:00,AWS_001,21.35,1010.57,76.82
2026-01-01 18:29:00,AWS_001,21.78,1008.36,79.08
2026-01-01 18:30:00,AWS_001,22.07,1010.22,77.25
2026-01-01 18:31:00,AWS_001,21.57,1010.52,73.03
2026-01-01 18:32:00,AWS_001,21.81,1010.56,79.08
2026-01-01 18:33:00,AWS_001,22.25,1010.4,72.85
2026-01-01 18:34:00,AWS_001,21.9,1010.48,73.13
2026-01-01 18:35:00,AWS_001,21.82,1008.25,75.03
2026-01-01 18:36:00,AWS_001,21.01,1010.61,75.04
2026-01-01 18:37:00,AWS_001,21.32,1010.79,79.64
2026-01-01 18:38:00,AWS_001,22.11,1011.47,76.49
2026-01-01 18:39:00,AWS_001,21.92,1010.68,79.32
2026-01-01 18:40:00,AWS_001,21.99,1010.28,75.68
2026-01-01 18:41:00,AWS_001,21.96,1011.26,77.44
2026-01-01 18:42:00,AWS_001,22.22,1008.48,77.75
2026-01-01 18:43:00,AWS_001,21.61,1009.95,78.18
2026-01-01 18:44:00,AWS_001,21.76,1009.74,75.85
2026-01-01 18:45:00,AWS_001,21.31,1010.32,76.01
2026-01-01 18:46:00,AWS_001,21.21,1008.58,76.16
2026-01-01 18:47:00,AWS_001,21.07,1011.39,73.44
2026-01-01 18:48:00,AWS_001,21.38,1010.13,76.57
2026-01-01 18:49:00,AWS_001,22.36,1010.58,75.96
2026-01-01 18:50:00,AWS_001,21.12,1010.49,77.88
2026-01-01 18:51:00,AWS_001,21.63,1011.32,76.89
2026-01-01 18:52:00,AWS_001,21.23,1008.81,79.37
2026-01-01 18:53:00,AWS_001,21.52,1010.38,76.82
2026-01-01 18:54:00,AWS_001,21.83,1011.21,75.54
2026-01-01 18:55:00,AWS_001,21.49,1010.2,76.77
2026-01-01 18:56:00,AWS_001,22.21,1009.51,78.09
2026-01-01 18:57:00,AWS_001,22.39,1009.78,73.08
2026-01-01 18:58:00,AWS_001,20.88,1009.95,75.19
2026-01-01 18:59:00,AWS_001,21.52,1009.68,75.22
2026-01-01 19:00:00,AWS_001,21.82,1010.12,77.41
2026-01-01 19:01:00,AWS_001,22.25,1011.45,77.63
2026-01-01 19:02:00,AWS_001,21.62,1009.76,76.77
2026-01-01 19:03:00,AWS_001,21.8,1009.84,71.59
2026-01-01 19:04:00,AWS_001,21.35,1010.59,73.23
2026-01-01 19:05:00,AWS_001,21.21,1010.07,76.04
2026-01-01 19:06:00,AWS_001,22.41,1009.14,75.5
2026-01-01 19:07:00,AWS_001,21.11,1010.15,76.5
2026-01-01 19:08:00,AWS_001,22.77,1010.11,75.54
2026-01-01 19:09:00,AWS_001,22.14,1010.96,79.52
2026-01-01 19:10:00,AWS_001,22.13,1009.4,71.86
2026-01-01 19:11:00,AWS_001,22.09,1010.96,77.03
2026-01-01 19:12:00,AWS_001,21.77,1010.08,78.07
2026-01-01 19:13:00,AWS_001,22.03,1009.27,77.8
2026-01-01 19:14:00,AWS_001,21.81,1009.1,77.95
2026-01-01 19:15:00,AWS_001,22.11,1011.69,78.23
2026-01-01 19:16:00,AWS_001,21.88,1010.01,75.14
2026-01-01 19:17:00,AWS_001,21.52,1010.88,74.13
2026-01-01 19:18:00,AWS_001,21.56,1008.75,72.24
2026-01-01 19:19:00,AWS_001,21.52,1012.22,75.57
2026-01-01 19:20:00,AWS_001,22.31,1010.82,74.72
2026-01-01 19:21:00,AWS_001,21.69,1009.89,78.58
2026-01-01 19:22:00,AWS_001,21.18,1009.85,75.66
2026-01-01 19:23:00,AWS_001,22.11,1010.67,74.16
2026-01-01 19:24:00,AWS_001,22.56,1010.62,73.83
2026-01-01 19:25:00,AWS_001,22.27,1010.22,80.16
2026-01-01 19:26:00,AWS_001,21.73,1010.07,76.12
2026-01-01 19:27:00,AWS_001,21.34,1010.5,74.58
2026-01-01 19:28:00,AWS_001,21.93,1008.66,76.37
2026-01-01 19:29:00,AWS_001,21.93,1009.74,79.9
2026-01-01 19:30:00,AWS_001,21.62,1008.72,75.31
2026-01-01 19:31:00,AWS_001,22.23,1010.51,77.44
2026-01-01 19:32:00,AWS_001,22.76,1009.48,78.42
2026-01-01 19:33:00,AWS_001,22.12,1008.76,72.24
2026-01-01 19:34:00,AWS_001,22.1,1009.37,74.73
2026-01-01 19:35:00,AWS_001,21.67,1010.12,78.11
2026-01-01 19:36:00,AWS_001,22.61,1009.83,74.56
2026-01-01 19:37:00,AWS_001,22.03,1009.04,76.77
2026-01-01 19:38:00,AWS_001,21.84,1008.61,74.4
2026-01-01 19:39:00,AWS_001,22.11,1010.03,75.01
2026-01-01 19:40:00,AWS_001,22.28,1009.5,74.74
2026-01-01 19:41:00,AWS_001,22.16,1009.75,77.13
2026-01-01 19:42:00,AWS_001,22.59,1009.82,76.23
2026-01-01 19:43:00,AWS_001,22.27,1010.28,76.01
2026-01-01 19:44:00,AWS_001,22.02,1010.61,80.8
2026-01-01 19:45:00,AWS_001,22.3,1010.04,79.24
2026-01-01 19:46:00,AWS_001,22.35,1009.66,71.78
2026-01-01 19:47:00,AWS_001,21.64,1009.93,74.83
2026-01-01 19:48:00,AWS_001,22.63,1009.63,80.55
2026-01-01 19:49:00,AWS_001,22.06,1008.58,74.52
2026-01-01 19:50:00,AWS_001,22.08,1010.76,79.82
2026-01-01 19:51:00,AWS_001,22.5,1010.6,74.77
2026-01-01 19:52:00,AWS_001,22.51,1011.46,75.13
2026-01-01 19:53:00,AWS_001,21.94,1011.69,77.3
2026-01-01 19:54:00,AWS_001,22.55,1008.92,75.37
2026-01-01 19:55:00,AWS_001,22.02,1009.58,76.51
2026-01-01 19:56:00,AWS_001,22.98,1011.85,78.65
2026-01-01 19:57:00,AWS_001,21.93,1009.8,76.99
2026-01-01 19:58:00,AWS_001,22.37,1010.02,75.73
2026-01-01 19:59:00,AWS_001,21.97,1008.6,78.77
2026-01-01 20:00:00,AWS_001,23.18,1009.93,77.15
2026-01-01 20:01:00,AWS_001,21.81,1011.35,73.9
2026-01-01 20:02:00,AWS_001,22.53,1010.83,79.3
2026-01-01 20:03:00,AWS_001,22.03,1009.3,76.6
2026-01-01 20:04:00,AWS_001,22.2,1009.46,74.86
2026-01-01 20:05:00,AWS_001,22.53,1008.87,71.22
2026-01-01 20:06:00,AWS_001,22.85,1009.09,72.48
2026-01-01 20:07:00,AWS_001,23.02,1008.23,78.6
2026-01-01 20:08:00,AWS_001,21.77,1009.68,78.66
2026-01-01 20:09:00,AWS_001,22.5,1010.95,75.32
2026-01-01 20:10:00,AWS_001,22.99,1010.02,71.58
2026-01-01 20:11:00,AWS_001,21.74,1010.82,72.92
2026-01-01 20:12:00,AWS_001,22.56,1010.58,71.82
2026-01-01 20:13:00,AWS_001,22.44,1009.28,71.72
2026-01-01 20:14:00,AWS_001,22.62,1009.1,79.06
2026-01-01 20:15:00,AWS_001,22.16,1009.12,79.1
2026-01-01 20:16:00,AWS_001,21.9,1008.32,72.71
2026-01-01 20:17:00,AWS_001,21.73,1009.71,74.9
2026-01-01 20:18:00,AWS_001,22.89,1007.35,72.32
2026-01-01 20:19:00,AWS_001,22.96,1010.14,74.83
2026-01-01 20:20:00,AWS_001,22.65,1009.72,78.11
2026-01-01 20:21:00,AWS_001,22.33,1010.03,76.96
2026-01-01 20:22:00,AWS_001,21.9,1010.49,76.39
2026-01-01 20:23:00,AWS_001,22.79,1009.79,74.35
2026-01-01 20:24:00,AWS_001,22.14,1010.93,77.23
2026-01-01 20:25:00,AWS_001,22.31,1010.12,75.97
2026-01-01 20:26:00,AWS_001,22.37,1009.01,75.45
2026-01-01 20:27:00,AWS_001,22.54,1009.41,74.38
2026-01-01 20:28:00,AWS_001,22.33,1007.79,75.22
2026-01-01 20:29:00,AWS_001,22.66,1008.87,75.13
2026-01-01 20:30:00,AWS_001,22.41,1009.28,73.44
2026-01-01 20:31:00,AWS_001,22.95,1010.01,72.94
2026-01-01 20:32:00,AWS_001,23.1,1008.97,72.46
2026-01-01 20:33:00,AWS_001,22.74,1008.56,72.56
2026-01-01 20:34:00,AWS_001,22.9,1008.04,74.02
2026-01-01 20:35:00,AWS_001,23.57,1009.06,73.65
2026-01-01 20:36:00,AWS_001,22.27,1011.09,73.08
2026-01-01 20:37:00,AWS_001,22.26,1009.74,72.9
2026-01-01 20:38:00,AWS_001,23.04,1010.27,74.84
2026-01-01 20:39:00,AWS_001,23.56,1008.79,76.98
2026-01-01 20:40:00,AWS_001,22.69,1008.24,74.17
2026-01-01 20:41:00,AWS_001,23.5,1008.52,74.01
2026-01-01 20:42:00,AWS_001,22.86,1009.41,72.26
2026-01-01 20:43:00,AWS_001,22.56,1007.88,73.64
2026-01-01 20:44:00,AWS_001,22.45,1008.67,76.44
2026-01-01 20:45:00,AWS_001,23.12,1008.99,76.1
2026-01-01 20:46:00,AWS_001,22.51,1008.4,75.92
2026-01-01 20:47:00,AWS_001,22.93,1007.75,75.82
2026-01-01 20:48:00,AWS_001,23.54,1009.67,74.79
2026-01-01 20:49:00,AWS_001,22.8,1009.47,74.69
2026-01-01 20:50:00,AWS_001,23.46,1010.05,74.34
2026-01-01 20:51:00,AWS_001,22.47,1008.53,72.98
2026-01-01 20:52:00,AWS_001,22.75,1010.01,73.94
2026-01-01 20:53:00,AWS_001,22.42,1010.62,74.17
2026-01-01 20:54:00,AWS_001,23.03,1009.6,74.97
2026-01-01 20:55:00,AWS_001,23.32,1008.89,73.87
2026-01-01 20:56:00,AWS_001,23.06,1009.49,77.84
2026-01-01 20:57:00,AWS_001,23.53,1008.84,71.18
2026-01-01 20:58:00,AWS_001,22.76,1008.7,75.07
2026-01-01 20:59:00,AWS_001,23.16,1009.9,73.44
2026-01-01 21:00:00,AWS_001,22.88,1009.23,73.49
2026-01-01 21:01:00,AWS_001,23.25,1010.3,71.82
2026-01-01 21:02:00,AWS_001,23.32,1008.97,75.45
2026-01-01 21:03:00,AWS_001,23.37,1009.05,74.68
2026-01-01 21:04:00,AWS_001,22.72,1008.86,75.0
2026-01-01 21:05:00,AWS_001,22.81,1008.41,73.64
2026-01-01 21:06:00,AWS_001,22.9,1009.95,72.61
2026-01-01 21:07:00,AWS_001,23.1,1011.03,73.09
2026-01-01 21:08:00,AWS_001,23.25,1008.97,74.05
2026-01-01 21:09:00,AWS_001,23.51,1008.73,69.13
2026-01-01 21:10:00,AWS_001,22.91,1008.67,74.85
2026-01-01 21:11:00,AWS_001,22.62,1008.71,77.92
2026-01-01 21:12:00,AWS_001,24.14,1010.57,73.99
2026-01-01 21:13:00,AWS_001,22.84,1008.66,72.43
2026-01-01 21:14:00,AWS_001,23.65,1008.76,72.63
2026-01-01 21:15:00,AWS_001,23.34,1008.23,74.33
2026-01-01 21:16:00,AWS_001,23.44,1009.45,72.36
2026-01-01 21:17:00,AWS_001,23.36,1009.15,74.57
2026-01-01 21:18:00,AWS_001,23.22,1008.29,72.45
2026-01-01 21:19:00,AWS_001,23.58,1008.47,76.18
2026-01-01 21:20:00,AWS_001,23.23,1010.41,76.09
2026-01-01 21:21:00,AWS_001,23.89,1009.2,72.01
2026-01-01 21:22:00,AWS_001,23.67,1009.24,72.47
2026-01-01 21:23:00,AWS_001,23.7,1009.24,72.55
2026-01-01 21:24:00,AWS_001,23.27,1010.26,72.53
2026-01-01 21:25:00,AWS_001,23.4,1008.3,70.62
2026-01-01 21:26:00,AWS_001,23.04,1008.81,70.3
2026-01-01 21:27:00,AWS_001,23.39,1008.99,74.93
2026-01-01 21:28:00,AWS_001,23.13,1007.74,74.57
2026-01-01 21:29:00,AWS_001,24.09,1008.37,74.49
2026-01-01 21:30:00,AWS_001,23.6,1009.93,72.17
2026-01-01 21:31:00,AWS_001,23.67,1009.7,76.05
2026-01-01 21:32:00,AWS_001,23.52,1009.83,72.18
2026-01-01 21:33:00,AWS_001,23.71,1008.6,73.91
2026-01-01 21:34:00,AWS_001,24.64,1008.69,69.36
2026-01-01 21:35:00,AWS_001,23.55,1007.63,71.64
2026-01-01 21:36:00,AWS_001,23.42,1009.79,71.74
2026-01-01 21:37:00,AWS_001,23.91,1009.92,71.88
2026-01-01 21:38:00,AWS_001,22.71,1009.9,69.32
2026-01-01 21:39:00,AWS_001,23.76,1010.31,73.33
2026-01-01 21:40:00,AWS_001,23.61,1009.35,73.94
2026-01-01 21:41:00,AWS_001,23.38,1010.25,70.35
2026-01-01 21:42:00,AWS_001,23.99,1008.84,69.5
2026-01-01 21:43:00,AWS_001,23.83,1007.58,70.22
2026-01-01 21:44:00,AWS_001,23.11,1009.67,72.7
2026-01-01 21:45:00,AWS_001,23.59,1007.53,70.47
2026-01-01 21:46:00,AWS_001,22.71,1009.1,71.36
2026-01-01 21:47:00,AWS_001,24.0,1009.72,69.43
2026-01-01 21:48:00,AWS_001,24.01,1009.21,75.49
2026-01-01 21:49:00,AWS_001,23.6,1010.76,71.64
2026-01-01 21:50:00,AWS_001,24.15,1007.36,73.75
2026-01-01 21:51:00,AWS_001,23.44,1008.86,72.39
2026-01-01 21:52:00,AWS_001,23.59,1008.93,71.28
2026-01-01 21:53:00,AWS_001,24.16,1007.83,71.13
2026-01-01 21:54:00,AWS_001,23.74,1007.97,69.82
2026-01-01 21:55:00,AWS_001,24.0,1008.21,70.32
2026-01-01 21:56:00,AWS_001,23.82,1008.0,69.16
2026-01-01 21:57:00,AWS_001,23.9,1008.79,68.9
2026-01-01 21:58:00,AWS_001,23.94,1008.38,75.26
2026-01-01 21:59:00,AWS_001,23.82,1009.11,71.6
2026-01-01 22:00:00,AWS_001,24.24,1009.37,73.93
2026-01-01 22:01:00,AWS_001,23.89,1009.3,69.37
2026-01-01 22:02:00,AWS_001,24.17,1008.5,68.41
2026-01-01 22:03:00,AWS_001,23.89,1009.05,68.91
2026-01-01 22:04:00,AWS_001,23.59,1009.64,69.97
2026-01-01 22:05:00,AWS_001,24.58,1009.16,70.84
2026-01-01 22:06:00,AWS_001,24.44,1010.28,70.42
2026-01-01 22:07:00,AWS_001,25.17,1009.57,69.13
2026-01-01 22:08:00,AWS_001,23.86,1010.15,70.81
2026-01-01 22:09:00,AWS_001,24.21,1006.78,70.94
2026-01-01 22:10:00,AWS_001,24.26,1008.84,71.95
2026-01-01 22:11:00,AWS_001,24.73,1008.49,73.44
2026-01-01 22:12:00,AWS_001,24.15,1008.65,69.72
2026-01-01 22:13:00,AWS_001,23.9,1008.09,72.83
2026-01-01 22:14:00,AWS_001,24.88,1009.05,70.49
2026-01-01 22:15:00,AWS_001,24.29,1007.27,67.25
2026-01-01 22:16:00,AWS_001,24.78,1009.03,73.83
2026-01-01 22:17:00,AWS_001,24.76,1008.09,74.76
2026-01-01 22:18:00,AWS_001,24.46,1008.29,71.4
2026-01-01 22:19:00,AWS_001,24.42,1009.04,70.3
2026-01-01 22:20:00,AWS_001,24.35,1008.74,69.53
2026-01-01 22:21:00,AWS_001,24.52,1009.51,69.1
2026-01-01 22:22:00,AWS_001,24.9,1007.88,72.4
2026-01-01 22:23:00,AWS_001,24.25,1008.59,69.89
2026-01-01 22:24:00,AWS_001,24.63,1009.35,73.23
2026-01-01 22:25:00,AWS_001,24.16,1008.92,69.9
2026-01-01 22:26:00,AWS_001,24.23,1008.97,68.96
2026-01-01 22:27:00,AWS_001,24.64,1009.5,68.53
2026-01-01 22:28:00,AWS_001,23.89,1008.28,68.2
2026-01-01 22:29:00,AWS_001,25.51,1008.11,70.67
2026-01-01 22:30:00,AWS_001,24.23,1009.05,67.0
2026-01-01 22:31:00,AWS_001,24.71,1008.46,67.91
2026-01-01 22:32:00,AWS_001,25.22,1009.47,72.14
2026-01-01 22:33:00,AWS_001,24.43,1008.86,67.54
2026-01-01 22:34:00,AWS_001,23.87,1008.06,71.12
2026-01-01 22:35:00,AWS_001,24.63,1008.82,65.22
2026-01-01 22:36:00,AWS_001,24.48,1007.82,72.2
2026-01-01 22:37:00,AWS_001,23.94,1009.29,66.71
2026-01-01 22:38:00,AWS_001,24.99,1007.41,67.45
2026-01-01 22:39:00,AWS_001,24.98,1009.49,70.51
2026-01-01 22:40:00,AWS_001,25.37,1008.76,69.65
2026-01-01 22:41:00,AWS_001,24.49,1008.37,70.84
2026-01-01 22:42:00,AWS_001,24.31,1009.1,66.45
2026-01-01 22:43:00,AWS_001,24.81,1008.89,68.38
2026-01-01 22:44:00,AWS_001,24.96,1009.54,67.67
2026-01-01 22:45:00,AWS_001,25.38,1009.52,66.64
2026-01-01 22:46:00,AWS_001,25.6,1008.74,70.0
2026-01-01 22:47:00,AWS_001,25.54,1007.75,70.64
2026-01-01 22:48:00,AWS_001,25.19,1008.0,68.03
2026-01-01 22:49:00,AWS_001,25.42,1008.37,71.7
2026-01-01 22:50:00,AWS_001,24.86,1009.29,67.04
2026-01-01 22:51:00,AWS_001,25.21,1008.05,71.56
2026-01-01 22:52:00,AWS_001,24.69,1008.1,69.63
2026-01-01 22:53:00,AWS_001,25.21,1009.87,66.01
2026-01-01 22:54:00,AWS_001,25.24,1008.3,72.37
2026-01-01 22:55:00,AWS_001,25.91,1007.87,67.47
2026-01-01 22:56:00,AWS_001,25.15,1008.99,70.72
2026-01-01 22:57:00,AWS_001,25.3,1008.31,68.55
2026-01-01 22:58:00,AWS_001,25.38,1007.24,68.96
2026-01-01 22:59:00,AWS_001,25.13,1009.18,69.96
2026-01-01 23:00:00,AWS_001,25.01,1007.74,69.8
2026-01-01 23:01:00,AWS_001,25.87,1008.36,67.37
2026-01-01 23:02:00,AWS_001,24.98,1008.26,69.07
2026-01-01 23:03:00,AWS_001,24.86,1008.49,68.87
2026-01-01 23:04:00,AWS_001,25.69,1006.55,68.33
2026-01-01 23:05:00,AWS_001,25.9,1008.02,67.45
2026-01-01 23:06:00,AWS_001,25.28,1009.18,68.22
2026-01-01 23:07:00,AWS_001,25.3,1009.29,71.69
2026-01-01 23:08:00,AWS_001,25.61,1007.47,67.11
2026-01-01 23:09:00,AWS_001,25.24,1008.99,70.06
2026-01-01 23:10:00,AWS_001,25.23,1007.64,66.36
2026-01-01 23:11:00,AWS_001,25.91,1007.94,65.78
2026-01-01 23:12:00,AWS_001,25.83,1007.97,74.05
2026-01-01 23:13:00,AWS_001,26.13,1008.31,68.52
2026-01-01 23:14:00,AWS_001,25.13,1009.01,68.53
2026-01-01 23:15:00,AWS_001,25.45,1008.42,68.53
2026-01-01 23:16:00,AWS_001,25.78,1008.09,70.1
2026-01-01 23:17:00,AWS_001,25.32,1008.96,68.05
2026-01-01 23:18:00,AWS_001,25.97,1007.54,68.82
2026-01-01 23:19:00,AWS_001,26.22,1008.11,65.02
2026-01-01 23:20:00,AWS_001,25.52,1008.96,69.05
2026-01-01 23:21:00,AWS_001,25.79,1008.58,66.56
2026-01-01 23:22:00,AWS_001,26.38,1007.77,68.32
2026-01-01 23:23:00,AWS_001,26.54,1006.92,63.5
2026-01-01 23:24:00,AWS_001,26.14,1008.37,68.14
2026-01-01 23:25:00,AWS_001,26.1,1006.85,62.34
2026-01-01 23:26:00,AWS_001,25.54,1007.94,66.22
2026-01-01 23:27:00,AWS_001,26.05,1009.04,63.31
2026-01-01 23:28:00,AWS_001,26.15,1008.57,67.94
2026-01-01 23:29:00,AWS_001,25.87,1006.46,66.76
2026-01-01 23:30:00,AWS_001,25.73,1008.23,65.02
2026-01-01 23:31:00,AWS_001,25.48,1007.81,69.38
2026-01-01 23:32:00,AWS_001,25.32,1007.04,64.67
2026-01-01 23:33:00,AWS_001,25.26,1008.32,60.35
2026-01-01 23:34:00,AWS_001,26.29,1007.65,67.39
2026-01-01 23:35:00,AWS_001,26.14,1007.64,62.77
2026-01-01 23:36:00,AWS_001,25.91,1008.12,64.52
2026-01-01 23:37:00,AWS_001,25.99,1007.51,65.17
2026-01-01 23:38:00,AWS_001,26.23,1008.08,63.3
2026-01-01 23:39:00,AWS_001,26.1,1007.52,65.11
2026-01-01 23:40:00,AWS_001,25.65,1007.56,63.24
2026-01-01 23:41:00,AWS_001,26.57,1008.77,66.32
2026-01-01 23:42:00,AWS_001,26.35,1008.84,63.48
2026-01-01 23:43:00,AWS_001,26.36,1006.59,65.95
2026-01-01 23:44:00,AWS_001,26.61,1008.55,68.16
2026-01-01 23:45:00,AWS_001,25.97,1009.06,67.35
2026-01-01 23:46:00,AWS_001,26.8,1009.18,65.57
2026-01-01 23:47:00,AWS_001,26.28,1008.34,63.7
2026-01-01 23:48:00,AWS_001,26.72,1007.07,65.95
2026-01-01 23:49:00,AWS_001,26.68,1008.41,64.18
2026-01-01 23:50:00,AWS_001,25.99,1007.2,65.93
2026-01-01 23:51:00,AWS_001,26.63,1007.62,62.04
2026-01-01 23:52:00,AWS_001,26.58,1008.19,67.03
2026-01-01 23:53:00,AWS_001,26.48,1007.23,65.43
2026-01-01 23:54:00,AWS_001,26.45,1006.95,69.73
2026-01-01 23:55:00,AWS_001,26.48,1008.23,67.87
2026-01-01 23:56:00,AWS_001,26.86,1009.34,66.34
2026-01-01 23:57:00,AWS_001,26.79,1008.83,64.91
2026-01-01 23:58:00,AWS_001,26.59,1008.4,63.65
2026-01-01 23:59:00,AWS_001,26.01,1008.6,66.94
2026-01-02 00:00:00,AWS_001,26.82,1008.32,64.54
2026-01-02 00:01:00,AWS_001,26.93,1008.16,67.28
2026-01-02 00:02:00,AWS_001,27.59,1008.51,65.7
2026-01-02 00:03:00,AWS_001,27.12,1006.69,65.66
2026-01-02 00:04:00,AWS_001,25.95,1007.94,65.98
2026-01-02 00:05:00,AWS_001,26.76,1007.7,62.9
2026-01-02 00:06:00,AWS_001,27.48,1007.82,62.64
2026-01-02 00:07:00,AWS_001,27.03,1007.38,62.52
2026-01-02 00:08:00,AWS_001,26.93,1008.16,66.68
2026-01-02 00:09:00,AWS_001,27.18,1007.08,62.64
2026-01-02 00:10:00,AWS_001,26.59,1007.3,62.83
2026-01-02 00:11:00,AWS_001,27.05,1007.19,65.5
2026-01-02 00:12:00,AWS_001,26.79,1008.4,63.87
2026-01-02 00:13:00,AWS_001,26.9,1007.69,63.56
2026-01-02 00:14:00,AWS_001,27.26,1007.32,63.33
2026-01-02 00:15:00,AWS_001,26.58,1007.38,59.56
2026-01-02 00:16:00,AWS_001,27.49,1007.68,62.23
2026-01-02 00:17:00,AWS_001,26.83,1008.96,66.47
2026-01-02 00:18:00,AWS_001,27.12,1006.67,62.98
2026-01-02 00:19:00,AWS_001,26.48,1008.19,60.21
2026-01-02 00:20:00,AWS_001,27.35,1008.01,61.94
2026-01-02 00:21:00,AWS_001,27.66,1006.92,64.62
2026-01-02 00:22:00,AWS_001,26.9,1008.79,64.53
2026-01-02 00:23:00,AWS_001,26.68,1008.04,63.21
2026-01-02 00:24:00,AWS_001,27.26,1007.2,62.37
2026-01-02 00:25:00,AWS_001,27.75,1006.11,60.89
2026-01-02 00:26:00,AWS_001,26.61,1007.77,64.38
2026-01-02 00:27:00,AWS_001,26.77,1007.54,65.27
2026-01-02 00:28:00,AWS_001,27.05,1006.74,66.12
2026-01-02 00:29:00,AWS_001,26.93,1006.72,61.26
2026-01-02 00:30:00,AWS_001,26.95,1008.25,66.16
2026-01-02 00:31:00,AWS_001,26.46,1005.98,63.27
2026-01-02 00:32:00,AWS_001,27.56,1007.78,63.38
2026-01-02 00:33:00,AWS_001,27.48,1007.37,65.07
2026-01-02 00:34:00,AWS_001,26.68,1007.91,62.14
2026-01-02 00:35:00,AWS_001,27.97,1007.27,58.85
2026-01-02 00:36:00,AWS_001,28.08,1007.73,64.53
2026-01-02 00:37:00,AWS_001,27.13,1006.9,63.77
2026-01-02 00:38:00,AWS_001,27.92,1007.44,62.3
2026-01-02 00:39:00,AWS_001,27.24,1007.86,64.21
2026-01-02 00:40:00,AWS_001,27.56,1007.58,64.57
2026-01-02 00:41:00,AWS_001,27.18,1007.76,59.84
2026-01-02 00:42:00,AWS_001,28.42,1006.7,62.86
2026-01-02 00:43:00,AWS_001,27.44,1006.96,58.21
2026-01-02 00:44:00,AWS_001,27.63,1006.97,62.46
2026-01-02 00:45:00,AWS_001,27.32,1007.2,61.91
2026-01-02 00:46:00,AWS_001,28.36,1008.5,63.59
2026-01-02 00:47:00,AWS_001,28.4,1007.12,60.41
2026-01-02 00:48:00,AWS_001,28.32,1006.48,61.66
2026-01-02 00:49:00,AWS_001,28.07,1007.82,56.02
2026-01-02 00:50:00,AWS_001,27.46,1008.45,63.52
2026-01-02 00:51:00,AWS_001,28.06,1006.36,62.17
2026-01-02 00:52:00,AWS_001,27.75,1008.94,62.48
2026-01-02 00:53:00,AWS_001,28.29,1007.68,59.26
2026-01-02 00:54:00,AWS_001,28.24,1008.17,62.99
2026-01-02 00:55:00,AWS_001,27.55,1008.51,65.45
2026-01-02 00:56:00,AWS_001,28.21,1008.1,61.73
2026-01-02 00:57:00,AWS_001,28.13,1007.23,63.35
2026-01-02 00:58:00,AWS_001,26.77,1008.28,60.25
2026-01-02 00:59:00,AWS_001,28.22,1007.5,61.79
2026-01-02 01:00:00,AWS_001,27.74,1008.16,58.83
2026-01-02 01:01:00,AWS_001,27.58,1008.24,63.42
2026-01-02 01:02:00,AWS_001,27.62,1006.4,62.11
2026-01-02 01:03:00,AWS_001,27.93,1007.9,59.3
2026-01-02 01:04:00,AWS_001,28.19,1007.11,60.09
2026-01-02 01:05:00,AWS_001,27.48,1007.36,61.76
2026-01-02 01:06:00,AWS_001,28.12,1007.34,63.44
2026-01-02 01:07:00,AWS_001,28.3,1007.3,64.5
2026-01-02 01:08:00,AWS_001,28.83,1008.44,61.22
2026-01-02 01:09:00,AWS_001,27.68,1006.12,58.71
2026-01-02 01:10:00,AWS_001,27.99,1005.83,61.87
2026-01-02 01:11:00,AWS_001,28.25,1005.65,64.91
2026-01-02 01:12:00,AWS_001,28.63,1008.04,58.05
2026-01-02 01:13:00,AWS_001,28.07,1006.56,59.33
2026-01-02 01:14:00,AWS_001,28.69,1007.27,62.41
2026-01-02 01:15:00,AWS_001,27.46,1007.07,61.45
2026-01-02 01:16:00,AWS_001,27.75,1006.44,60.0
2026-01-02 01:17:00,AWS_001,28.41,1007.82,61.48
2026-01-02 01:18:00,AWS_001,27.73,1007.03,62.95
2026-01-02 01:19:00,AWS_001,27.84,1006.94,60.75
2026-01-02 01:20:00,AWS_001,28.12,1007.3,60.52
2026-01-02 01:21:00,AWS_001,28.66,1007.69,62.02
2026-01-02 01:22:00,AWS_001,27.62,1006.33,60.26
2026-01-02 01:23:00,AWS_001,28.46,1007.79,63.03
2026-01-02 01:24:00,AWS_001,28.83,1008.24,64.75
2026-01-02 01:25:00,AWS_001,28.36,1005.93,58.86
2026-01-02 01:26:00,AWS_001,28.31,1007.29,58.1
2026-01-02 01:27:00,AWS_001,28.64,1006.81,61.3
2026-01-02 01:28:00,AWS_001,28.42,1007.61,57.93
2026-01-02 01:29:00,AWS_001,29.07,1006.07,57.85
2026-01-02 01:30:00,AWS_001,28.09,1008.33,56.31
2026-01-02 01:31:00,AWS_001,28.54,1005.74,59.59
2026-01-02 01:32:00,AWS_001,28.66,1006.82,60.25
2026-01-02 01:33:00,AWS_001,28.45,1007.35,59.23
2026-01-02 01:34:00,AWS_001,27.47,1006.45,63.0
2026-01-02 01:35:00,AWS_001,28.57,1006.31,62.8
2026-01-02 01:36:00,AWS_001,29.02,1007.16,63.98
2026-01-02 01:37:00,AWS_001,28.99,1007.03,60.16
2026-01-02 01:38:00,AWS_001,28.84,1006.97,62.39
2026-01-02 01:39:00,AWS_001,28.28,1007.64,60.59
2026-01-02 01:40:00,AWS_001,28.89,1006.63,60.35
2026-01-02 01:41:00,AWS_001,28.53,1007.19,58.95
2026-01-02 01:42:00,AWS_001,28.92,1006.52,55.31
2026-01-02 01:43:00,AWS_001,28.84,1006.24,61.06
2026-01-02 01:44:00,AWS_001,28.42,1006.68,62.05
2026-01-02 01:45:00,AWS_001,28.48,1006.5,56.64
2026-01-02 01:46:00,AWS_001,29.0,1006.54,59.63
2026-01-02 01:47:00,AWS_001,28.79,1007.82,61.58
2026-01-02 01:48:00,AWS_001,28.56,1006.67,58.83
2026-01-02 01:49:00,AWS_001,28.54,1006.34,61.89
2026-01-02 01:50:00,AWS_001,28.81,1006.88,59.18
2026-01-02 01:51:00,AWS_001,29.58,1006.94,58.36
2026-01-02 01:52:00,AWS_001,28.76,1005.89,61.87
2026-01-02 01:53:00,AWS_001,28.98,1006.6,57.45
2026-01-02 01:54:00,AWS_001,29.05,1006.56,57.82
2026-01-02 01:55:00,AWS_001,28.58,1006.68,57.44
2026-01-02 01:56:00,AWS_001,28.34,1007.39,56.9
2026-01-02 01:57:00,AWS_001,28.66,1006.91,59.44
2026-01-02 01:58:00,AWS_001,29.18,1007.78,58.07
2026-01-02 01:59:00,AWS_001,29.14,1006.78,60.02
2026-01-02 02:00:00,AWS_001,29.4,1008.2,55.53
2026-01-02 02:01:00,AWS_001,29.18,1006.4,56.71
2026-01-02 02:02:00,AWS_001,29.12,1006.14,59.01
2026-01-02 02:03:00,AWS_001,28.94,1007.19,61.8
2026-01-02 02:04:00,AWS_001,29.55,1007.83,59.58
2026-01-02 02:05:00,AWS_001,28.85,1005.63,57.6
2026-01-02 02:06:00,AWS_001,28.79,1006.57,55.75
2026-01-02 02:07:00,AWS_001,29.48,1006.23,57.39
2026-01-02 02:08:00,AWS_001,28.74,1006.82,58.56
2026-01-02 02:09:00,AWS_001,30.26,1006.71,53.88
2026-01-02 02:10:00,AWS_001,29.34,1007.77,56.13
2026-01-02 02:11:00,AWS_001,29.47,1006.6,57.03
2026-01-02 02:12:00,AWS_001,29.02,1007.78,57.95
2026-01-02 02:13:00,AWS_001,29.24,1006.42,58.31
2026-01-02 02:14:00,AWS_001,29.21,1007.4,57.16
2026-01-02 02:15:00,AWS_001,29.18,1006.83,59.34
2026-01-02 02:16:00,AWS_001,29.67,1008.03,58.54
2026-01-02 02:17:00,AWS_001,29.26,1005.45,57.51
2026-01-02 02:18:00,AWS_001,29.86,1005.69,59.49
2026-01-02 02:19:00,AWS_001,30.54,1008.08,59.28
2026-01-02 02:20:00,AWS_001,29.37,1006.02,55.21
2026-01-02 02:21:00,AWS_001,29.57,1006.06,58.01
2026-01-02 02:22:00,AWS_001,29.68,1005.89,59.81
2026-01-02 02:23:00,AWS_001,30.27,1007.5,60.1
2026-01-02 02:24:00,AWS_001,29.53,1005.57,58.69
2026-01-02 02:25:00,AWS_001,29.25,1006.59,57.44
2026-01-02 02:26:00,AWS_001,29.09,1006.35,58.7
2026-01-02 02:27:00,AWS_001,29.59,1007.38,59.44
2026-01-02 02:28:00,AWS_001,29.45,1006.09,58.01
2026-01-02 02:29:00,AWS_001,30.45,1006.87,58.19
2026-01-02 02:30:00,AWS_001,30.38,1005.59,57.2
2026-01-02 02:31:00,AWS_001,29.27,1008.34,54.98
2026-01-02 02:32:00,AWS_001,29.42,1006.32,57.26
2026-01-02 02:33:00,AWS_001,29.75,1006.51,56.22
2026-01-02 02:34:00,AWS_001,30.3,1007.82,56.18
2026-01-02 02:35:00,AWS_001,29.78,1006.02,60.36
2026-01-02 02:36:00,AWS_001,29.51,1007.81,59.35
2026-01-02 02:37:00,AWS_001,29.76,1006.14,54.02
2026-01-02 02:38:00,AWS_001,29.55,1007.0,55.2
2026-01-02 02:39:00,AWS_001,30.06,1005.99,56.6
2026-01-02 02:40:00,AWS_001,29.55,1005.36,56.01
2026-01-02 02:41:00,AWS_001,29.65,1006.77,57.88
2026-01-02 02:42:00,AWS_001,30.34,1006.94,54.72
2026-01-02 02:43:00,AWS_001,29.58,1005.37,59.08
2026-01-02 02:44:00,AWS_001,29.33,1006.17,57.04
2026-01-02 02:45:00,AWS_001,29.96,1007.36,56.41
2026-01-02 02:46:00,AWS_001,29.79,1006.87,57.02
2026-01-02 02:47:00,AWS_001,30.16,1006.07,56.17
2026-01-02 02:48:00,AWS_001,30.1,1005.9,52.91
2026-01-02 02:49:00,AWS_001,29.97,1007.93,56.96
2026-01-02 02:50:00,AWS_001,29.98,1005.2,56.25
2026-01-02 02:51:00,AWS_001,29.72,1006.31,54.95
2026-01-02 02:52:00,AWS_001,30.07,1005.17,59.01
2026-01-02 02:53:00,AWS_001,30.4,1007.39,58.12
2026-01-02 02:54:00,AWS_001,29.68,1006.32,61.62
2026-01-02 02:55:00,AWS_001,30.08,1006.46,58.37
2026-01-02 02:56:00,AWS_001,30.51,1008.53,55.38
2026-01-02 02:57:00,AWS_001,30.31,1005.83,54.81
2026-01-02 02:58:00,AWS_001,30.65,1007.7,55.6
2026-01-02 02:59:00,AWS_001,29.92,1005.98,55.22
2026-01-02 03:00:00,AWS_001,29.43,1006.09,56.73
2026-01-02 03:01:00,AWS_001,30.25,1008.38,53.4
2026-01-02 03:02:00,AWS_001,30.33,1006.14,57.74
2026-01-02 03:03:00,AWS_001,30.75,1005.16,56.59
2026-01-02 03:04:00,AWS_001,30.7,1006.47,57.43
2026-01-02 03:05:00,AWS_001,30.45,1006.1,54.04
2026-01-02 03:06:00,AWS_001,30.56,1006.53,56.79
2026-01-02 03:07:00,AWS_001,30.19,1006.12,58.86
2026-01-02 03:08:00,AWS_001,29.79,1007.99,54.5
2026-01-02 03:09:00,AWS_001,30.34,1006.65,54.41
2026-01-02 03:10:00,AWS_001,30.7,1005.34,57.58
2026-01-02 03:11:00,AWS_001,30.59,1006.29,54.18
2026-01-02 03:12:00,AWS_001,30.67,1005.55,55.62
2026-01-02 03:13:00,AWS_001,30.18,1005.98,59.0
2026-01-02 03:14:00,AWS_001,30.26,1005.44,54.27
2026-01-02 03:15:00,AWS_001,30.58,1007.85,59.07
2026-01-02 03:16:00,AWS_001,30.18,1005.6,55.27
2026-01-02 03:17:00,AWS_001,30.21,1006.7,53.67
2026-01-02 03:18:00,AWS_001,30.54,1005.88,57.08
2026-01-02 03:19:00,AWS_001,30.74,1005.2,56.06
2026-01-02 03:20:00,AWS_001,30.37,1006.28,55.83
2026-01-02 03:21:00,AWS_001,30.0,1006.43,54.24
2026-01-02 03:22:00,AWS_001,30.19,1006.55,55.94
2026-01-02 03:23:00,AWS_001,30.58,1004.0,51.57
2026-01-02 03:24:00,AWS_001,30.59,1005.1,56.11
2026-01-02 03:25:00,AWS_001,30.62,1006.85,58.24
2026-01-02 03:26:00,AWS_001,30.75,1005.34,52.08
2026-01-02 03:27:00,AWS_001,30.55,1006.23,54.76
2026-01-02 03:28:00,AWS_001,30.67,1005.05,53.79
2026-01-02 03:29:00,AWS_001,30.56,1006.64,52.49
2026-01-02 03:30:00,AWS_001,31.05,1006.79,51.37
2026-01-02 03:31:00,AWS_001,31.18,1006.62,53.09
2026-01-02 03:32:00,AWS_001,30.14,1006.85,54.93
2026-01-02 03:33:00,AWS_001,30.53,1007.27,57.68
2026-01-02 03:34:00,AWS_001,30.66,1005.07,52.31
2026-01-02 03:35:00,AWS_001,30.55,1005.37,55.91
2026-01-02 03:36:00,AWS_001,31.39,1006.71,55.73
2026-01-02 03:37:00,AWS_001,30.77,1006.89,58.61
2026-01-02 03:38:00,AWS_001,30.37,1005.44,56.37
2026-01-02 03:39:00,AWS_001,30.95,1005.38,56.46
2026-01-02 03:40:00,AWS_001,30.83,1005.44,56.57
2026-01-02 03:41:00,AWS_001,30.85,1004.67,53.29
2026-01-02 03:42:00,AWS_001,31.47,1004.93,53.96
2026-01-02 03:43:00,AWS_001,30.9,1004.94,57.31
2026-01-02 03:44:00,AWS_001,30.65,1005.7,50.95
2026-01-02 03:45:00,AWS_001,30.0,1006.14,53.66
2026-01-02 03:46:00,AWS_001,30.73,1006.27,52.33
2026-01-02 03:47:00,AWS_001,31.33,1005.5,55.43
2026-01-02 03:48:00,AWS_001,30.78,1005.52,54.09
2026-01-02 03:49:00,AWS_001,29.93,1005.99,56.16
2026-01-02 03:50:00,AWS_001,30.64,1004.69,54.66
2026-01-02 03:51:00,AWS_001,31.25,1006.65,51.76
2026-01-02 03:52:00,AWS_001,31.08,1006.9,51.82
2026-01-02 03:53:00,AWS_001,30.54,1005.36,54.78
2026-01-02 03:54:00,AWS_001,30.66,1005.54,53.23
2026-01-02 03:55:00,AWS_001,30.73,1006.84,53.68
2026-01-02 03:56:00,AWS_001,30.64,1005.74,56.59
2026-01-02 03:57:00,AWS_001,30.11,1006.31,56.21
2026-01-02 03:58:00,AWS_001,31.24,1005.75,58.26
2026-01-02 03:59:00,AWS_001,31.45,1007.06,54.0
2026-01-02 04:00:00,AWS_001,30.35,1006.2,53.33
2026-01-02 04:01:00,AWS_001,31.46,1006.24,55.42
2026-01-02 04:02:00,AWS_001,30.93,1006.25,53.43
2026-01-02 04:03:00,AWS_001,31.48,1005.35,53.47
2026-01-02 04:04:00,AWS_001,31.01,1005.41,54.1
2026-01-02 04:05:00,AWS_001,31.06,1006.39,57.78
2026-01-02 04:06:00,AWS_001,31.17,1005.87,55.86
2026-01-02 04:07:00,AWS_001,30.71,1004.82,56.05
2026-01-02 04:08:00,AWS_001,31.52,1007.25,57.62
2026-01-02 04:09:00,AWS_001,30.6,1006.53,56.19
2026-01-02 04:10:00,AWS_001,30.9,1005.77,52.09
2026-01-02 04:11:00,AWS_001,31.28,1005.51,56.11
2026-01-02 04:12:00,AWS_001,30.87,1005.88,56.34
2026-01-02 04:13:00,AWS_001,31.4,1006.13,55.59
2026-01-02 04:14:00,AWS_001,31.65,1004.08,53.87
2026-01-02 04:15:00,AWS_001,31.51,1007.39,55.33
2026-01-02 04:16:00,AWS_001,30.34,1005.06,54.17
2026-01-02 04:17:00,AWS_001,31.18,1005.68,52.24
2026-01-02 04:18:00,AWS_001,31.55,1005.71,52.71
2026-01-02 04:19:00,AWS_001,30.62,1007.27,55.55
2026-01-02 04:20:00,AWS_001,31.44,1005.59,52.31
2026-01-02 04:21:00,AWS_001,31.43,1006.93,52.48
2026-01-02 04:22:00,AWS_001,30.69,1005.97,55.59
2026-01-02 04:23:00,AWS_001,31.52,1004.87,54.33
2026-01-02 04:24:00,AWS_001,31.3,1005.74,55.19
2026-01-02 04:25:00,AWS_001,31.46,1005.53,51.56
2026-01-02 04:26:00,AWS_001,30.82,1004.75,55.09
2026-01-02 04:27:00,AWS_001,31.28,1005.9,52.65
2026-01-02 04:28:00,AWS_001,30.54,1005.62,51.92
2026-01-02 04:29:00,AWS_001,30.32,1006.04,52.92
2026-01-02 04:30:00,AWS_001,31.3,1005.74,56.64
2026-01-02 04:31:00,AWS_001,31.69,1005.06,53.16
2026-01-02 04:32:00,AWS_001,31.36,1006.19,58.28
2026-01-02 04:33:00,AWS_001,31.24,1005.07,49.73
2026-01-02 04:34:00,AWS_001,31.2,1003.08,50.74
2026-01-02 04:35:00,AWS_001,30.91,1005.66,56.46
2026-01-02 04:36:00,AWS_001,31.2,1005.1,56.95
2026-01-02 04:37:00,AWS_001,31.47,1005.84,52.05
2026-01-02 04:38:00,AWS_001,31.13,1007.13,53.9
2026-01-02 04:39:00,AWS_001,31.61,1007.15,55.17
2026-01-02 04:40:00,AWS_001,31.4,1005.39,53.26
2026-01-02 04:41:00,AWS_001,31.46,1004.85,54.01
2026-01-02 04:42:00,AWS_001,31.69,1005.97,53.71
2026-01-02 04:43:00,AWS_001,31.13,1005.2,50.71
2026-01-02 04:44:00,AWS_001,31.61,1005.8,52.96
2026-01-02 04:45:00,AWS_001,31.2,1004.95,53.66
2026-01-02 04:46:00,AWS_001,31.5,1005.68,53.83
2026-01-02 04:47:00,AWS_001,31.11,1004.82,50.14
2026-01-02 04:48:00,AWS_001,31.01,1006.41,55.09
2026-01-02 04:49:00,AWS_001,31.42,1004.98,53.83
2026-01-02 04:50:00,AWS_001,30.64,1005.98,51.44
2026-01-02 04:51:00,AWS_001,31.28,1004.43,57.14
2026-01-02 04:52:00,AWS_001,30.76,1006.06,52.83
2026-01-02 04:53:00,AWS_001,31.72,1004.65,52.95
2026-01-02 04:54:00,AWS_001,31.84,1005.63,54.78
2026-01-02 04:55:00,AWS_001,31.08,1006.23,57.25
2026-01-02 04:56:00,AWS_001,31.6,1005.24,54.83
2026-01-02 04:57:00,AWS_001,31.8,1004.57,55.1
2026-01-02 04:58:00,AWS_001,31.8,1005.79,51.43
2026-01-02 04:59:00,AWS_001,31.53,1004.71,53.6
2026-01-02 05:00:00,AWS_001,31.75,1005.05,52.34
2026-01-02 05:01:00,AWS_001,31.2,1005.58,54.8
2026-01-02 05:02:00,AWS_001,31.5,1006.45,54.98
2026-01-02 05:03:00,AWS_001,31.28,1005.38,56.64
2026-01-02 05:04:00,AWS_001,31.18,1005.37,49.04
2026-01-02 05:05:00,AWS_001,31.49,1005.93,52.08
2026-01-02 05:06:00,AWS_001,31.62,1005.38,55.93
2026-01-02 05:07:00,AWS_001,31.96,1005.84,50.52
2026-01-02 05:08:00,AWS_001,31.6,1006.18,54.92
2026-01-02 05:09:00,AWS_001,31.76,1005.05,55.56
2026-01-02 05:10:00,AWS_001,31.77,1002.69,53.23
2026-01-02 05:11:00,AWS_001,32.58,1004.65,50.43
2026-01-02 05:12:00,AWS_001,30.79,1006.26,53.02
2026-01-02 05:13:00,AWS_001,31.24,1005.26,56.17
2026-01-02 05:14:00,AWS_001,32.11,1005.01,56.32
2026-01-02 05:15:00,AWS_001,31.39,1006.21,53.65
2026-01-02 05:16:00,AWS_001,31.89,1005.19,51.27
2026-01-02 05:17:00,AWS_001,31.63,1003.59,56.69
2026-01-02 05:18:00,AWS_001,32.38,1004.05,54.84
2026-01-02 05:19:00,AWS_001,31.1,1005.58,51.37
2026-01-02 05:20:00,AWS_001,32.04,1005.19,53.87
2026-01-02 05:21:00,AWS_001,32.25,1006.4,53.77
2026-01-02 05:22:00,AWS_001,31.15,1004.64,51.89
2026-01-02 05:23:00,AWS_001,31.87,1004.97,53.85
2026-01-02 05:24:00,AWS_001,31.18,1004.51,55.36
2026-01-02 05:25:00,AWS_001,31.58,1004.79,52.55
2026-01-02 05:26:00,AWS_001,31.47,1003.69,55.55
2026-01-02 05:27:00,AWS_001,30.61,1004.89,49.61
2026-01-02 05:28:00,AWS_001,31.74,1005.15,57.55
2026-01-02 05:29:00,AWS_001,31.64,1005.07,53.22
2026-01-02 05:30:00,AWS_001,32.17,1006.89,55.25
2026-01-02 05:31:00,AWS_001,31.83,1006.63,53.53
2026-01-02 05:32:00,AWS_001,32.5,1004.56,51.44
2026-01-02 05:33:00,AWS_001,31.63,1003.52,53.01
2026-01-02 05:34:00,AWS_001,31.55,1005.07,49.26
2026-01-02 05:35:00,AWS_001,31.52,1005.44,54.45
2026-01-02 05:36:00,AWS_001,31.42,1004.45,53.45
2026-01-02 05:37:00,AWS_001,30.72,1004.48,52.68
2026-01-02 05:38:00,AWS_001,31.51,1006.39,54.56
2026-01-02 05:39:00,AWS_001,30.78,1004.91,53.13
2026-01-02 05:40:00,AWS_001,31.79,1005.64,54.26
2026-01-02 05:41:00,AWS_001,31.11,1004.36,54.97
2026-01-02 05:42:00,AWS_001,31.25,1005.05,51.94
2026-01-02 05:43:00,AWS_001,31.34,1004.82,51.36
2026-01-02 05:44:00,AWS_001,31.53,1004.54,49.58
2026-01-02 05:45:00,AWS_001,31.62,1006.0,53.27
2026-01-02 05:46:00,AWS_001,32.05,1003.96,53.93
2026-01-02 05:47:00,AWS_001,31.38,1005.3,50.37
2026-01-02 05:48:00,AWS_001,31.81,1004.77,55.86
2026-01-02 05:49:00,AWS_001,32.71,1005.38,51.37
2026-01-02 05:50:00,AWS_001,31.77,1004.77,48.8
2026-01-02 05:51:00,AWS_001,31.55,1005.73,56.0
2026-01-02 05:52:00,AWS_001,31.31,1004.28,49.06
2026-01-02 05:53:00,AWS_001,31.54,1005.95,54.93
2026-01-02 05:54:00,AWS_001,31.27,1005.0,54.45
2026-01-02 05:55:00,AWS_001,31.73,1003.95,53.64
2026-01-02 05:56:00,AWS_001,31.66,1005.55,51.96
2026-01-02 05:57:00,AWS_001,30.76,1004.84,54.01
2026-01-02 05:58:00,AWS_001,31.62,1003.63,55.1
2026-01-02 05:59:00,AWS_001,32.05,1005.26,51.03
2026-01-02 06:00:00,AWS_001,31.46,1005.79,54.95
2026-01-02 06:01:00,AWS_001,31.36,1006.0,54.86
2026-01-02 06:02:00,AWS_001,31.07,1004.67,53.59
2026-01-02 06:03:00,AWS_001,30.88,1005.08,51.93
2026-01-02 06:04:00,AWS_001,31.96,1005.0,54.87
2026-01-02 06:05:00,AWS_001,31.55,1006.14,54.02
2026-01-02 06:06:00,AWS_001,31.93,1004.3,50.97
2026-01-02 06:07:00,AWS_001,32.23,1004.57,52.27
2026-01-02 06:08:00,AWS_001,31.99,1004.27,54.65
2026-01-02 06:09:00,AWS_001,31.4,1003.77,53.24
2026-01-02 06:10:00,AWS_001,31.68,1005.12,55.18
2026-01-02 06:11:00,AWS_001,31.37,1006.2,52.33
2026-01-02 06:12:00,AWS_001,31.33,1004.75,51.02
2026-01-02 06:13:00,AWS_001,31.75,1004.2,57.41
2026-01-02 06:14:00,AWS_001,31.28,1005.05,49.66
2026-01-02 06:15:00,AWS_001,30.73,1005.36,52.03
2026-01-02 06:16:00,AWS_001,31.26,1004.76,53.59
2026-01-02 06:17:00,AWS_001,31.49,1006.0,55.01
2026-01-02 06:18:00,AWS_001,32.22,1004.22,54.33
2026-01-02 06:19:00,AWS_001,31.41,1004.64,57.66
2026-01-02 06:20:00,AWS_001,31.81,1005.1,52.81
2026-01-02 06:21:00,AWS_001,31.54,1005.17,51.3
2026-01-02 06:22:00,AWS_001,32.09,1004.89,52.62
2026-01-02 06:23:00,AWS_001,32.06,1003.82,52.42
2026-01-02 06:24:00,AWS_001,32.07,1006.71,52.93
2026-01-02 06:25:00,AWS_001,30.9,1004.64,51.11
2026-01-02 06:26:00,AWS_001,31.67,1004.92,54.65
2026-01-02 06:27:00,AWS_001,31.89,1005.32,53.82
2026-01-02 06:28:00,AWS_001,31.74,1004.31,50.56
2026-01-02 06:29:00,AWS_001,31.84,1004.86,55.03
2026-01-02 06:30:00,AWS_001,31.6,1004.26,51.48
2026-01-02 06:31:00,AWS_001,31.28,1005.13,50.74
2026-01-02 06:32:00,AWS_001,30.9,1004.57,53.29
2026-01-02 06:33:00,AWS_001,31.31,1005.0,49.61
2026-01-02 06:34:00,AWS_001,32.64,1003.94,54.31
2026-01-02 06:35:00,AWS_001,31.37,1004.11,47.46
2026-01-02 06:36:00,AWS_001,30.78,1003.68,51.09
2026-01-02 06:37:00,AWS_001,31.85,1004.2,56.31
2026-01-02 06:38:00,AWS_001,31.9,1002.7,51.79
2026-01-02 06:39:00,AWS_001,32.07,1004.51,52.15
2026-01-02 06:40:00,AWS_001,31.74,1004.32,55.73
2026-01-02 06:41:00,AWS_001,31.88,1004.86,51.61
2026-01-02 06:42:00,AWS_001,32.28,1004.77,54.73
2026-01-02 06:43:00,AWS_001,31.24,1005.74,55.56
2026-01-02 06:44:00,AWS_001,31.15,1006.8,54.18
2026-01-02 06:45:00,AWS_001,31.09,1005.63,50.34
2026-01-02 06:46:00,AWS_001,31.42,1004.35,52.03
2026-01-02 06:47:00,AWS_001,32.09,1004.31,58.68
2026-01-02 06:48:00,AWS_001,31.73,1005.4,52.28
2026-01-02 06:49:00,AWS_001,31.71,1003.35,59.25
2026-01-02 06:50:00,AWS_001,30.78,1004.44,56.7
2026-01-02 06:51:00,AWS_001,31.22,1004.5,54.33
2026-01-02 06:52:00,AWS_001,30.76,1005.15,53.9
2026-01-02 06:53:00,AWS_001,31.96,1005.17,52.39
2026-01-02 06:54:00,AWS_001,32.12,1004.07,53.15
2026-01-02 06:55:00,AWS_001,31.79,1004.33,51.97
2026-01-02 06:56:00,AWS_001,31.08,1005.02,53.23
2026-01-02 06:57:00,AWS_001,32.06,1004.02,50.64
2026-01-02 06:58:00,AWS_001,31.36,1005.61,50.55
2026-01-02 06:59:00,AWS_001,30.97,1005.13,56.0
2026-01-02 07:00:00,AWS_001,31.07,1004.78,50.18
2026-01-02 07:01:00,AWS_001,31.28,1004.95,55.19
2026-01-02 07:02:00,AWS_001,31.46,1004.25,49.65
2026-01-02 07:03:00,AWS_001,31.37,1004.12,54.71
2026-01-02 07:04:00,AWS_001,30.86,1004.28,53.05
2026-01-02 07:05:00,AWS_001,31.91,1005.01,56.12
2026-01-02 07:06:00,AWS_001,31.36,1004.77,52.83
2026-01-02 07:07:00,AWS_001,31.13,1004.26,49.49
2026-01-02 07:08:00,AWS_001,31.85,1005.2,53.15
2026-01-02 07:09:00,AWS_001,30.93,1004.45,53.86
2026-01-02 07:10:00,AWS_001,30.74,1004.03,53.29
2026-01-02 07:11:00,AWS_001,31.89,1004.78,54.72
2026-01-02 07:12:00,AWS_001,32.14,1003.77,52.46
2026-01-02 07:13:00,AWS_001,31.19,1003.22,51.08
2026-01-02 07:14:00,AWS_001,31.35,1004.56,51.62
2026-01-02 07:15:00,AWS_001,30.9,1004.03,52.61
2026-01-02 07:16:00,AWS_001,31.35,1004.35,52.61
2026-01-02 07:17:00,AWS_001,31.15,1003.78,58.48
2026-01-02 07:18:00,AWS_001,31.3,1005.51,56.2
2026-01-02 07:19:00,AWS_001,31.49,1004.01,55.08
2026-01-02 07:20:00,AWS_001,30.88,1004.19,54.62
2026-01-02 07:21:00,AWS_001,31.17,1004.83,54.34
2026-01-02 07:22:00,AWS_001,30.59,1003.42,54.37
2026-01-02 07:23:00,AWS_001,31.16,1003.36,54.1
2026-01-02 07:24:00,AWS_001,31.25,1004.82,53.88
2026-01-02 07:25:00,AWS_001,31.38,1004.15,49.63
2026-01-02 07:26:00,AWS_001,31.37,1003.78,53.1
2026-01-02 07:27:00,AWS_001,31.63,1004.98,53.37
2026-01-02 07:28:00,AWS_001,30.64,1003.85,52.38
2026-01-02 07:29:00,AWS_001,30.66,1004.27,52.78
2026-01-02 07:30:00,AWS_001,31.45,1003.77,54.51
2026-01-02 07:31:00,AWS_001,30.42,1004.72,55.47
2026-01-02 07:32:00,AWS_001,31.3,1005.54,54.55
2026-01-02 07:33:00,AWS_001,30.75,1002.98,55.46
2026-01-02 07:34:00,AWS_001,31.84,1004.56,55.52
2026-01-02 07:35:00,AWS_001,31.3,1005.15,53.42
2026-01-02 07:36:00,AWS_001,31.1,1004.12,55.09
2026-01-02 07:37:00,AWS_001,31.67,1003.55,50.57
2026-01-02 07:38:00,AWS_001,30.75,1004.78,53.31
2026-01-02 07:39:00,AWS_001,30.81,1005.24,53.1
2026-01-02 07:40:00,AWS_001,30.65,1005.15,57.19
2026-01-02 07:41:00,AWS_001,30.8,1004.73,54.82
2026-01-02 07:42:00,AWS_001,31.16,1004.51,51.5
2026-01-02 07:43:00,AWS_001,31.32,1003.71,55.38
2026-01-02 07:44:00,AWS_001,31.5,1005.11,56.03
2026-01-02 07:45:00,AWS_001,30.38,1005.06,54.06
2026-01-02 07:46:00,AWS_001,31.03,1003.5,55.64
2026-01-02 07:47:00,AWS_001,30.65,1004.7,49.29
2026-01-02 07:48:00,AWS_001,31.0,1004.92,48.91
2026-01-02 07:49:00,AWS_001,32.0,1005.1,51.97
2026-01-02 07:50:00,AWS_001,31.18,1004.33,54.65
2026-01-02 07:51:00,AWS_001,31.41,1003.7,57.44
2026-01-02 07:52:00,AWS_001,31.82,1003.98,52.15
2026-01-02 07:53:00,AWS_001,31.48,1003.57,52.72
2026-01-02 07:54:00,AWS_001,30.84,1004.33,54.63
2026-01-02 07:55:00,AWS_001,30.5,1004.17,53.49
2026-01-02 07:56:00,AWS_001,30.98,1006.08,53.41
2026-01-02 07:57:00,AWS_001,30.76,1005.08,53.69
2026-01-02 07:58:00,AWS_001,30.37,1005.13,57.19
2026-01-02 07:59:00,AWS_001,31.06,1004.73,56.81
2026-01-02 08:00:00,AWS_001,31.06,1004.05,54.65
2026-01-02 08:01:00,AWS_001,31.65,1004.12,57.94
2026-01-02 08:02:00,AWS_001,30.79,1004.19,55.68
2026-01-02 08:03:00,AWS_001,31.03,1004.49,56.99
2026-01-02 08:04:00,AWS_001,30.64,1004.64,52.99
2026-01-02 08:05:00,AWS_001,31.25,1004.33,53.43
2026-01-02 08:06:00,AWS_001,30.84,1004.09,53.44
2026-01-02 08:07:00,AWS_001,30.41,1003.84,54.62
2026-01-02 08:08:00,AWS_001,30.86,1003.2,54.94
2026-01-02 08:09:00,AWS_001,31.01,1005.34,55.5
2026-01-02 08:10:00,AWS_001,30.94,1006.07,58.83
2026-01-02 08:11:00,AWS_001,31.25,1005.26,56.35
2026-01-02 08:12:00,AWS_001,30.24,1003.29,53.91
2026-01-02 08:13:00,AWS_001,30.47,1004.92,54.96
2026-01-02 08:14:00,AWS_001,31.05,1005.11,58.0
2026-01-02 08:15:00,AWS_001,30.49,1003.96,56.59
2026-01-02 08:16:00,AWS_001,30.86,1004.67,58.04
2026-01-02 08:17:00,AWS_001,29.79,1003.91,54.12
2026-01-02 08:18:00,AWS_001,31.83,1005.5,53.69
2026-01-02 08:19:00,AWS_001,30.62,1004.56,53.75
2026-01-02 08:20:00,AWS_001,31.2,1003.53,54.37
2026-01-02 08:21:00,AWS_001,30.57,1004.8,53.07
2026-01-02 08:22:00,AWS_001,30.86,1005.1,55.82
2026-01-02 08:23:00,AWS_001,31.28,1004.41,55.89
2026-01-02 08:24:00,AWS_001,31.14,1004.63,57.97
2026-01-02 08:25:00,AWS_001,30.57,1004.19,51.8
2026-01-02 08:26:00,AWS_001,30.59,1003.33,53.47
2026-01-02 08:27:00,AWS_001,31.03,1004.11,57.0
2026-01-02 08:28:00,AWS_001,31.55,1004.65,55.78
2026-01-02 08:29:00,AWS_001,30.68,1004.13,55.54
2026-01-02 08:30:00,AWS_001,31.37,1004.86,58.01
2026-01-02 08:31:00,AWS_001,30.48,1003.91,53.49
2026-01-02 08:32:00,AWS_001,30.94,1003.96,54.09
2026-01-02 08:33:00,AWS_001,30.99,1004.88,53.88
2026-01-02 08:34:00,AWS_001,30.37,1004.39,51.58
2026-01-02 08:35:00,AWS_001,30.22,1003.88,55.91
2026-01-02 08:36:00,AWS_001,30.97,1005.03,54.63
2026-01-02 08:37:00,AWS_001,30.28,1003.65,54.24
2026-01-02 08:38:00,AWS_001,30.12,1003.61,53.91
2026-01-02 08:39:00,AWS_001,30.19,1001.93,55.74
2026-01-02 08:40:00,AWS_001,30.24,1003.74,54.21
2026-01-02 08:41:00,AWS_001,30.78,1005.23,56.28
2026-01-02 08:42:00,AWS_001,30.63,1002.52,56.79
2026-01-02 08:43:00,AWS_001,30.7,1003.41,55.32
2026-01-02 08:44:00,AWS_001,30.57,1004.52,55.22
2026-01-02 08:45:00,AWS_001,30.15,1002.37,56.35
2026-01-02 08:46:00,AWS_001,30.65,1003.76,55.95
2026-01-02 08:47:00,AWS_001,30.83,1005.07,58.71
2026-01-02 08:48:00,AWS_001,30.57,1005.79,56.72
2026-01-02 08:49:00,AWS_001,30.5,1004.39,58.31
2026-01-02 08:50:00,AWS_001,30.0,1003.41,57.37
2026-01-02 08:51:00,AWS_001,30.38,1003.38,53.55
2026-01-02 08:52:00,AWS_001,29.95,1004.26,55.11
2026-01-02 08:53:00,AWS_001,30.26,1004.36,56.16
2026-01-02 08:54:00,AWS_001,29.59,1005.62,58.03
2026-01-02 08:55:00,AWS_001,29.58,1004.91,60.19
2026-01-02 08:56:00,AWS_001,30.14,1004.2,55.4
2026-01-02 08:57:00,AWS_001,29.99,1003.86,56.51
2026-01-02 08:58:00,AWS_001,30.23,1006.53,58.04
2026-01-02 08:59:00,AWS_001,30.12,1004.62,56.36
2026-01-02 09:00:00,AWS_001,30.17,1003.58,59.8
2026-01-02 09:01:00,AWS_001,30.39,1003.93,53.86
2026-01-02 09:02:00,AWS_001,29.94,1003.41,57.95
2026-01-02 09:03:00,AWS_001,30.02,1002.18,57.96
2026-01-02 09:04:00,AWS_001,30.68,1004.35,58.97
2026-01-02 09:05:00,AWS_001,30.08,1005.53,56.83
2026-01-02 09:06:00,AWS_001,29.99,1002.79,58.52
2026-01-02 09:07:00,AWS_001,30.08,1004.14,56.28
2026-01-02 09:08:00,AWS_001,29.97,1003.52,55.21
2026-01-02 09:09:00,AWS_001,29.73,1004.5,54.96
2026-01-02 09:10:00,AWS_001,29.6,1003.95,54.01
2026-01-02 09:11:00,AWS_001,29.68,1002.99,56.05
2026-01-02 09:12:00,AWS_001,30.32,1003.29,57.59
2026-01-02 09:13:00,AWS_001,29.7,1003.41,56.59
2026-01-02 09:14:00,AWS_001,29.87,1005.15,57.44
2026-01-02 09:15:00,AWS_001,30.2,1005.1,59.56
2026-01-02 09:16:00,AWS_001,29.79,1003.82,56.09
2026-01-02 09:17:00,AWS_001,30.14,1005.04,61.85
2026-01-02 09:18:00,AWS_001,29.25,1003.92,58.72
2026-01-02 09:19:00,AWS_001,29.8,1003.79,56.85
2026-01-02 09:20:00,AWS_001,29.87,1004.1,56.85
2026-01-02 09:21:00,AWS_001,29.83,1004.28,55.31
2026-01-02 09:22:00,AWS_001,29.14,1003.6,57.32
2026-01-02 09:23:00,AWS_001,30.27,1004.06,53.08
2026-01-02 09:24:00,AWS_001,29.43,1004.67,59.96
2026-01-02 09:25:00,AWS_001,29.89,1004.14,51.86
2026-01-02 09:26:00,AWS_001,29.74,1004.07,57.61
2026-01-02 09:27:00,AWS_001,30.12,1004.43,55.28
2026-01-02 09:28:00,AWS_001,30.58,1004.56,56.21
2026-01-02 09:29:00,AWS_001,29.17,1003.98,56.51
2026-01-02 09:30:00,AWS_001,29.41,1003.64,61.55
2026-01-02 09:31:00,AWS_001,29.73,1004.17,55.53
2026-01-02 09:32:00,AWS_001,29.19,1002.74,59.61
2026-01-02 09:33:00,AWS_001,29.93,1003.85,60.14
2026-01-02 09:34:00,AWS_001,29.94,1002.04,53.19
2026-01-02 09:35:00,AWS_001,29.8,1002.67,56.67
2026-01-02 09:36:00,AWS_001,29.66,1002.55,60.92
2026-01-02 09:37:00,AWS_001,30.09,1004.84,55.36
2026-01-02 09:38:00,AWS_001,29.06,1004.01,60.43
2026-01-02 09:39:00,AWS_001,29.54,1002.99,58.04
2026-01-02 09:40:00,AWS_001,29.2,1004.39,57.99
2026-01-02 09:41:00,AWS_001,29.83,1004.79,58.3
2026-01-02 09:42:00,AWS_001,28.72,1004.4,58.89
2026-01-02 09:43:00,AWS_001,29.43,1003.84,56.34
2026-01-02 09:44:00,AWS_001,29.55,1004.17,57.77
2026-01-02 09:45:00,AWS_001,29.02,1004.71,59.07
2026-01-02 09:46:00,AWS_001,29.13,1003.61,58.73
2026-01-02 09:47:00,AWS_001,29.37,1004.0,59.12
2026-01-02 09:48:00,AWS_001,29.73,1003.77,57.03
2026-01-02 09:49:00,AWS_001,28.92,1002.68,59.77
2026-01-02 09:50:00,AWS_001,28.97,1004.7,58.81
2026-01-02 09:51:00,AWS_001,29.74,1005.61,55.44
2026-01-02 09:52:00,AWS_001,29.16,1003.27,57.58
2026-01-02 09:53:00,AWS_001,28.94,1004.73,56.89
2026-01-02 09:54:00,AWS_001,29.53,1003.29,56.91
2026-01-02 09:55:00,AWS_001,29.02,1004.07,57.82
2026-01-02 09:56:00,AWS_001,29.61,1005.16,60.05
2026-01-02 09:57:00,AWS_001,28.91,1003.54,57.61
2026-01-02 09:58:00,AWS_001,29.1,1003.94,59.36
2026-01-02 09:59:00,AWS_001,29.52,1002.51,59.08
2026-01-02 10:00:00,AWS_001,29.03,1003.42,57.44
2026-01-02 10:01:00,AWS_001,29.41,1002.42,58.36
2026-01-02 10:02:00,AWS_001,29.06,1004.29,60.82
2026-01-02 10:03:00,AWS_001,29.86,1004.61,59.44
2026-01-02 10:04:00,AWS_001,29.68,1003.76,60.28
2026-01-02 10:05:00,AWS_001,28.5,1004.17,61.77
2026-01-02 10:06:00,AWS_001,29.22,1003.67,60.14
2026-01-02 10:07:00,AWS_001,28.66,1004.53,55.48
2026-01-02 10:08:00,AWS_001,29.05,1004.03,59.91
2026-01-02 10:09:00,AWS_001,28.98,1002.34,58.18
2026-01-02 10:10:00,AWS_001,28.51,1004.68,63.08
2026-01-02 10:11:00,AWS_001,29.34,1003.61,60.3
2026-01-02 10:12:00,AWS_001,28.97,1002.91,58.36
2026-01-02 10:13:00,AWS_001,28.76,1003.57,60.73
2026-01-02 10:14:00,AWS_001,28.68,1002.4,59.83
2026-01-02 10:15:00,AWS_001,28.89,1002.92,56.26
2026-01-02 10:16:00,AWS_001,28.98,1004.03,61.47
2026-01-02 10:17:00,AWS_001,28.75,1004.09,58.98
2026-01-02 10:18:00,AWS_001,27.64,1004.16,62.68
2026-01-02 10:19:00,AWS_001,28.76,1003.91,59.63
2026-01-02 10:20:00,AWS_001,28.16,1003.35,62.81
2026-01-02 10:21:00,AWS_001,28.63,1003.86,60.83
2026-01-02 10:22:00,AWS_001,28.14,1003.55,61.97
2026-01-02 10:23:00,AWS_001,28.11,1002.6,59.09
2026-01-02 10:24:00,AWS_001,29.15,1003.28,60.83
2026-01-02 10:25:00,AWS_001,28.51,1004.61,56.71
2026-01-02 10:26:00,AWS_001,28.46,1005.17,59.96
2026-01-02 10:27:00,AWS_001,28.79,1004.41,57.29
2026-01-02 10:28:00,AWS_001,28.43,1005.13,58.03
2026-01-02 10:29:00,AWS_001,29.4,1003.96,58.58
2026-01-02 10:30:00,AWS_001,28.43,1005.28,61.73
2026-01-02 10:31:00,AWS_001,28.66,1005.53,60.16
2026-01-02 10:32:00,AWS_001,28.89,1002.5,60.57
2026-01-02 10:33:00,AWS_001,29.12,1004.06,60.2
2026-01-02 10:34:00,AWS_001,28.16,1003.95,62.76
2026-01-02 10:35:00,AWS_001,28.27,1003.54,60.66
2026-01-02 10:36:00,AWS_001,28.93,1004.27,61.2
2026-01-02 10:37:00,AWS_001,28.72,1003.91,59.61
2026-01-02 10:38:00,AWS_001,28.8,1003.29,63.1
2026-01-02 10:39:00,AWS_001,27.81,1003.85,63.3
2026-01-02 10:40:00,AWS_001,28.95,1004.84,60.82
2026-01-02 10:41:00,AWS_001,28.01,1004.02,59.78
2026-01-02 10:42:00,AWS_001,28.37,1004.37,57.76
2026-01-02 10:43:00,AWS_001,28.21,1003.65,59.31
2026-01-02 10:44:00,AWS_001,27.9,1004.23,56.76
2026-01-02 10:45:00,AWS_001,27.67,1002.9,59.32
2026-01-02 10:46:00,AWS_001,27.51,1003.46,61.91
2026-01-02 10:47:00,AWS_001,28.24,1003.78,61.14
2026-01-02 10:48:00,AWS_001,27.56,1002.84,65.94
2026-01-02 10:49:00,AWS_001,27.69,1003.2,60.6
2026-01-02 10:50:00,AWS_001,28.04,1004.11,60.49
2026-01-02 10:51:00,AWS_001,27.05,1003.96,63.57
2026-01-02 10:52:00,AWS_001,28.4,1004.5,57.64
2026-01-02 10:53:00,AWS_001,27.1,1003.37,58.58
2026-01-02 10:54:00,AWS_001,28.01,1003.9,62.92
2026-01-02 10:55:00,AWS_001,28.03,1003.31,61.25
2026-01-02 10:56:00,AWS_001,28.22,1004.42,61.35
2026-01-02 10:57:00,AWS_001,27.96,1004.8,59.87
2026-01-02 10:58:00,AWS_001,28.77,1004.24,62.27
2026-01-02 10:59:00,AWS_001,28.03,1004.7,60.23
2026-01-02 11:00:00,AWS_001,28.34,1003.87,62.04
2026-01-02 11:01:00,AWS_001,27.61,1004.49,59.63
2026-01-02 11:02:00,AWS_001,27.92,1003.9,61.63
2026-01-02 11:03:00,AWS_001,28.47,1003.02,66.1
2026-01-02 11:04:00,AWS_001,27.74,1004.04,61.25
2026-01-02 11:05:00,AWS_001,27.89,1003.04,61.88
2026-01-02 11:06:00,AWS_001,28.18,1005.71,61.79
2026-01-02 11:07:00,AWS_001,27.47,1003.57,62.6
2026-01-02 11:08:00,AWS_001,26.88,1004.35,63.24
2026-01-02 11:09:00,AWS_001,27.83,1003.83,62.87
2026-01-02 11:10:00,AWS_001,28.1,1002.85,62.96
2026-01-02 11:11:00,AWS_001,27.14,1002.32,62.09
2026-01-02 11:12:00,AWS_001,27.93,1004.43,62.71
2026-01-02 11:13:00,AWS_001,27.91,1005.07,62.13
2026-01-02 11:14:00,AWS_001,26.71,1003.24,58.98
2026-01-02 11:15:00,AWS_001,27.22,1002.51,67.92
2026-01-02 11:16:00,AWS_001,27.42,1003.57,64.17
2026-01-02 11:17:00,AWS_001,27.48,1003.08,60.8
2026-01-02 11:18:00,AWS_001,27.24,1003.31,63.27
2026-01-02 11:19:00,AWS_001,27.19,1004.32,60.17
2026-01-02 11:20:00,AWS_001,28.16,1003.79,61.93
2026-01-02 11:21:00,AWS_001,27.43,1003.16,60.0
2026-01-02 11:22:00,AWS_001,27.17,1004.3,62.92
2026-01-02 11:23:00,AWS_001,27.41,1004.36,59.91
2026-01-02 11:24:00,AWS_001,27.62,1003.55,63.9
2026-01-02 11:25:00,AWS_001,27.4,1003.93,64.54
2026-01-02 11:26:00,AWS_001,27.28,1004.24,61.57
2026-01-02 11:27:00,AWS_001,27.08,1004.16,63.6
2026-01-02 11:28:00,AWS_001,27.05,1003.85,61.57
2026-01-02 11:29:00,AWS_001,27.06,1004.97,64.41
2026-01-02 11:30:00,AWS_001,27.41,1004.29,62.06
2026-01-02 11:31:00,AWS_001,26.86,1003.46,65.06
2026-01-02 11:32:00,AWS_001,27.39,1003.46,59.91
2026-01-02 11:33:00,AWS_001,27.78,1003.37,61.58
2026-01-02 11:34:00,AWS_001,27.32,1004.32,61.42
2026-01-02 11:35:00,AWS_001,27.02,1003.32,64.1
2026-01-02 11:36:00,AWS_001,26.63,1003.48,64.86
2026-01-02 11:37:00,AWS_001,27.76,1004.66,64.36
2026-01-02 11:38:00,AWS_001,26.63,1003.97,62.83
2026-01-02 11:39:00,AWS_001,27.42,1004.77,58.31
2026-01-02 11:40:00,AWS_001,27.31,1004.45,64.03
2026-01-02 11:41:00,AWS_001,26.94,1002.87,65.58
2026-01-02 11:42:00,AWS_001,26.91,1003.73,69.42
2026-01-02 11:43:00,AWS_001,26.26,1004.61,63.26
2026-01-02 11:44:00,AWS_001,27.1,1002.84,62.83
2026-01-02 11:45:00,AWS_001,27.2,1004.15,64.86
2026-01-02 11:46:00,AWS_001,26.49,1003.78,63.76
2026-01-02 11:47:00,AWS_001,26.84,1002.41,66.87
2026-01-02 11:48:00,AWS_001,26.9,1003.91,62.76
2026-01-02 11:49:00,AWS_001,27.1,1003.14,63.93
2026-01-02 11:50:00,AWS_001,26.84,1002.88,66.23
2026-01-02 11:51:00,AWS_001,26.17,1003.82,65.15
2026-01-02 11:52:00,AWS_001,26.59,1002.27,66.9
2026-01-02 11:53:00,AWS_001,26.87,1003.27,63.76
2026-01-02 11:54:00,AWS_001,27.09,1005.85,67.21
2026-01-02 11:55:00,AWS_001,26.49,1004.33,61.41
2026-01-02 11:56:00,AWS_001,27.59,1003.11,61.54
2026-01-02 11:57:00,AWS_001,25.93,1004.94,67.4
2026-01-02 11:58:00,AWS_001,26.44,1003.02,64.91
2026-01-02 11:59:00,AWS_001,26.61,1003.37,66.79
2026-01-02 12:00:00,AWS_001,26.54,1002.89,65.2
2026-01-02 12:01:00,AWS_001,26.11,1004.02,65.04
2026-01-02 12:02:00,AWS_001,26.76,1004.91,62.45
2026-01-02 12:03:00,AWS_001,26.71,1003.01,65.1
2026-01-02 12:04:00,AWS_001,26.56,1002.16,67.93
2026-01-02 12:05:00,AWS_001,26.65,1004.68,65.38
2026-01-02 12:06:00,AWS_001,26.32,1005.06,66.68
2026-01-02 12:07:00,AWS_001,25.82,1002.22,66.68
2026-01-02 12:08:00,AWS_001,26.16,1004.18,63.39
2026-01-02 12:09:00,AWS_001,26.49,1003.99,67.19
2026-01-02 12:10:00,AWS_001,26.47,1003.18,64.9
2026-01-02 12:11:00,AWS_001,26.4,1002.7,65.06
2026-01-02 12:12:00,AWS_001,26.58,1004.61,69.82
2026-01-02 12:13:00,AWS_001,26.11,1003.96,66.87
2026-01-02 12:14:00,AWS_001,26.33,1004.02,64.46
2026-01-02 12:15:00,AWS_001,26.53,1003.32,65.91
2026-01-02 12:16:00,AWS_001,26.24,1003.17,65.91
2026-01-02 12:17:00,AWS_001,25.76,1001.85,69.26
2026-01-02 12:18:00,AWS_001,25.85,1003.63,66.02
2026-01-02 12:19:00,AWS_001,26.54,1004.97,70.41
2026-01-02 12:20:00,AWS_001,26.74,1003.1,63.45
2026-01-02 12:21:00,AWS_001,26.64,1002.6,66.03
2026-01-02 12:22:00,AWS_001,26.24,1004.16,64.62
2026-01-02 12:23:00,AWS_001,25.64,1004.31,65.21
2026-01-02 12:24:00,AWS_001,26.1,1003.35,65.31
2026-01-02 12:25:00,AWS_001,26.7,1003.54,64.88
2026-01-02 12:26:00,AWS_001,26.3,1004.03,69.82
2026-01-02 12:27:00,AWS_001,25.95,1003.69,69.26
2026-01-02 12:28:00,AWS_001,26.27,1004.62,67.27
2026-01-02 12:29:00,AWS_001,25.48,1005.77,65.57
2026-01-02 12:30:00,AWS_001,25.69,1002.45,65.2
2026-01-02 12:31:00,AWS_001,25.52,1004.8,68.1
2026-01-02 12:32:00,AWS_001,26.12,1003.91,67.27
2026-01-02 12:33:00,AWS_001,26.19,1004.93,66.43
2026-01-02 12:34:00,AWS_001,25.82,1004.4,67.86
2026-01-02 12:35:00,AWS_001,25.51,1003.87,68.61
2026-01-02 12:36:00,AWS_001,25.83,1004.43,66.57
2026-01-02 12:37:00,AWS_001,25.63,1003.51,65.35
2026-01-02 12:38:00,AWS_001,25.48,1003.21,64.34
2026-01-02 12:39:00,AWS_001,25.91,1004.47,67.53
2026-01-02 12:40:00,AWS_001,25.45,1003.15,71.42
2026-01-02 12:41:00,AWS_001,25.11,1004.34,64.91
2026-01-02 12:42:00,AWS_001,25.17,1003.85,69.39
2026-01-02 12:43:00,AWS_001,25.05,1001.97,65.89
2026-01-02 12:44:00,AWS_001,25.77,1003.37,66.34
2026-01-02 12:45:00,AWS_001,25.71,1004.1,69.17
2026-01-02 12:46:00,AWS_001,25.67,1003.51,66.88
2026-01-02 12:47:00,AWS_001,25.84,1001.8,67.94
2026-01-02 12:48:00,AWS_001,26.06,1004.89,67.95
2026-01-02 12:49:00,AWS_001,25.33,1003.97,66.2
2026-01-02 12:50:00,AWS_001,25.7,1004.19,69.39
2026-01-02 12:51:00,AWS_001,24.89,1003.46,67.53
2026-01-02 12:52:00,AWS_001,26.05,1004.26,64.92
2026-01-02 12:53:00,AWS_001,24.98,1005.31,65.97
2026-01-02 12:54:00,AWS_001,25.17,1003.25,61.57
2026-01-02 12:55:00,AWS_001,25.2,1005.17,67.96
2026-01-02 12:56:00,AWS_001,24.8,1004.16,70.51
2026-01-02 12:57:00,AWS_001,25.41,1003.15,65.86
2026-01-02 12:58:00,AWS_001,25.46,1005.61,69.18
2026-01-02 12:59:00,AWS_001,25.27,1004.16,68.92
2026-01-02 13:00:00,AWS_001,24.71,1004.39,66.6
2026-01-02 13:01:00,AWS_001,26.1,1003.63,71.23
2026-01-02 13:02:00,AWS_001,25.51,1003.21,67.66
2026-01-02 13:03:00,AWS_001,26.32,1003.98,72.28
2026-01-02 13:04:00,AWS_001,24.92,1005.12,65.04
2026-01-02 13:05:00,AWS_001,25.61,1003.6,67.82
2026-01-02 13:06:00,AWS_001,25.52,1003.83,68.11
2026-01-02 13:07:00,AWS_001,25.07,1005.02,68.38
2026-01-02 13:08:00,AWS_001,25.73,1003.62,69.94
2026-01-02 13:09:00,AWS_001,24.98,1004.27,75.35
2026-01-02 13:10:00,AWS_001,24.98,1004.56,69.52
2026-01-02 13:11:00,AWS_001,23.71,1003.7,68.71
2026-01-02 13:12:00,AWS_001,25.24,1004.11,66.52
2026-01-02 13:13:00,AWS_001,24.53,1004.39,64.98
2026-01-02 13:14:00,AWS_001,24.82,1003.54,71.15
2026-01-02 13:15:00,AWS_001,24.61,1004.52,67.76
2026-01-02 13:16:00,AWS_001,24.85,1003.43,74.12
2026-01-02 13:17:00,AWS_001,25.15,1003.33,70.69
2026-01-02 13:18:00,AWS_001,24.96,1002.65,69.69
2026-01-02 13:19:00,AWS_001,25.22,1003.47,69.84
2026-01-02 13:20:00,AWS_001,25.42,1003.22,69.91
2026-01-02 13:21:00,AWS_001,24.75,1003.55,67.76
2026-01-02 13:22:00,AWS_001,24.68,1004.37,65.7
2026-01-02 13:23:00,AWS_001,25.24,1002.5,68.15
2026-01-02 13:24:00,AWS_001,25.25,1002.3,69.26
2026-01-02 13:25:00,AWS_001,25.11,1003.28,68.05
2026-01-02 13:26:00,AWS_001,24.41,1004.25,66.83
2026-01-02 13:27:00,AWS_001,24.94,1004.11,67.95
2026-01-02 13:28:00,AWS_001,24.79,1003.27,71.57
2026-01-02 13:29:00,AWS_001,25.15,1004.82,71.04
2026-01-02 13:30:00,AWS_001,24.48,1003.36,69.94
2026-01-02 13:31:00,AWS_001,24.02,1004.26,70.81
2026-01-02 13:32:00,AWS_001,24.95,1003.6,67.42
2026-01-02 13:33:00,AWS_001,23.63,1003.2,68.15
2026-01-02 13:34:00,AWS_001,24.34,1003.41,70.41
2026-01-02 13:35:00,AWS_001,24.2,1004.48,67.82
2026-01-02 13:36:00,AWS_001,24.18,1004.19,70.1
2026-01-02 13:37:00,AWS_001,24.27,1004.68,67.4
2026-01-02 13:38:00,AWS_001,25.04,1004.19,66.68
2026-01-02 13:39:00,AWS_001,24.86,1002.62,71.5
2026-01-02 13:40:00,AWS_001,24.41,1005.6,72.13
2026-01-02 13:41:00,AWS_001,24.94,1004.21,68.86
2026-01-02 13:42:00,AWS_001,24.05,1004.32,67.13
2026-01-02 13:43:00,AWS_001,23.97,1003.61,65.8
2026-01-02 13:44:00,AWS_001,24.78,1004.8,73.94
2026-01-02 13:45:00,AWS_001,24.64,1003.04,70.53
2026-01-02 13:46:00,AWS_001,24.21,1004.41,69.14
2026-01-02 13:47:00,AWS_001,23.92,1002.26,69.67
2026-01-02 13:48:00,AWS_001,24.94,1004.46,66.62
2026-01-02 13:49:00,AWS_001,23.65,1003.06,71.73
2026-01-02 13:50:00,AWS_001,24.08,1004.15,74.54
2026-01-02 13:51:00,AWS_001,24.39,1005.01,69.02
2026-01-02 13:52:00,AWS_001,25.0,1004.59,75.4
2026-01-02 13:53:00,AWS_001,24.41,1004.91,70.45
2026-01-02 13:54:00,AWS_001,24.43,1004.83,74.06
2026-01-02 13:55:00,AWS_001,23.99,1003.52,71.39
2026-01-02 13:56:00,AWS_001,24.43,1004.42,71.43
2026-01-02 13:57:00,AWS_001,24.22,1002.56,74.55
2026-01-02 13:58:00,AWS_001,23.53,1003.39,72.47
2026-01-02 13:59:00,AWS_001,24.46,1005.06,71.7
2026-01-02 14:00:00,AWS_001,24.51,1003.64,67.12
2026-01-02 14:01:00,AWS_001,24.43,1002.46,68.03
2026-01-02 14:02:00,AWS_001,24.1,1005.56,72.01
2026-01-02 14:03:00,AWS_001,23.68,1004.4,74.07
2026-01-02 14:04:00,AWS_001,23.12,1004.57,71.44
2026-01-02 14:05:00,AWS_001,24.09,1003.18,70.04
2026-01-02 14:06:00,AWS_001,24.44,1004.19,67.59
2026-01-02 14:07:00,AWS_001,24.39,1004.17,69.75
2026-01-02 14:08:00,AWS_001,24.3,1003.31,71.62
2026-01-02 14:09:00,AWS_001,23.93,1003.83,69.69
2026-01-02 14:10:00,AWS_001,24.37,1002.77,69.52
2026-01-02 14:11:00,AWS_001,24.29,1003.7,71.39
2026-01-02 14:12:00,AWS_001,23.73,1004.76,74.43
2026-01-02 14:13:00,AWS_001,24.15,1003.38,72.95
2026-01-02 14:14:00,AWS_001,23.65,1005.51,72.19
2026-01-02 14:15:00,AWS_001,24.06,1002.84,72.04
2026-01-02 14:16:00,AWS_001,23.31,1003.78,72.81
2026-01-02 14:17:00,AWS_001,23.32,1003.46,71.53
2026-01-02 14:18:00,AWS_001,24.21,1003.85,70.97
2026-01-02 14:19:00,AWS_001,24.15,1005.09,73.32
2026-01-02 14:20:00,AWS_001,24.01,1003.21,71.43
2026-01-02 14:21:00,AWS_001,23.77,1003.64,69.55
2026-01-02 14:22:00,AWS_001,22.76,1004.53,74.86
2026-01-02 14:23:00,AWS_001,23.67,1004.08,68.27
2026-01-02 14:24:00,AWS_001,23.87,1004.15,75.09
2026-01-02 14:25:00,AWS_001,23.45,1003.24,73.11
2026-01-02 14:26:00,AWS_001,23.36,1003.96,70.2
2026-01-02 14:27:00,AWS_001,24.21,1004.92,72.23
2026-01-02 14:28:00,AWS_001,23.59,1002.73,71.36
2026-01-02 14:29:00,AWS_001,23.78,1003.46,73.88
2026-01-02 14:30:00,AWS_001,23.89,1002.57,73.88
2026-01-02 14:31:00,AWS_001,23.16,1004.46,73.27
2026-01-02 14:32:00,AWS_001,23.62,1005.01,73.88
2026-01-02 14:33:00,AWS_001,24.06,1003.89,72.2
2026-01-02 14:34:00,AWS_001,24.24,1003.23,75.99
2026-01-02 14:35:00,AWS_001,23.51,1003.26,74.96
2026-01-02 14:36:00,AWS_001,23.38,1003.8,71.6
2026-01-02 14:37:00,AWS_001,23.57,1003.8,74.21
2026-01-02 14:38:00,AWS_001,23.54,1004.78,74.08
2026-01-02 14:39:00,AWS_001,23.98,1003.51,72.15
2026-01-02 14:40:00,AWS_001,23.01,1004.4,72.04
2026-01-02 14:41:00,AWS_001,23.28,1003.81,75.18
2026-01-02 14:42:00,AWS_001,22.93,1003.46,72.76
2026-01-02 14:43:00,AWS_001,22.95,1003.8,73.35
2026-01-02 14:44:00,AWS_001,23.49,1004.33,75.67
2026-01-02 14:45:00,AWS_001,23.65,1004.8,77.98
2026-01-02 14:46:00,AWS_001,23.05,1003.87,71.9
2026-01-02 14:47:00,AWS_001,23.6,1003.11,72.55
2026-01-02 14:48:00,AWS_001,23.72,1004.88,73.18
2026-01-02 14:49:00,AWS_001,24.04,1003.36,73.26
2026-01-02 14:50:00,AWS_001,23.27,1004.29,73.86
2026-01-02 14:51:00,AWS_001,22.97,1004.07,72.17
2026-01-02 14:52:00,AWS_001,22.81,1003.96,70.65
2026-01-02 14:53:00,AWS_001,22.76,1003.7,76.73
2026-01-02 14:54:00,AWS_001,23.68,1004.59,74.48
2026-01-02 14:55:00,AWS_001,22.56,1001.23,72.46
2026-01-02 14:56:00,AWS_001,23.64,1005.01,74.21
2026-01-02 14:57:00,AWS_001,22.79,1003.38,77.04
2026-01-02 14:58:00,AWS_001,22.84,1004.44,71.83
2026-01-02 14:59:00,AWS_001,23.04,1004.4,73.87
2026-01-02 15:00:00,AWS_001,22.81,1005.14,70.71
2026-01-02 15:01:00,AWS_001,23.45,1004.28,73.29
2026-01-02 15:02:00,AWS_001,23.78,1003.46,74.79
2026-01-02 15:03:00,AWS_001,22.78,1002.84,71.37
2026-01-02 15:04:00,AWS_001,22.85,1003.85,73.26
2026-01-02 15:05:00,AWS_001,22.95,1002.57,75.27
2026-01-02 15:06:00,AWS_001,23.21,1003.63,74.88
2026-01-02 15:07:00,AWS_001,22.92,1003.91,71.43
2026-01-02 15:08:00,AWS_001,23.52,1003.59,74.52
2026-01-02 15:09:00,AWS_001,23.41,1004.18,74.93
2026-01-02 15:10:00,AWS_001,22.46,1003.96,74.06
2026-01-02 15:11:00,AWS_001,23.13,1003.89,76.06
2026-01-02 15:12:00,AWS_001,23.52,1002.22,72.74
2026-01-02 15:13:00,AWS_001,22.7,1003.13,74.78
2026-01-02 15:14:00,AWS_001,22.76,1004.68,71.66
2026-01-02 15:15:00,AWS_001,22.65,1004.81,70.82
2026-01-02 15:16:00,AWS_001,22.65,1002.7,75.62
2026-01-02 15:17:00,AWS_001,22.17,1003.52,74.13
2026-01-02 15:18:00,AWS_001,22.29,1005.04,73.2
2026-01-02 15:19:00,AWS_001,22.84,1003.61,72.03
2026-01-02 15:20:00,AWS_001,23.4,1004.1,75.85
2026-01-02 15:21:00,AWS_001,22.53,1005.34,71.21
2026-01-02 15:22:00,AWS_001,22.51,1003.9,76.25
2026-01-02 15:23:00,AWS_001,23.43,1003.79,75.19
2026-01-02 15:24:00,AWS_001,22.29,1004.08,71.41
2026-01-02 15:25:00,AWS_001,22.06,1005.69,74.61
2026-01-02 15:26:00,AWS_001,22.38,1004.57,79.7
2026-01-02 15:27:00,AWS_001,22.43,1004.23,76.8
2026-01-02 15:28:00,AWS_001,21.98,1003.8,72.8
2026-01-02 15:29:00,AWS_001,22.62,1004.65,75.92
2026-01-02 15:30:00,AWS_001,23.04,1004.75,71.69
2026-01-02 15:31:00,AWS_001,22.13,1003.37,71.81
2026-01-02 15:32:00,AWS_001,22.67,1004.78,74.45
2026-01-02 15:33:00,AWS_001,22.78,1004.12,75.72
2026-01-02 15:34:00,AWS_001,22.57,1004.26,76.27
2026-01-02 15:35:00,AWS_001,22.67,1003.54,76.33
2026-01-02 15:36:00,AWS_001,22.66,1003.93,75.7
2026-01-02 15:37:00,AWS_001,22.24,1003.43,71.51
2026-01-02 15:38:00,AWS_001,23.15,1003.39,74.65
2026-01-02 15:39:00,AWS_001,23.04,1004.56,76.74
2026-01-02 15:40:00,AWS_001,23.0,1003.98,75.72
2026-01-02 15:41:00,AWS_001,22.92,1003.23,75.22
2026-01-02 15:42:00,AWS_001,21.87,1006.01,75.55
2026-01-02 15:43:00,AWS_001,22.86,1003.38,75.54
2026-01-02 15:44:00,AWS_001,22.74,1005.15,71.02
2026-01-02 15:45:00,AWS_001,21.85,1003.1,77.29
2026-01-02 15:46:00,AWS_001,22.37,1004.65,74.79
2026-01-02 15:47:00,AWS_001,22.55,1004.09,76.45
2026-01-02 15:48:00,AWS_001,23.1,1003.79,70.45
2026-01-02 15:49:00,AWS_001,22.71,1004.46,78.41
2026-01-02 15:50:00,AWS_001,22.06,1004.35,72.81
2026-01-02 15:51:00,AWS_001,23.07,1003.66,80.23
2026-01-02 15:52:00,AWS_001,22.4,1003.63,79.42
2026-01-02 15:53:00,AWS_001,22.27,1003.06,72.55
2026-01-02 15:54:00,AWS_001,22.23,1004.57,76.87
2026-01-02 15:55:00,AWS_001,21.7,1003.32,73.22
2026-01-02 15:56:00,AWS_001,22.29,1004.33,74.01
2026-01-02 15:57:00,AWS_001,22.53,1004.81,74.08
2026-01-02 15:58:00,AWS_001,22.16,1004.51,76.24
2026-01-02 15:59:00,AWS_001,22.47,1003.76,76.02
2026-01-02 16:00:00,AWS_001,21.95,1005.07,72.99
2026-01-02 16:01:00,AWS_001,22.23,1004.03,76.3
2026-01-02 16:02:00,AWS_001,22.4,1003.29,75.04
2026-01-02 16:03:00,AWS_001,22.34,1004.13,71.83
2026-01-02 16:04:00,AWS_001,21.61,1004.83,74.63
2026-01-02 16:05:00,AWS_001,22.06,1003.83,78.84
2026-01-02 16:06:00,AWS_001,22.9,1005.08,74.75
2026-01-02 16:07:00,AWS_001,22.02,1003.76,71.9
2026-01-02 16:08:00,AWS_001,22.22,1003.88,77.22
2026-01-02 16:09:00,AWS_001,22.16,1003.55,73.76
2026-01-02 16:10:00,AWS_001,22.82,1004.94,76.07
2026-01-02 16:11:00,AWS_001,22.69,1004.35,75.32
2026-01-02 16:12:00,AWS_001,22.49,1003.62,79.22
2026-01-02 16:13:00,AWS_001,21.77,1004.09,75.37
2026-01-02 16:14:00,AWS_001,22.29,1001.95,73.45
2026-01-02 16:15:00,AWS_001,22.37,1005.04,74.82
2026-01-02 16:16:00,AWS_001,21.85,1004.28,73.33
2026-01-02 16:17:00,AWS_001,21.77,1002.5,75.39
2026-01-02 16:18:00,AWS_001,22.79,1003.26,79.37
2026-01-02 16:19:00,AWS_001,21.98,1004.1,78.35
2026-01-02 16:20:00,AWS_001,22.74,1003.39,79.96
2026-01-02 16:21:00,AWS_001,22.48,1005.08,76.86
2026-01-02 16:22:00,AWS_001,22.24,1004.78,76.21
2026-01-02 16:23:00,AWS_001,22.25,1004.74,73.94
2026-01-02 16:24:00,AWS_001,21.5,1002.37,76.5
2026-01-02 16:25:00,AWS_001,22.13,1004.04,75.72
2026-01-02 16:26:00,AWS_001,22.61,1003.91,77.56
2026-01-02 16:27:00,AWS_001,22.3,1003.71,73.78
2026-01-02 16:28:00,AWS_001,22.08,1004.14,76.15
2026-01-02 16:29:00,AWS_001,22.7,1003.58,72.92
2026-01-02 16:30:00,AWS_001,21.93,1004.66,76.76
2026-01-02 16:31:00,AWS_001,21.75,1005.1,77.46
2026-01-02 16:32:00,AWS_001,22.05,1005.04,72.88
2026-01-02 16:33:00,AWS_001,22.29,1004.39,73.47
2026-01-02 16:34:00,AWS_001,21.28,1006.1,73.57
2026-01-02 16:35:00,AWS_001,22.08,1005.42,75.83
2026-01-02 16:36:00,AWS_001,22.28,1004.43,73.41
2026-01-02 16:37:00,AWS_001,21.84,1004.13,78.98
2026-01-02 16:38:00,AWS_001,22.38,1005.6,77.11
2026-01-02 16:39:00,AWS_001,22.19,1005.34,77.46
2026-01-02 16:40:00,AWS_001,22.78,1003.41,73.1
2026-01-02 16:41:00,AWS_001,21.62,1005.41,78.88
2026-01-02 16:42:00,AWS_001,22.24,1004.42,77.61
2026-01-02 16:43:00,AWS_001,21.5,1003.86,74.96
2026-01-02 16:44:00,AWS_001,21.25,1002.97,73.26
2026-01-02 16:45:00,AWS_001,21.07,1004.35,76.21
2026-01-02 16:46:00,AWS_001,22.1,1004.56,75.45
2026-01-02 16:47:00,AWS_001,21.95,1005.84,75.55
2026-01-02 16:48:00,AWS_001,21.68,1005.34,75.0
2026-01-02 16:49:00,AWS_001,21.15,1004.11,77.87
2026-01-02 16:50:00,AWS_001,21.58,1004.9,71.24
2026-01-02 16:51:00,AWS_001,21.85,1005.25,79.32
2026-01-02 16:52:00,AWS_001,22.16,1004.67,78.47
2026-01-02 16:53:00,AWS_001,21.83,1004.13,76.91
2026-01-02 16:54:00,AWS_001,21.93,1004.18,76.22
2026-01-02 16:55:00,AWS_001,21.67,1004.92,78.69
2026-01-02 16:56:00,AWS_001,22.52,1004.95,76.45
2026-01-02 16:57:00,AWS_001,21.4,1004.39,75.99
2026-01-02 16:58:00,AWS_001,21.53,1002.53,78.84
2026-01-02 16:59:00,AWS_001,21.6,1003.6,80.76
2026-01-02 17:00:00,AWS_001,22.01,1005.13,74.65
2026-01-02 17:01:00,AWS_001,21.37,1002.94,77.45
2026-01-02 17:02:00,AWS_001,21.84,1005.6,74.44
2026-01-02 17:03:00,AWS_001,21.84,1005.48,77.63
2026-01-02 17:04:00,AWS_001,21.49,1004.69,75.09
2026-01-02 17:05:00,AWS_001,21.9,1005.14,79.08
2026-01-02 17:06:00,AWS_001,21.36,1005.09,76.47
2026-01-02 17:07:00,AWS_001,21.31,1004.58,76.77
2026-01-02 17:08:00,AWS_001,21.79,1003.58,79.95
2026-01-02 17:09:00,AWS_001,21.08,1005.46,75.24
2026-01-02 17:10:00,AWS_001,20.88,1005.82,78.09
2026-01-02 17:11:00,AWS_001,21.95,1003.73,75.46
2026-01-02 17:12:00,AWS_001,22.15,1003.57,79.13
2026-01-02 17:13:00,AWS_001,21.54,1004.6,80.32
2026-01-02 17:14:00,AWS_001,21.46,1004.21,76.23
2026-01-02 17:15:00,AWS_001,22.12,1004.84,72.38
2026-01-02 17:16:00,AWS_001,21.26,1005.69,75.4
2026-01-02 17:17:00,AWS_001,21.17,1002.93,81.65
2026-01-02 17:18:00,AWS_001,21.99,1006.0,75.61
2026-01-02 17:19:00,AWS_001,21.71,1004.42,80.35
2026-01-02 17:20:00,AWS_001,22.13,1005.16,75.61
2026-01-02 17:21:00,AWS_001,20.84,1005.25,75.56
2026-01-02 17:22:00,AWS_001,21.13,1005.35,78.39
2026-01-02 17:23:00,AWS_001,21.69,1004.81,78.16
2026-01-02 17:24:00,AWS_001,21.85,1005.01,78.56
2026-01-02 17:25:00,AWS_001,22.02,1005.01,76.87
2026-01-02 17:26:00,AWS_001,21.75,1004.28,78.94
2026-01-02 17:27:00,AWS_001,21.74,1003.38,78.8
2026-01-02 17:28:00,AWS_001,21.52,1003.82,79.18
2026-01-02 17:29:00,AWS_001,22.31,1004.72,75.64
2026-01-02 17:30:00,AWS_001,21.23,1004.18,78.96
2026-01-02 17:31:00,AWS_001,21.81,1004.18,75.86
2026-01-02 17:32:00,AWS_001,21.27,1006.26,76.6
2026-01-02 17:33:00,AWS_001,21.87,1005.51,76.56
2026-01-02 17:34:00,AWS_001,21.24,1004.63,74.93
2026-01-02 17:35:00,AWS_001,21.95,1005.37,73.46
2026-01-02 17:36:00,AWS_001,21.7,1004.5,79.38
2026-01-02 17:37:00,AWS_001,22.35,1004.93,75.54
2026-01-02 17:38:00,AWS_001,21.53,1005.2,76.41
2026-01-02 17:39:00,AWS_001,21.81,1004.52,75.49
2026-01-02 17:40:00,AWS_001,21.33,1004.31,76.44
2026-01-02 17:41:00,AWS_001,21.53,1005.85,75.95
2026-01-02 17:42:00,AWS_001,21.68,1005.37,79.52
2026-01-02 17:43:00,AWS_001,21.03,1003.08,75.79
2026-01-02 17:44:00,AWS_001,21.07,1004.35,80.4
2026-01-02 17:45:00,AWS_001,21.87,1004.27,79.25
2026-01-02 17:46:00,AWS_001,21.57,1004.4,76.03
2026-01-02 17:47:00,AWS_001,21.39,1005.59,77.62
2026-01-02 17:48:00,AWS_001,21.34,1004.93,78.02
2026-01-02 17:49:00,AWS_001,21.35,1003.8,78.67
2026-01-02 17:50:00,AWS_001,21.67,1004.62,78.87
2026-01-02 17:51:00,AWS_001,21.81,1005.36,77.36
2026-01-02 17:52:00,AWS_001,20.79,1004.76,75.08
2026-01-02 17:53:00,AWS_001,22.19,1004.42,78.28
2026-01-02 17:54:00,AWS_001,22.16,1005.21,76.52
2026-01-02 17:55:00,AWS_001,20.69,1006.25,71.42
2026-01-02 17:56:00,AWS_001,22.06,1005.33,77.78
2026-01-02 17:57:00,AWS_001,22.05,1006.01,75.53
2026-01-02 17:58:00,AWS_001,21.62,1004.51,76.08
2026-01-02 17:59:00,AWS_001,21.1,1004.97,77.01
2026-01-02 18:00:00,AWS_001,22.03,1004.96,73.89
2026-01-02 18:01:00,AWS_001,21.53,1005.08,77.28
2026-01-02 18:02:00,AWS_001,21.84,1005.35,76.37
2026-01-02 18:03:00,AWS_001,22.51,1004.27,75.24
2026-01-02 18:04:00,AWS_001,21.73,1005.53,77.09
2026-01-02 18:05:00,AWS_001,21.26,1003.71,73.62
2026-01-02 18:06:00,AWS_001,21.49,1003.95,77.15
2026-01-02 18:07:00,AWS_001,21.31,1006.74,77.94
2026-01-02 18:08:00,AWS_001,21.8,1004.63,77.6
2026-01-02 18:09:00,AWS_001,21.31,1005.62,78.57
2026-01-02 18:10:00,AWS_001,21.44,1006.4,79.32
2026-01-02 18:11:00,AWS_001,21.12,1003.2,76.82
2026-01-02 18:12:00,AWS_001,21.58,1005.96,79.17
2026-01-02 18:13:00,AWS_001,21.7,1005.58,76.81
2026-01-02 18:14:00,AWS_001,20.56,1006.38,75.58
2026-01-02 18:15:00,AWS_001,21.74,1004.13,76.19
2026-01-02 18:16:00,AWS_001,21.62,1006.24,77.5
2026-01-02 18:17:00,AWS_001,21.33,1004.5,79.14
2026-01-02 18:18:00,AWS_001,22.45,1005.94,76.97
2026-01-02 18:19:00,AWS_001,22.02,1005.07,75.61
2026-01-02 18:20:00,AWS_001,21.2,1005.73,79.84
2026-01-02 18:21:00,AWS_001,21.98,1005.15,74.08
2026-01-02 18:22:00,AWS_001,22.14,1003.65,75.61
2026-01-02 18:23:00,AWS_001,21.7,1002.63,78.73
2026-01-02 18:24:00,AWS_001,21.8,1005.3,80.47
2026-01-02 18:25:00,AWS_001,21.79,1004.93,77.89
2026-01-02 18:26:00,AWS_001,20.82,1005.47,77.42
2026-01-02 18:27:00,AWS_001,21.58,1004.95,76.34
2026-01-02 18:28:00,AWS_001,21.57,1006.78,78.01
2026-01-02 18:29:00,AWS_001,22.24,1005.35,77.16
2026-01-02 18:30:00,AWS_001,21.8,1004.82,75.39
2026-01-02 18:31:00,AWS_001,21.55,1005.45,76.27
2026-01-02 18:32:00,AWS_001,21.64,1004.84,75.15
2026-01-02 18:33:00,AWS_001,22.08,1005.27,76.9
2026-01-02 18:34:00,AWS_001,21.6,1004.23,77.19
2026-01-02 18:35:00,AWS_001,21.4,1005.2,80.13
2026-01-02 18:36:00,AWS_001,21.57,1004.83,75.66
2026-01-02 18:37:00,AWS_001,22.06,1004.32,76.48
2026-01-02 18:38:00,AWS_001,21.89,1006.81,79.35
2026-01-02 18:39:00,AWS_001,21.71,1004.37,80.44
2026-01-02 18:40:00,AWS_001,21.78,1005.25,77.77
2026-01-02 18:41:00,AWS_001,21.48,1004.61,76.3
2026-01-02 18:42:00,AWS_001,21.63,1005.49,75.85
2026-01-02 18:43:00,AWS_001,21.45,1004.24,73.1
2026-01-02 18:44:00,AWS_001,21.6,1005.94,74.92
2026-01-02 18:45:00,AWS_001,22.26,1006.9,76.97
2026-01-02 18:46:00,AWS_001,21.29,1004.61,76.4
2026-01-02 18:47:00,AWS_001,21.45,1006.26,78.0
2026-01-02 18:48:00,AWS_001,21.23,1004.99,76.35
2026-01-02 18:49:00,AWS_001,21.15,1006.51,75.27
2026-01-02 18:50:00,AWS_001,21.67,1007.06,77.4
2026-01-02 18:51:00,AWS_001,21.5,1005.13,81.71
2026-01-02 18:52:00,AWS_001,22.46,1004.11,76.06
2026-01-02 18:53:00,AWS_001,21.64,1006.09,76.96
2026-01-02 18:54:00,AWS_001,22.28,1005.51,78.36
2026-01-02 18:55:00,AWS_001,22.15,1005.74,75.51
2026-01-02 18:56:00,AWS_001,21.69,1005.08,79.19
2026-01-02 18:57:00,AWS_001,22.62,1004.65,73.47
2026-01-02 18:58:00,AWS_001,21.89,1006.29,75.8
2026-01-02 18:59:00,AWS_001,22.39,1005.63,75.98
2026-01-02 19:00:00,AWS_001,22.35,1004.22,76.89
2026-01-02 19:01:00,AWS_001,21.97,1005.93,72.63
2026-01-02 19:02:00,AWS_001,22.11,1005.78,79.27
2026-01-02 19:03:00,AWS_001,22.06,1005.14,77.38
2026-01-02 19:04:00,AWS_001,21.36,1006.7,78.78
2026-01-02 19:05:00,AWS_001,21.85,1004.92,79.75
2026-01-02 19:06:00,AWS_001,22.26,1005.28,75.02
2026-01-02 19:07:00,AWS_001,22.45,1006.04,71.5
2026-01-02 19:08:00,AWS_001,21.55,1005.49,78.77
2026-01-02 19:09:00,AWS_001,22.06,1004.33,75.89
2026-01-02 19:10:00,AWS_001,21.92,1005.59,74.18
2026-01-02 19:11:00,AWS_001,21.81,1005.12,77.58
2026-01-02 19:12:00,AWS_001,22.01,1006.15,81.34
2026-01-02 19:13:00,AWS_001,21.96,1005.59,76.18
2026-01-02 19:14:00,AWS_001,22.1,1005.55,78.28
2026-01-02 19:15:00,AWS_001,22.47,1004.64,74.39
2026-01-02 19:16:00,AWS_001,22.21,1005.3,72.97
2026-01-02 19:17:00,AWS_001,22.03,1006.27,78.16
2026-01-02 19:18:00,AWS_001,22.66,1004.88,77.4
2026-01-02 19:19:00,AWS_001,22.36,1005.48,75.36
2026-01-02 19:20:00,AWS_001,21.89,1004.77,79.69
2026-01-02 19:21:00,AWS_001,21.45,1004.58,72.73
2026-01-02 19:22:00,AWS_001,21.55,1005.46,73.78
2026-01-02 19:23:00,AWS_001,22.32,1005.68,75.14
2026-01-02 19:24:00,AWS_001,21.7,1007.14,75.49
2026-01-02 19:25:00,AWS_001,21.56,1005.19,79.11
2026-01-02 19:26:00,AWS_001,21.67,1005.52,76.26
2026-01-02 19:27:00,AWS_001,21.7,1004.57,75.76
2026-01-02 19:28:00,AWS_001,22.33,1006.06,73.59
2026-01-02 19:29:00,AWS_001,21.93,1005.9,78.28
2026-01-02 19:30:00,AWS_001,21.46,1006.78,73.81
2026-01-02 19:31:00,AWS_001,22.03,1006.49,73.52
2026-01-02 19:32:00,AWS_001,22.11,1005.89,75.25
2026-01-02 19:33:00,AWS_001,21.84,1005.24,76.35
2026-01-02 19:34:00,AWS_001,22.5,1005.78,74.56
2026-01-02 19:35:00,AWS_001,21.88,1005.54,77.4
2026-01-02 19:36:00,AWS_001,22.5,1006.4,75.4
2026-01-02 19:37:00,AWS_001,22.3,1006.3,78.05
2026-01-02 19:38:00,AWS_001,22.44,1005.41,76.93
2026-01-02 19:39:00,AWS_001,21.64,1004.49,79.48
2026-01-02 19:40:00,AWS_001,22.13,1006.73,74.99
2026-01-02 19:41:00,AWS_001,22.08,1006.14,77.54
2026-01-02 19:42:00,AWS_001,21.54,1005.42,72.26
2026-01-02 19:43:00,AWS_001,22.56,1006.12,81.59
2026-01-02 19:44:00,AWS_001,21.8,1005.75,77.37
2026-01-02 19:45:00,AWS_001,21.9,1006.75,75.17
2026-01-02 19:46:00,AWS_001,21.74,1004.16,75.22
2026-01-02 19:47:00,AWS_001,22.44,1005.4,75.22
2026-01-02 19:48:00,AWS_001,21.56,1007.0,79.37
2026-01-02 19:49:00,AWS_001,22.43,1006.18,77.47
2026-01-02 19:50:00,AWS_001,22.61,1007.15,74.76
2026-01-02 19:51:00,AWS_001,22.41,1004.77,73.14
2026-01-02 19:52:00,AWS_001,22.49,1006.61,77.99
2026-01-02 19:53:00,AWS_001,22.52,1006.57,77.25
2026-01-02 19:54:00,AWS_001,21.85,1004.42,76.96
2026-01-02 19:55:00,AWS_001,22.81,1005.54,75.35
2026-01-02 19:56:00,AWS_001,22.07,1005.7,74.9
2026-01-02 19:57:00,AWS_001,22.23,1004.49,78.84
2026-01-02 19:58:00,AWS_001,22.14,1005.58,79.0
2026-01-02 19:59:00,AWS_001,22.48,1006.5,76.7
2026-01-02 20:00:00,AWS_001,22.08,1005.5,77.33
2026-01-02 20:01:00,AWS_001,22.33,1006.01,75.84
2026-01-02 20:02:00,AWS_001,21.82,1006.03,72.6
2026-01-02 20:03:00,AWS_001,22.79,1005.82,73.35
2026-01-02 20:04:00,AWS_001,22.61,1005.28,77.58
2026-01-02 20:05:00,AWS_001,22.23,1006.38,77.81
2026-01-02 20:06:00,AWS_001,22.17,1004.59,77.34
2026-01-02 20:07:00,AWS_001,22.63,1005.87,75.9
2026-01-02 20:08:00,AWS_001,22.1,1006.98,77.36
2026-01-02 20:09:00,AWS_001,22.45,1005.52,75.03
2026-01-02 20:10:00,AWS_001,22.87,1005.31,76.36
2026-01-02 20:11:00,AWS_001,22.09,1006.48,74.68
2026-01-02 20:12:00,AWS_001,22.58,1006.03,72.95
2026-01-02 20:13:00,AWS_001,22.57,1006.51,76.76
2026-01-02 20:14:00,AWS_001,22.42,1005.95,77.56
2026-01-02 20:15:00,AWS_001,22.26,1004.02,79.93
2026-01-02 20:16:00,AWS_001,22.96,1006.88,75.48
2026-01-02 20:17:00,AWS_001,22.25,1007.6,72.82
2026-01-02 20:18:00,AWS_001,21.78,1006.98,74.23
2026-01-02 20:19:00,AWS_001,22.77,1003.13,74.59
2026-01-02 20:20:00,AWS_001,22.05,1006.33,75.13
2026-01-02 20:21:00,AWS_001,22.82,1005.6,75.74
2026-01-02 20:22:00,AWS_001,23.09,1005.11,75.5
2026-01-02 20:23:00,AWS_001,22.82,1006.09,76.29
2026-01-02 20:24:00,AWS_001,23.01,1005.88,75.1
2026-01-02 20:25:00,AWS_001,23.4,1006.41,70.23
2026-01-02 20:26:00,AWS_001,22.99,1006.06,75.1
2026-01-02 20:27:00,AWS_001,22.75,1005.12,74.79
2026-01-02 20:28:00,AWS_001,23.28,1005.57,75.68
2026-01-02 20:29:00,AWS_001,23.35,1005.44,73.83
2026-01-02 20:30:00,AWS_001,23.36,1004.67,74.97
2026-01-02 20:31:00,AWS_001,22.47,1004.95,75.6
2026-01-02 20:32:00,AWS_001,22.14,1005.89,74.14
2026-01-02 20:33:00,AWS_001,22.48,1007.21,75.78
2026-01-02 20:34:00,AWS_001,22.99,1005.65,74.53
2026-01-02 20:35:00,AWS_001,22.79,1005.48,74.67
2026-01-02 20:36:00,AWS_001,22.66,1005.14,68.48
2026-01-02 20:37:00,AWS_001,22.98,1006.12,72.0
2026-01-02 20:38:00,AWS_001,22.18,1007.05,71.98
2026-01-02 20:39:00,AWS_001,22.84,1007.72,74.66
2026-01-02 20:40:00,AWS_001,23.24,1006.35,76.74
2026-01-02 20:41:00,AWS_001,23.03,1006.24,73.92
2026-01-02 20:42:00,AWS_001,23.1,1005.7,75.82
2026-01-02 20:43:00,AWS_001,23.47,1005.84,75.39
2026-01-02 20:44:00,AWS_001,22.82,1006.66,74.34
2026-01-02 20:45:00,AWS_001,22.6,1005.91,75.17
2026-01-02 20:46:00,AWS_001,23.35,1006.04,74.48
2026-01-02 20:47:00,AWS_001,23.36,1006.16,73.67
2026-01-02 20:48:00,AWS_001,23.13,1005.71,74.7
2026-01-02 20:49:00,AWS_001,22.86,1006.13,76.78
2026-01-02 20:50:00,AWS_001,22.94,1004.59,74.79
2026-01-02 20:51:00,AWS_001,22.44,1006.65,74.25
2026-01-02 20:52:00,AWS_001,23.41,1008.1,72.02
2026-01-02 20:53:00,AWS_001,23.41,1005.78,76.57
2026-01-02 20:54:00,AWS_001,22.47,1006.53,70.89
2026-01-02 20:55:00,AWS_001,23.36,1006.92,70.26
2026-01-02 20:56:00,AWS_001,23.19,1007.27,74.37
2026-01-02 20:57:00,AWS_001,22.63,1006.05,71.83
2026-01-02 20:58:00,AWS_001,22.57,1004.82,75.74
2026-01-02 20:59:00,AWS_001,23.22,1006.49,70.15
2026-01-02 21:00:00,AWS_001,22.93,1006.38,75.41
2026-01-02 21:01:00,AWS_001,23.83,1006.01,75.09
2026-01-02 21:02:00,AWS_001,23.5,1006.19,73.65
2026-01-02 21:03:00,AWS_001,23.32,1006.42,69.17
2026-01-02 21:04:00,AWS_001,23.36,1006.6,69.89
2026-01-02 21:05:00,AWS_001,23.7,1006.58,73.78
2026-01-02 21:06:00,AWS_001,23.52,1006.16,72.79
2026-01-02 21:07:00,AWS_001,23.4,1006.65,74.68
2026-01-02 21:08:00,AWS_001,22.82,1006.12,73.05
2026-01-02 21:09:00,AWS_001,24.45,1006.87,72.84
2026-01-02 21:10:00,AWS_001,22.8,1005.86,68.25
2026-01-02 21:11:00,AWS_001,23.14,1006.43,74.71
2026-01-02 21:12:00,AWS_001,22.62,1005.08,71.73
2026-01-02 21:13:00,AWS_001,23.51,1006.09,72.19
2026-01-02 21:14:00,AWS_001,23.37,1006.85,70.81
2026-01-02 21:15:00,AWS_001,23.63,1005.58,69.83
2026-01-02 21:16:00,AWS_001,22.65,1006.15,75.82
2026-01-02 21:17:00,AWS_001,23.8,1004.5,74.42
2026-01-02 21:18:00,AWS_001,23.05,1005.33,74.42
2026-01-02 21:19:00,AWS_001,23.33,1005.55,72.32
2026-01-02 21:20:00,AWS_001,23.78,1006.53,69.24
2026-01-02 21:21:00,AWS_001,23.53,1006.72,76.88
2026-01-02 21:22:00,AWS_001,23.58,1006.42,73.48
2026-01-02 21:23:00,AWS_001,23.78,1006.16,72.87
2026-01-02 21:24:00,AWS_001,23.65,1006.17,71.83
2026-01-02 21:25:00,AWS_001,23.36,1007.06,68.42
2026-01-02 21:26:00,AWS_001,23.44,1006.66,74.75
2026-01-02 21:27:00,AWS_001,23.61,1006.23,70.31
2026-01-02 21:28:00,AWS_001,23.19,1007.54,73.48
2026-01-02 21:29:00,AWS_001,23.96,1008.08,73.89
2026-01-02 21:30:00,AWS_001,23.7,1005.53,72.97
2026-01-02 21:31:00,AWS_001,23.63,1006.95,73.2
2026-01-02 21:32:00,AWS_001,24.09,1009.01,74.91
2026-01-02 21:33:00,AWS_001,23.58,1006.78,70.6
2026-01-02 21:34:00,AWS_001,23.58,1006.65,72.47
2026-01-02 21:35:00,AWS_001,23.47,1006.52,71.65
2026-01-02 21:36:00,AWS_001,23.82,1006.97,68.37
2026-01-02 21:37:00,AWS_001,23.83,1007.19,72.58
2026-01-02 21:38:00,AWS_001,23.45,1005.6,74.47
2026-01-02 21:39:00,AWS_001,23.67,1006.58,74.68
2026-01-02 21:40:00,AWS_001,23.49,1004.79,75.6
2026-01-02 21:41:00,AWS_001,23.49,1006.45,68.29
2026-01-02 21:42:00,AWS_001,23.1,1005.9,75.05
2026-01-02 21:43:00,AWS_001,23.72,1006.91,72.12
2026-01-02 21:44:00,AWS_001,23.15,1005.32,74.91
2026-01-02 21:45:00,AWS_001,23.66,1006.24,70.88
2026-01-02 21:46:00,AWS_001,23.62,1007.43,70.56
2026-01-02 21:47:00,AWS_001,24.3,1006.13,69.15
2026-01-02 21:48:00,AWS_001,23.49,1005.15,73.09
2026-01-02 21:49:00,AWS_001,23.61,1006.89,72.52
2026-01-02 21:50:00,AWS_001,23.78,1006.22,69.21
2026-01-02 21:51:00,AWS_001,23.72,1006.55,67.08
2026-01-02 21:52:00,AWS_001,24.52,1006.13,72.19
2026-01-02 21:53:00,AWS_001,23.54,1008.3,72.37
2026-01-02 21:54:00,AWS_001,23.86,1005.48,69.3
2026-01-02 21:55:00,AWS_001,24.16,1009.0,68.85
2026-01-02 21:56:00,AWS_001,24.4,1006.43,72.49
2026-01-02 21:57:00,AWS_001,23.92,1006.9,74.85
2026-01-02 21:58:00,AWS_001,23.32,1006.3,70.1
2026-01-02 21:59:00,AWS_001,24.04,1006.27,69.29
2026-01-02 22:00:00,AWS_001,24.66,1006.15,71.6
2026-01-02 22:01:00,AWS_001,24.26,1007.27,72.23
2026-01-02 22:02:00,AWS_001,24.26,1005.66,70.18
2026-01-02 22:03:00,AWS_001,23.76,1007.09,74.91
2026-01-02 22:04:00,AWS_001,23.73,1005.06,72.62
2026-01-02 22:05:00,AWS_001,24.23,1007.04,70.01
2026-01-02 22:06:00,AWS_001,23.67,1007.51,67.54
2026-01-02 22:07:00,AWS_001,24.57,1005.82,73.32
2026-01-02 22:08:00,AWS_001,23.94,1007.39,73.02
2026-01-02 22:09:00,AWS_001,24.29,1006.89,69.98
2026-01-02 22:10:00,AWS_001,23.56,1008.14,71.24
2026-01-02 22:11:00,AWS_001,24.18,1006.19,70.19
2026-01-02 22:12:00,AWS_001,23.88,1009.13,71.49
2026-01-02 22:13:00,AWS_001,23.44,1004.97,68.35
2026-01-02 22:14:00,AWS_001,24.61,1006.63,68.02
2026-01-02 22:15:00,AWS_001,25.07,1005.54,71.93
2026-01-02 22:16:00,AWS_001,24.88,1008.39,72.14
2026-01-02 22:17:00,AWS_001,24.72,1006.71,69.23
2026-01-02 22:18:00,AWS_001,24.31,1006.79,68.67
2026-01-02 22:19:00,AWS_001,24.81,1007.29,72.41
2026-01-02 22:20:00,AWS_001,25.0,1006.94,68.64
2026-01-02 22:21:00,AWS_001,24.59,1006.48,70.13
2026-01-02 22:22:00,AWS_001,24.08,1005.96,69.83
2026-01-02 22:23:00,AWS_001,24.37,1007.11,66.99
2026-01-02 22:24:00,AWS_001,25.27,1007.28,70.27
2026-01-02 22:25:00,AWS_001,24.58,1007.55,70.02
2026-01-02 22:26:00,AWS_001,23.3,1008.53,70.51
2026-01-02 22:27:00,AWS_001,24.06,1005.27,70.05
2026-01-02 22:28:00,AWS_001,24.5,1006.96,73.96
2026-01-02 22:29:00,AWS_001,25.1,1007.98,71.96
2026-01-02 22:30:00,AWS_001,24.6,1006.93,69.67
2026-01-02 22:31:00,AWS_001,25.15,1005.17,69.8
2026-01-02 22:32:00,AWS_001,24.54,1006.02,73.02
2026-01-02 22:33:00,AWS_001,23.99,1007.32,71.17
2026-01-02 22:34:00,AWS_001,24.59,1007.3,66.94
2026-01-02 22:35:00,AWS_001,24.95,1007.61,71.25
2026-01-02 22:36:00,AWS_001,24.94,1006.46,71.79
2026-01-02 22:37:00,AWS_001,24.35,1007.3,72.49
2026-01-02 22:38:00,AWS_001,24.73,1006.34,68.4
2026-01-02 22:39:00,AWS_001,25.97,1007.32,68.2
2026-01-02 22:40:00,AWS_001,24.42,1007.16,67.22
2026-01-02 22:41:00,AWS_001,25.2,1006.47,69.67
2026-01-02 22:42:00,AWS_001,24.12,1008.38,70.47
2026-01-02 22:43:00,AWS_001,25.32,1005.78,67.93
2026-01-02 22:44:00,AWS_001,24.64,1007.04,68.62
2026-01-02 22:45:00,AWS_001,25.18,1006.49,64.75
2026-01-02 22:46:00,AWS_001,24.52,1008.64,71.83
2026-01-02 22:47:00,AWS_001,25.17,1007.66,65.63
2026-01-02 22:48:00,AWS_001,24.72,1006.67,69.46
2026-01-02 22:49:00,AWS_001,24.81,1006.97,69.13
2026-01-02 22:50:00,AWS_001,25.3,1008.69,68.7
2026-01-02 22:51:00,AWS_001,24.97,1006.45,68.7
2026-01-02 22:52:00,AWS_001,25.31,1005.81,66.48
2026-01-02 22:53:00,AWS_001,25.11,1007.46,67.8
2026-01-02 22:54:00,AWS_001,25.23,1007.49,70.35
2026-01-02 22:55:00,AWS_001,25.4,1007.78,70.89
2026-01-02 22:56:00,AWS_001,25.11,1007.79,67.47
2026-01-02 22:57:00,AWS_001,24.87,1008.68,65.14
2026-01-02 22:58:00,AWS_001,25.07,1005.9,66.65
2026-01-02 22:59:00,AWS_001,25.79,1006.32,71.86
2026-01-02 23:00:00,AWS_001,25.38,1007.82,66.67
2026-01-02 23:01:00,AWS_001,25.01,1006.41,67.86
2026-01-02 23:02:00,AWS_001,25.53,1006.14,70.84
2026-01-02 23:03:00,AWS_001,25.58,1008.81,66.9
2026-01-02 23:04:00,AWS_001,25.62,1006.03,67.57
2026-01-02 23:05:00,AWS_001,25.04,1007.05,69.44
2026-01-02 23:06:00,AWS_001,25.18,1007.29,71.22
2026-01-02 23:07:00,AWS_001,25.21,1008.4,66.46
2026-01-02 23:08:00,AWS_001,25.35,1005.86,70.48
2026-01-02 23:09:00,AWS_001,25.74,1007.7,67.09
2026-01-02 23:10:00,AWS_001,25.66,1006.66,65.83
2026-01-02 23:11:00,AWS_001,25.71,1007.89,68.05
2026-01-02 23:12:00,AWS_001,26.13,1006.67,65.18
2026-01-02 23:13:00,AWS_001,25.88,1008.66,68.39
2026-01-02 23:14:00,AWS_001,25.57,1006.69,73.69
2026-01-02 23:15:00,AWS_001,25.17,1005.45,69.55
2026-01-02 23:16:00,AWS_001,25.38,1006.8,67.08
2026-01-02 23:17:00,AWS_001,25.59,1007.23,69.34
2026-01-02 23:18:00,AWS_001,26.04,1008.31,65.32
2026-01-02 23:19:00,AWS_001,25.72,1006.45,65.61
2026-01-02 23:20:00,AWS_001,25.49,1006.47,66.93
2026-01-02 23:21:00,AWS_001,25.48,1008.24,67.21
2026-01-02 23:22:00,AWS_001,25.77,1006.38,64.39
2026-01-02 23:23:00,AWS_001,26.18,1007.35,66.32
2026-01-02 23:24:00,AWS_001,26.48,1007.37,66.59
2026-01-02 23:25:00,AWS_001,25.78,1007.68,69.91
2026-01-02 23:26:00,AWS_001,25.87,1006.92,64.19
2026-01-02 23:27:00,AWS_001,25.42,1006.78,63.95
2026-01-02 23:28:00,AWS_001,26.7,1007.8,67.02
2026-01-02 23:29:00,AWS_001,25.39,1006.82,68.92
2026-01-02 23:30:00,AWS_001,26.44,1006.46,67.67
2026-01-02 23:31:00,AWS_001,25.85,1008.54,67.12
2026-01-02 23:32:00,AWS_001,25.77,1007.96,65.89
2026-01-02 23:33:00,AWS_001,25.59,1008.99,67.76
2026-01-02 23:34:00,AWS_001,27.02,1008.21,68.01
2026-01-02 23:35:00,AWS_001,26.17,1006.58,65.79
2026-01-02 23:36:00,AWS_001,26.11,1007.68,64.36
2026-01-02 23:37:00,AWS_001,26.48,1006.8,64.32
2026-01-02 23:38:00,AWS_001,25.88,1006.3,67.91
2026-01-02 23:39:00,AWS_001,26.17,1007.27,63.01
2026-01-02 23:40:00,AWS_001,26.21,1008.42,69.4
2026-01-02 23:41:00,AWS_001,26.0,1007.87,65.08
2026-01-02 23:42:00,AWS_001,26.71,1006.54,66.56
2026-01-02 23:43:00,AWS_001,26.17,1007.28,67.29
2026-01-02 23:44:00,AWS_001,25.65,1007.56,64.47
2026-01-02 23:45:00,AWS_001,26.18,1006.33,64.87
2026-01-02 23:46:00,AWS_001,26.42,1008.26,66.0
2026-01-02 23:47:00,AWS_001,25.98,1007.52,63.97
2026-01-02 23:48:00,AWS_001,26.04,1006.59,63.49
2026-01-02 23:49:00,AWS_001,26.17,1006.56,63.62
2026-01-02 23:50:00,AWS_001,26.89,1008.61,67.94
2026-01-02 23:51:00,AWS_001,26.23,1007.43,66.27
2026-01-02 23:52:00,AWS_001,27.02,1008.69,63.83
2026-01-02 23:53:00,AWS_001,26.22,1009.01,67.11
2026-01-02 23:54:00,AWS_001,26.62,1008.58,63.84
2026-01-02 23:55:00,AWS_001,26.34,1007.34,61.36
2026-01-02 23:56:00,AWS_001,26.84,1005.78,66.6
2026-01-02 23:57:00,AWS_001,26.11,1008.04,68.45
2026-01-02 23:58:00,AWS_001,26.88,1009.47,66.22
2026-01-02 23:59:00,AWS_001,26.65,1007.77,61.28
2026-01-03 00:00:00,AWS_001,26.37,1006.22,64.95
2026-01-03 00:01:00,AWS_001,26.58,1007.28,64.4
2026-01-03 00:02:00,AWS_001,27.28,1007.68,65.65
2026-01-03 00:03:00,AWS_001,26.74,1006.96,63.15
2026-01-03 00:04:00,AWS_001,26.43,1005.8,64.12
2026-01-03 00:05:00,AWS_001,26.25,1007.78,61.9
2026-01-03 00:06:00,AWS_001,26.96,1007.24,65.13
2026-01-03 00:07:00,AWS_001,26.85,1009.29,61.87
2026-01-03 00:08:00,AWS_001,27.08,1007.96,65.46
2026-01-03 00:09:00,AWS_001,26.24,1008.27,63.03
2026-01-03 00:10:00,AWS_001,26.37,1007.8,58.19
2026-01-03 00:11:00,AWS_001,27.32,1007.98,66.01
2026-01-03 00:12:00,AWS_001,27.02,1006.59,65.36
2026-01-03 00:13:00,AWS_001,27.12,1007.09,67.03
2026-01-03 00:14:00,AWS_001,26.54,1008.8,60.09
2026-01-03 00:15:00,AWS_001,26.56,1008.11,62.91
2026-01-03 00:16:00,AWS_001,27.37,1007.63,64.43
2026-01-03 00:17:00,AWS_001,27.41,1008.35,65.25
2026-01-03 00:18:00,AWS_001,26.58,1008.37,61.13
2026-01-03 00:19:00,AWS_001,26.53,1009.57,64.87
2026-01-03 00:20:00,AWS_001,27.02,1008.12,62.81
2026-01-03 00:21:00,AWS_001,26.76,1007.14,60.19
2026-01-03 00:22:00,AWS_001,26.77,1007.91,62.35
2026-01-03 00:23:00,AWS_001,26.62,1008.5,64.83
2026-01-03 00:24:00,AWS_001,26.96,1008.82,60.12
2026-01-03 00:25:00,AWS_001,26.71,1006.74,64.97
2026-01-03 00:26:00,AWS_001,26.75,1008.24,64.21
2026-01-03 00:27:00,AWS_001,27.33,1007.33,63.08
2026-01-03 00:28:00,AWS_001,27.21,1007.6,60.27
2026-01-03 00:29:00,AWS_001,27.45,1008.74,60.38
2026-01-03 00:30:00,AWS_001,26.62,1008.67,62.64
2026-01-03 00:31:00,AWS_001,27.3,1007.54,61.13
2026-01-03 00:32:00,AWS_001,28.15,1007.96,62.66
2026-01-03 00:33:00,AWS_001,27.19,1007.67,65.09
2026-01-03 00:34:00,AWS_001,27.69,1010.42,62.68
2026-01-03 00:35:00,AWS_001,27.71,1008.34,62.57
2026-01-03 00:36:00,AWS_001,27.75,1007.45,62.52
2026-01-03 00:37:00,AWS_001,27.49,1009.19,65.1
2026-01-03 00:38:00,AWS_001,27.68,1009.23,65.61
2026-01-03 00:39:00,AWS_001,27.75,1009.59,63.81
2026-01-03 00:40:00,AWS_001,27.75,1009.83,63.19
2026-01-03 00:41:00,AWS_001,27.07,1008.74,63.32
2026-01-03 00:42:00,AWS_001,26.85,1007.9,65.67
2026-01-03 00:43:00,AWS_001,26.93,1008.02,63.71
2026-01-03 00:44:00,AWS_001,27.47,1007.96,65.76
2026-01-03 00:45:00,AWS_001,27.84,1007.88,61.82
2026-01-03 00:46:00,AWS_001,27.18,1009.2,59.94
2026-01-03 00:47:00,AWS_001,28.01,1008.22,61.22
2026-01-03 00:48:00,AWS_001,27.46,1009.01,61.38
2026-01-03 00:49:00,AWS_001,27.49,1008.78,65.66
2026-01-03 00:50:00,AWS_001,27.37,1007.37,63.88
2026-01-03 00:51:00,AWS_001,26.97,1006.88,61.08
2026-01-03 00:52:00,AWS_001,27.84,1007.28,63.92
2026-01-03 00:53:00,AWS_001,28.45,1007.93,61.99
2026-01-03 00:54:00,AWS_001,27.77,1008.39,65.47
2026-01-03 00:55:00,AWS_001,27.07,1007.77,61.48
2026-01-03 00:56:00,AWS_001,28.15,1008.86,59.02
2026-01-03 00:57:00,AWS_001,27.2,1007.89,61.67
2026-01-03 00:58:00,AWS_001,27.39,1008.52,61.33
2026-01-03 00:59:00,AWS_001,27.8,1008.42,59.26
2026-01-03 01:00:00,AWS_001,27.97,1009.72,63.07
2026-01-03 01:01:00,AWS_001,27.54,1007.56,64.69
2026-01-03 01:02:00,AWS_001,27.85,1010.12,59.55
2026-01-03 01:03:00,AWS_001,28.27,1007.88,63.69
2026-01-03 01:04:00,AWS_001,28.34,1007.3,60.48
2026-01-03 01:05:00,AWS_001,28.52,1008.2,61.59
2026-01-03 01:06:00,AWS_001,28.81,1010.98,61.33
2026-01-03 01:07:00,AWS_001,28.39,1009.11,61.49
2026-01-03 01:08:00,AWS_001,28.0,1008.89,62.44
2026-01-03 01:09:00,AWS_001,28.45,1009.05,59.39
2026-01-03 01:10:00,AWS_001,28.31,1007.8,63.98
2026-01-03 01:11:00,AWS_001,28.35,1008.69,62.35
2026-01-03 01:12:00,AWS_001,28.24,1008.44,62.96
2026-01-03 01:13:00,AWS_001,27.82,1009.89,59.68
2026-01-03 01:14:00,AWS_001,27.8,1008.37,58.96
2026-01-03 01:15:00,AWS_001,28.19,1008.16,63.51
2026-01-03 01:16:00,AWS_001,28.31,1007.54,58.78
2026-01-03 01:17:00,AWS_001,28.0,1008.59,61.34
2026-01-03 01:18:00,AWS_001,28.46,1008.72,63.03
2026-01-03 01:19:00,AWS_001,29.15,1007.54,60.69
2026-01-03 01:20:00,AWS_001,27.64,1008.87,63.24
2026-01-03 01:21:00,AWS_001,28.59,1008.7,60.3
2026-01-03 01:22:00,AWS_001,28.35,1009.33,58.24
2026-01-03 01:23:00,AWS_001,28.58,1009.5,61.5
2026-01-03 01:24:00,AWS_001,28.24,1008.62,61.1
2026-01-03 01:25:00,AWS_001,28.38,1007.72,66.03
2026-01-03 01:26:00,AWS_001,28.51,1007.89,58.71
2026-01-03 01:27:00,AWS_001,28.36,1009.98,60.05
2026-01-03 01:28:00,AWS_001,27.89,1008.71,59.04
2026-01-03 01:29:00,AWS_001,28.42,1009.98,60.17
2026-01-03 01:30:00,AWS_001,27.97,1008.99,60.04
2026-01-03 01:31:00,AWS_001,28.82,1009.2,58.61
2026-01-03 01:32:00,AWS_001,27.83,1009.36,61.25
2026-01-03 01:33:00,AWS_001,29.01,1007.64,59.83
2026-01-03 01:34:00,AWS_001,28.79,1008.87,62.91
2026-01-03 01:35:00,AWS_001,28.81,1007.65,58.87
2026-01-03 01:36:00,AWS_001,27.79,1008.42,63.84
2026-01-03 01:37:00,AWS_001,28.55,1009.16,60.62
2026-01-03 01:38:00,AWS_001,29.16,1007.84,62.57
2026-01-03 01:39:00,AWS_001,28.51,1009.12,60.21
2026-01-03 01:40:00,AWS_001,28.31,1007.48,58.37
2026-01-03 01:41:00,AWS_001,28.5,1009.6,59.35
2026-01-03 01:42:00,AWS_001,28.75,1008.16,57.06
2026-01-03 01:43:00,AWS_001,28.46,1007.88,59.56
2026-01-03 01:44:00,AWS_001,29.31,1007.56,60.08
2026-01-03 01:45:00,AWS_001,28.81,1008.26,59.78
2026-01-03 01:46:00,AWS_001,28.63,1007.2,62.31
2026-01-03 01:47:00,AWS_001,28.35,1008.3,59.3
2026-01-03 01:48:00,AWS_001,29.09,1009.63,55.76
2026-01-03 01:49:00,AWS_001,29.1,1008.6,66.59
2026-01-03 01:50:00,AWS_001,28.62,1007.82,58.08
2026-01-03 01:51:00,AWS_001,28.06,1008.95,61.35
2026-01-03 01:52:00,AWS_001,29.14,1008.89,56.36
2026-01-03 01:53:00,AWS_001,28.92,1010.35,59.81
2026-01-03 01:54:00,AWS_001,29.14,1009.43,57.69
2026-01-03 01:55:00,AWS_001,29.81,1009.05,53.58
2026-01-03 01:56:00,AWS_001,29.04,1009.54,58.62
2026-01-03 01:57:00,AWS_001,28.86,1008.71,59.04
2026-01-03 01:58:00,AWS_001,28.63,1008.77,58.65
2026-01-03 01:59:00,AWS_001,28.98,1010.17,59.53
2026-01-01 00:00:00,AWS_002,27.34,1009.05,63.08
2026-01-01 00:01:00,AWS_002,27.25,1007.66,64.5
2026-01-01 00:02:00,AWS_002,26.71,1008.07,64.49
2026-01-01 00:03:00,AWS_002,27.15,1008.4,62.37
2026-01-01 00:04:00,AWS_002,27.38,1007.12,63.95
2026-01-01 00:05:00,AWS_002,27.43,1009.5,60.59
2026-01-01 00:06:00,AWS_002,26.9,1008.23,68.51
2026-01-01 00:07:00,AWS_002,27.98,1008.47,62.76
2026-01-01 00:08:00,AWS_002,27.5,1007.79,67.75
2026-01-01 00:09:00,AWS_002,27.58,1007.2,64.61
2026-01-01 00:10:00,AWS_002,27.74,1007.79,65.61
2026-01-01 00:11:00,AWS_002,27.29,1008.45,63.45
2026-01-01 00:12:00,AWS_002,27.81,1008.83,64.79
2026-01-01 00:13:00,AWS_002,27.5,1008.43,65.62
2026-01-01 00:14:00,AWS_002,27.31,1008.58,65.6
2026-01-01 00:15:00,AWS_002,27.92,1008.04,65.76
2026-01-01 00:16:00,AWS_002,28.31,1008.72,63.43
2026-01-01 00:17:00,AWS_002,28.03,1009.52,63.15
2026-01-01 00:18:00,AWS_002,28.13,1008.9,60.87
2026-01-01 00:19:00,AWS_002,27.57,1009.0,65.05
2026-01-01 00:20:00,AWS_002,27.16,1008.59,66.12
2026-01-01 00:21:00,AWS_002,28.42,1007.16,67.13
2026-01-01 00:22:00,AWS_002,28.67,1007.54,64.46
2026-01-01 00:23:00,AWS_002,28.48,1008.75,62.26
2026-01-01 00:24:00,AWS_002,27.75,1008.38,60.35
2026-01-01 00:25:00,AWS_002,27.45,1008.75,65.78
2026-01-01 00:26:00,AWS_002,27.51,1009.75,60.05
2026-01-01 00:27:00,AWS_002,27.28,1009.0,62.91
2026-01-01 00:28:00,AWS_002,27.93,1009.43,63.09
2026-01-01 00:29:00,AWS_002,28.64,1008.51,63.35
2026-01-01 00:30:00,AWS_002,27.96,1007.8,63.51
2026-01-01 00:31:00,AWS_002,28.16,1008.41,63.66
2026-01-01 00:32:00,AWS_002,28.61,1007.82,58.5
2026-01-01 00:33:00,AWS_002,27.92,1009.72,63.31
2026-01-01 00:34:00,AWS_002,28.92,1009.11,58.77
2026-01-01 00:35:00,AWS_002,28.92,1008.9,64.64
2026-01-01 00:36:00,AWS_002,28.1,1009.49,62.01
2026-01-01 00:37:00,AWS_002,27.94,1006.89,58.76
2026-01-01 00:38:00,AWS_002,28.47,1008.98,61.39
2026-01-01 00:39:00,AWS_002,28.07,1007.47,61.83
2026-01-01 00:40:00,AWS_002,27.77,1008.53,65.3
2026-01-01 00:41:00,AWS_002,28.77,1008.29,63.26
2026-01-01 00:42:00,AWS_002,28.76,1009.08,63.5
2026-01-01 00:43:00,AWS_002,28.36,1008.74,65.12
2026-01-01 00:44:00,AWS_002,27.81,1009.64,62.52
2026-01-01 00:45:00,AWS_002,27.85,1008.09,64.17
2026-01-01 00:46:00,AWS_002,28.41,1009.15,63.98
2026-01-01 00:47:00,AWS_002,28.18,1008.72,59.98
2026-01-01 00:48:00,AWS_002,28.27,1007.29,65.45
2026-01-01 00:49:00,AWS_002,28.84,1007.87,59.61
2026-01-01 00:50:00,AWS_002,28.74,1008.5,64.24
2026-01-01 00:51:00,AWS_002,29.02,1009.52,59.32
2026-01-01 00:52:00,AWS_002,28.09,1009.01,63.5
2026-01-01 00:53:00,AWS_002,28.37,1007.71,65.97
2026-01-01 00:54:00,AWS_002,28.84,1008.54,61.77
2026-01-01 00:55:00,AWS_002,28.73,1010.28,61.64
2026-01-01 00:56:00,AWS_002,29.19,1008.76,63.32
2026-01-01 00:57:00,AWS_002,28.76,1008.42,61.39
2026-01-01 00:58:00,AWS_002,29.36,1009.08,65.63
2026-01-01 00:59:00,AWS_002,28.85,1009.31,62.33
2026-01-01 01:00:00,AWS_002,29.08,1008.34,61.25
2026-01-01 01:01:00,AWS_002,28.55,1009.12,60.76
2026-01-01 01:02:00,AWS_002,28.71,1008.46,59.93
2026-01-01 01:03:00,AWS_002,29.09,1009.31,60.49
2026-01-01 01:04:00,AWS_002,29.39,1008.88,60.99
2026-01-01 01:05:00,AWS_002,29.06,1009.13,60.67
2026-01-01 01:06:00,AWS_002,28.75,1008.15,60.28
2026-01-01 01:07:00,AWS_002,29.36,1008.11,65.74
2026-01-01 01:08:00,AWS_002,27.95,1009.53,59.43
2026-01-01 01:09:00,AWS_002,28.28,1008.72,61.73
2026-01-01 01:10:00,AWS_002,29.14,1009.02,62.58
2026-01-01 01:11:00,AWS_002,28.9,1008.55,62.6
2026-01-01 01:12:00,AWS_002,29.15,1009.53,61.17
2026-01-01 01:13:00,AWS_002,28.96,1008.33,60.76
2026-01-01 01:14:00,AWS_002,29.18,1008.72,62.1
2026-01-01 01:15:00,AWS_002,28.65,1009.46,61.68
2026-01-01 01:16:00,AWS_002,29.22,1009.78,60.58
2026-01-01 01:17:00,AWS_002,29.41,1008.43,57.92
2026-01-01 01:18:00,AWS_002,29.52,1010.43,60.06
2026-01-01 01:19:00,AWS_002,29.86,1009.12,58.65
2026-01-01 01:20:00,AWS_002,29.17,1008.04,59.56
2026-01-01 01:21:00,AWS_002,29.21,1009.18,60.91
2026-01-01 01:22:00,AWS_002,28.51,1008.59,61.51
2026-01-01 01:23:00,AWS_002,28.92,1009.25,64.31
2026-01-01 01:24:00,AWS_002,29.08,1008.88,59.62
2026-01-01 01:25:00,AWS_002,29.6,1008.98,62.2
2026-01-01 01:26:00,AWS_002,28.95,1008.2,61.21
2026-01-01 01:27:00,AWS_002,29.54,1009.73,63.15
2026-01-01 01:28:00,AWS_002,29.24,1008.02,61.66
2026-01-01 01:29:00,AWS_002,29.19,1008.07,58.44
2026-01-01 01:30:00,AWS_002,29.38,1009.26,56.96
2026-01-01 01:31:00,AWS_002,29.14,1010.25,60.98
2026-01-01 01:32:00,AWS_002,29.15,1008.7,59.25
2026-01-01 01:33:00,AWS_002,28.66,1009.55,58.3
2026-01-01 01:34:00,AWS_002,29.26,1009.86,57.68
2026-01-01 01:35:00,AWS_002,29.19,1009.66,60.49
2026-01-01 01:36:00,AWS_002,29.19,1008.77,63.13
2026-01-01 01:37:00,AWS_002,29.59,1008.15,59.25
2026-01-01 01:38:00,AWS_002,29.7,1007.27,61.2
2026-01-01 01:39:00,AWS_002,29.55,1008.83,59.77
2026-01-01 01:40:00,AWS_002,29.88,1009.99,57.35
2026-01-01 01:41:00,AWS_002,29.73,1008.16,61.35
2026-01-01 01:42:00,AWS_002,29.4,1009.63,57.64
2026-01-01 01:43:00,AWS_002,29.35,1008.31,59.83
2026-01-01 01:44:00,AWS_002,29.68,1009.17,59.06
2026-01-01 01:45:00,AWS_002,29.81,1009.66,61.48
2026-01-01 01:46:00,AWS_002,30.16,1008.57,57.53
2026-01-01 01:47:00,AWS_002,30.09,1009.24,60.38
2026-01-01 01:48:00,AWS_002,29.42,1008.78,57.87
2026-01-01 01:49:00,AWS_002,29.61,1009.69,58.48
2026-01-01 01:50:00,AWS_002,29.94,1009.32,52.19
2026-01-01 01:51:00,AWS_002,30.12,1009.19,63.6
2026-01-01 01:52:00,AWS_002,30.09,1010.4,60.47
2026-01-01 01:53:00,AWS_002,29.71,1009.69,57.79
2026-01-01 01:54:00,AWS_002,29.25,1008.62,57.02
2026-01-01 01:55:00,AWS_002,29.37,1009.11,58.24
2026-01-01 01:56:00,AWS_002,29.9,1009.12,60.62
2026-01-01 01:57:00,AWS_002,29.95,1009.26,55.35
2026-01-01 01:58:00,AWS_002,29.39,1011.22,58.81
2026-01-01 01:59:00,AWS_002,29.86,1009.51,62.59
2026-01-01 02:00:00,AWS_002,30.12,1007.59,56.73
2026-01-01 02:01:00,AWS_002,29.42,1008.79,59.12
2026-01-01 02:02:00,AWS_002,30.35,1007.69,63.32
2026-01-01 02:03:00,AWS_002,29.77,1008.98,60.13
2026-01-01 02:04:00,AWS_002,30.44,1007.66,59.07
2026-01-01 02:05:00,AWS_002,29.75,1008.56,59.79
2026-01-01 02:06:00,AWS_002,29.57,1008.05,57.93
2026-01-01 02:07:00,AWS_002,29.81,1009.58,61.28
2026-01-01 02:08:00,AWS_002,29.98,1009.29,57.84
2026-01-01 02:09:00,AWS_002,29.88,1009.54,54.68
2026-01-01 02:10:00,AWS_002,29.97,1009.22,57.77
2026-01-01 02:11:00,AWS_002,30.2,1008.2,56.57
2026-01-01 02:12:00,AWS_002,30.02,1009.73,57.9
2026-01-01 02:13:00,AWS_002,30.08,1010.87,57.9
2026-01-01 02:14:00,AWS_002,29.44,1009.66,60.77
2026-01-01 02:15:00,AWS_002,30.3,1009.0,59.72
2026-01-01 02:16:00,AWS_002,30.13,1008.21,58.82
2026-01-01 02:17:00,AWS_002,30.82,1008.63,58.24
2026-01-01 02:18:00,AWS_002,29.82,1009.73,56.09
2026-01-01 02:19:00,AWS_002,29.49,1010.24,53.8
2026-01-01 02:20:00,AWS_002,30.48,1009.59,58.34
2026-01-01 02:21:00,AWS_002,30.39,1010.03,59.66
2026-01-01 02:22:00,AWS_002,29.87,1009.97,57.81
2026-01-01 02:23:00,AWS_002,29.67,1009.82,56.92
2026-01-01 02:24:00,AWS_002,30.92,1008.89,58.88
2026-01-01 02:25:00,AWS_002,30.89,1009.57,57.74
2026-01-01 02:26:00,AWS_002,29.34,1008.76,61.23
2026-01-01 02:27:00,AWS_002,30.17,1009.46,60.29
2026-01-01 02:28:00,AWS_002,31.04,1009.72,59.7
2026-01-01 02:29:00,AWS_002,30.2,1010.8,59.25
2026-01-01 02:30:00,AWS_002,30.21,1008.42,55.11
2026-01-01 02:31:00,AWS_002,30.31,1009.86,58.98
2026-01-01 02:32:00,AWS_002,30.0,1010.67,58.36
2026-01-01 02:33:00,AWS_002,29.78,1010.1,58.78
2026-01-01 02:34:00,AWS_002,30.9,1010.17,58.52
2026-01-01 02:35:00,AWS_002,29.76,1009.98,58.39
2026-01-01 02:36:00,AWS_002,30.61,1010.56,62.85
2026-01-01 02:37:00,AWS_002,30.88,1008.66,57.26
2026-01-01 02:38:00,AWS_002,29.97,1008.43,59.24
2026-01-01 02:39:00,AWS_002,30.19,1009.54,56.38
2026-01-01 02:40:00,AWS_002,31.06,1007.82,58.87
2026-01-01 02:41:00,AWS_002,30.81,1010.54,59.13
2026-01-01 02:42:00,AWS_002,30.37,1010.54,57.94
2026-01-01 02:43:00,AWS_002,31.11,1009.23,60.51
2026-01-01 02:44:00,AWS_002,31.13,1009.29,55.36
2026-01-01 02:45:00,AWS_002,30.77,1009.53,56.11
2026-01-01 02:46:00,AWS_002,30.32,1009.64,57.47
2026-01-01 02:47:00,AWS_002,30.53,1009.71,58.77
2026-01-01 02:48:00,AWS_002,30.83,1010.06,57.33
2026-01-01 02:49:00,AWS_002,30.65,1009.49,59.5
2026-01-01 02:50:00,AWS_002,31.12,1010.39,55.57
2026-01-01 02:51:00,AWS_002,30.15,1010.0,54.57
2026-01-01 02:52:00,AWS_002,30.18,1009.16,57.43
2026-01-01 02:53:00,AWS_002,30.86,1010.73,56.62
2026-01-01 02:54:00,AWS_002,30.61,1008.58,57.83
2026-01-01 02:55:00,AWS_002,30.57,1009.6,56.65
2026-01-01 02:56:00,AWS_002,30.13,1010.45,55.98
2026-01-01 02:57:00,AWS_002,30.86,1009.11,56.48
2026-01-01 02:58:00,AWS_002,30.85,1009.95,56.65
2026-01-01 02:59:00,AWS_002,31.15,1010.14,55.94
2026-01-01 03:00:00,AWS_002,30.93,1009.03,56.11
2026-01-01 03:01:00,AWS_002,30.86,1009.66,55.67
2026-01-01 03:02:00,AWS_002,31.4,1009.6,58.15
2026-01-01 03:03:00,AWS_002,30.42,1009.3,56.79
2026-01-01 03:04:00,AWS_002,31.18,1011.59,60.88
2026-01-01 03:05:00,AWS_002,30.31,1009.14,56.65
2026-01-01 03:06:00,AWS_002,30.66,1010.57,55.19
2026-01-01 03:07:00,AWS_002,30.52,1009.46,61.6
2026-01-01 03:08:00,AWS_002,31.34,1008.91,57.05
2026-01-01 03:09:00,AWS_002,31.01,1009.87,58.17
2026-01-01 03:10:00,AWS_002,31.05,1010.31,57.34
2026-01-01 03:11:00,AWS_002,30.62,1010.54,57.36
2026-01-01 03:12:00,AWS_002,30.96,1011.06,57.15
2026-01-01 03:13:00,AWS_002,30.79,1012.17,53.84
2026-01-01 03:14:00,AWS_002,31.26,1010.03,56.75
2026-01-01 03:15:00,AWS_002,30.73,1009.3,53.33
2026-01-01 03:16:00,AWS_002,31.67,1010.2,55.59
2026-01-01 03:17:00,AWS_002,30.48,1009.64,54.46
2026-01-01 03:18:00,AWS_002,30.85,1010.6,56.59
2026-01-01 03:19:00,AWS_002,31.85,1008.83,56.51
2026-01-01 03:20:00,AWS_002,31.02,1011.77,56.77
2026-01-01 03:21:00,AWS_002,30.68,1010.57,56.35
2026-01-01 03:22:00,AWS_002,31.31,1008.54,54.53
2026-01-01 03:23:00,AWS_002,31.05,1009.33,55.19
2026-01-01 03:24:00,AWS_002,30.92,1010.56,57.52
2026-01-01 03:25:00,AWS_002,30.83,1010.85,57.78
2026-01-01 03:26:00,AWS_002,32.39,1008.9,53.32
2026-01-01 03:27:00,AWS_002,31.19,1010.5,52.51
2026-01-01 03:28:00,AWS_002,30.54,1008.38,54.09
2026-01-01 03:29:00,AWS_002,31.92,1009.87,57.6
2026-01-01 03:30:00,AWS_002,31.58,1010.84,57.91
2026-01-01 03:31:00,AWS_002,31.04,1009.52,53.6
2026-01-01 03:32:00,AWS_002,30.99,1008.76,56.03
2026-01-01 03:33:00,AWS_002,31.64,1010.09,59.05
2026-01-01 03:34:00,AWS_002,31.29,1009.5,56.18
2026-01-01 03:35:00,AWS_002,30.63,1010.49,58.17
2026-01-01 03:36:00,AWS_002,32.13,1009.29,57.29
2026-01-01 03:37:00,AWS_002,31.25,1009.39,53.44
2026-01-01 03:38:00,AWS_002,32.03,1008.4,54.85
2026-01-01 03:39:00,AWS_002,31.96,1010.16,55.27
2026-01-01 03:40:00,AWS_002,31.06,1009.9,55.38
2026-01-01 03:41:00,AWS_002,31.89,1009.09,56.97
2026-01-01 03:42:00,AWS_002,31.23,1010.2,55.93
2026-01-01 03:43:00,AWS_002,30.75,1010.87,49.21
2026-01-01 03:44:00,AWS_002,31.34,1009.89,52.43
2026-01-01 03:45:00,AWS_002,31.68,1010.28,50.65
2026-01-01 03:46:00,AWS_002,31.35,1010.29,55.34
2026-01-01 03:47:00,AWS_002,31.42,1009.12,55.45
2026-01-01 03:48:00,AWS_002,32.02,1011.74,55.5
2026-01-01 03:49:00,AWS_002,31.61,1009.72,52.99
2026-01-01 03:50:00,AWS_002,31.25,1010.63,56.23
2026-01-01 03:51:00,AWS_002,31.88,1010.73,56.28
2026-01-01 03:52:00,AWS_002,31.68,1010.01,52.31
2026-01-01 03:53:00,AWS_002,30.61,1010.62,51.86
2026-01-01 03:54:00,AWS_002,31.8,1010.33,54.77
2026-01-01 03:55:00,AWS_002,31.8,1009.01,58.32
2026-01-01 03:56:00,AWS_002,31.66,1009.89,58.11
2026-01-01 03:57:00,AWS_002,32.02,1009.67,55.81
2026-01-01 03:58:00,AWS_002,31.4,1009.8,53.2
2026-01-01 03:59:00,AWS_002,31.82,1009.13,56.41
2026-01-01 04:00:00,AWS_002,31.07,1011.08,53.7
2026-01-01 04:01:00,AWS_002,31.87,1011.47,53.05
2026-01-01 04:02:00,AWS_002,32.5,1010.98,50.27
2026-01-01 04:03:00,AWS_002,31.33,1011.22,54.73
2026-01-01 04:04:00,AWS_002,31.43,1009.94,53.24
2026-01-01 04:05:00,AWS_002,31.47,1009.71,54.67
2026-01-01 04:06:00,AWS_002,31.81,1009.61,49.86
2026-01-01 04:07:00,AWS_002,31.34,1010.75,54.77
2026-01-01 04:08:00,AWS_002,31.95,1010.42,49.54
2026-01-01 04:09:00,AWS_002,32.13,1010.19,56.56
2026-01-01 04:10:00,AWS_002,32.01,1011.29,55.4
2026-01-01 04:11:00,AWS_002,31.1,1010.59,53.77
2026-01-01 04:12:00,AWS_002,32.22,1009.6,55.43
2026-01-01 04:13:00,AWS_002,32.21,1009.74,52.33
2026-01-01 04:14:00,AWS_002,32.17,1010.83,54.41
2026-01-01 04:15:00,AWS_002,32.0,1011.13,55.83
2026-01-01 04:16:00,AWS_002,31.95,1010.74,48.03
2026-01-01 04:17:00,AWS_002,32.28,1011.83,53.3
2026-01-01 04:18:00,AWS_002,32.65,1011.63,54.12
2026-01-01 04:19:00,AWS_002,31.51,1010.68,53.75
2026-01-01 04:20:00,AWS_002,32.33,1009.66,57.04
2026-01-01 04:21:00,AWS_002,31.87,1009.29,51.85
2026-01-01 04:22:00,AWS_002,31.86,1010.04,52.84
2026-01-01 04:23:00,AWS_002,31.31,1010.96,50.23
2026-01-01 04:24:00,AWS_002,31.82,1011.82,57.06
2026-01-01 04:25:00,AWS_002,31.54,1010.7,53.52
2026-01-01 04:26:00,AWS_002,31.77,1011.31,53.12
2026-01-01 04:27:00,AWS_002,31.52,1010.19,53.87
2026-01-01 04:28:00,AWS_002,31.79,1010.89,55.23
2026-01-01 04:29:00,AWS_002,31.81,1011.06,54.63
2026-01-01 04:30:00,AWS_002,32.02,1008.82,59.21
2026-01-01 04:31:00,AWS_002,31.35,1010.08,54.8
2026-01-01 04:32:00,AWS_002,31.42,1011.18,52.94
2026-01-01 04:33:00,AWS_002,32.15,1010.65,52.73
2026-01-01 04:34:00,AWS_002,31.7,1009.48,53.05
2026-01-01 04:35:00,AWS_002,32.46,1008.5,50.81
2026-01-01 04:36:00,AWS_002,32.12,1010.16,53.88
2026-01-01 04:37:00,AWS_002,32.28,1010.4,55.35
2026-01-01 04:38:00,AWS_002,32.61,1009.76,52.53
2026-01-01 04:39:00,AWS_002,31.93,1010.58,52.13
2026-01-01 04:40:00,AWS_002,31.83,1010.88,56.76
2026-01-01 04:41:00,AWS_002,32.42,1011.02,50.85
2026-01-01 04:42:00,AWS_002,32.28,1008.61,49.55
2026-01-01 04:43:00,AWS_002,32.01,1009.45,51.37
2026-01-01 04:44:00,AWS_002,32.65,1010.26,50.57
2026-01-01 04:45:00,AWS_002,32.02,1010.97,54.41
2026-01-01 04:46:00,AWS_002,32.12,1010.91,52.9
2026-01-01 04:47:00,AWS_002,32.12,1010.9,53.16
2026-01-01 04:48:00,AWS_002,31.75,1010.23,55.89
2026-01-01 04:49:00,AWS_002,32.16,1010.28,52.19
2026-01-01 04:50:00,AWS_002,32.69,1009.97,55.11
2026-01-01 04:51:00,AWS_002,32.32,1011.17,56.56
2026-01-01 04:52:00,AWS_002,32.16,1009.83,52.61
2026-01-01 04:53:00,AWS_002,32.09,1011.25,54.98
2026-01-01 04:54:00,AWS_002,32.29,1010.74,53.01
2026-01-01 04:55:00,AWS_002,32.47,1010.55,55.33
2026-01-01 04:56:00,AWS_002,32.42,1010.06,50.32
2026-01-01 04:57:00,AWS_002,32.05,1009.51,50.16
2026-01-01 04:58:00,AWS_002,32.31,1010.09,52.65
2026-01-01 04:59:00,AWS_002,32.38,1010.35,51.64
2026-01-01 05:00:00,AWS_002,31.79,1008.72,52.38
2026-01-01 05:01:00,AWS_002,32.27,1010.47,52.96
2026-01-01 05:02:00,AWS_002,31.34,1011.37,54.82
2026-01-01 05:03:00,AWS_002,32.4,1011.09,52.55
2026-01-01 05:04:00,AWS_002,32.48,1010.25,51.71
2026-01-01 05:05:00,AWS_002,32.52,1010.69,52.64
2026-01-01 05:06:00,AWS_002,32.07,1010.21,51.79
2026-01-01 05:07:00,AWS_002,32.36,1010.79,51.45
2026-01-01 05:08:00,AWS_002,32.81,1011.9,50.08
2026-01-01 05:09:00,AWS_002,32.81,1011.45,53.43
2026-01-01 05:10:00,AWS_002,32.24,1011.1,52.15
2026-01-01 05:11:00,AWS_002,32.31,1010.3,55.21
2026-01-01 05:12:00,AWS_002,32.7,1011.3,50.37
2026-01-01 05:13:00,AWS_002,31.66,1009.36,52.17
2026-01-01 05:14:00,AWS_002,32.14,1010.51,56.87
2026-01-01 05:15:00,AWS_002,32.8,1011.19,51.35
2026-01-01 05:16:00,AWS_002,32.66,1011.32,52.75
2026-01-01 05:17:00,AWS_002,32.43,1011.27,50.78
2026-01-01 05:18:00,AWS_002,31.68,1010.98,50.5
2026-01-01 05:19:00,AWS_002,32.27,1010.59,56.29
2026-01-01 05:20:00,AWS_002,32.05,1011.18,53.52
2026-01-01 05:21:00,AWS_002,32.43,1010.0,53.44
2026-01-01 05:22:00,AWS_002,31.97,1010.09,49.77
2026-01-01 05:23:00,AWS_002,31.89,1010.82,53.87
2026-01-01 05:24:00,AWS_002,31.48,1010.92,55.46
2026-01-01 05:25:00,AWS_002,32.8,1009.33,55.44
2026-01-01 05:26:00,AWS_002,32.15,1011.16,54.47
2026-01-01 05:27:00,AWS_002,32.38,1011.42,50.87
2026-01-01 05:28:00,AWS_002,32.32,1010.75,53.74
2026-01-01 05:29:00,AWS_002,31.89,1012.71,54.44
2026-01-01 05:30:00,AWS_002,31.82,1010.27,49.51
2026-01-01 05:31:00,AWS_002,31.92,1010.54,50.85
2026-01-01 05:32:00,AWS_002,32.04,1010.52,54.87
2026-01-01 05:33:00,AWS_002,32.48,1010.78,54.84
2026-01-01 05:34:00,AWS_002,32.02,1010.58,49.98
2026-01-01 05:35:00,AWS_002,33.03,1009.73,54.66
2026-01-01 05:36:00,AWS_002,32.75,1010.42,53.26
2026-01-01 05:37:00,AWS_002,32.66,1010.79,54.62
2026-01-01 05:38:00,AWS_002,32.29,1011.86,51.79
2026-01-01 05:39:00,AWS_002,32.95,1012.64,54.34
2026-01-01 05:40:00,AWS_002,32.26,1011.95,54.73
2026-01-01 05:41:00,AWS_002,32.34,1010.27,52.34
2026-01-01 05:42:00,AWS_002,32.42,1010.34,53.07
2026-01-01 05:43:00,AWS_002,32.63,1010.78,51.74
2026-01-01 05:44:00,AWS_002,32.61,1012.34,56.33
2026-01-01 05:45:00,AWS_002,32.16,1010.78,52.79
2026-01-01 05:46:00,AWS_002,32.14,1009.86,51.18
2026-01-01 05:47:00,AWS_002,32.61,1010.53,51.59
2026-01-01 05:48:00,AWS_002,32.64,1011.54,53.27
2026-01-01 05:49:00,AWS_002,32.2,1011.49,54.52
2026-01-01 05:50:00,AWS_002,31.73,1010.79,50.34
2026-01-01 05:51:00,AWS_002,32.28,1011.5,56.7
2026-01-01 05:52:00,AWS_002,32.61,1009.14,53.62
2026-01-01 05:53:00,AWS_002,33.09,1011.05,53.94
2026-01-01 05:54:00,AWS_002,31.88,1011.66,52.81
2026-01-01 05:55:00,AWS_002,32.19,1010.31,53.04
2026-01-01 05:56:00,AWS_002,32.21,1010.32,52.71
2026-01-01 05:57:00,AWS_002,32.91,1009.5,55.04
2026-01-01 05:58:00,AWS_002,32.35,1012.27,52.98
2026-01-01 05:59:00,AWS_002,32.0,1010.43,54.53
2026-01-01 06:00:00,AWS_002,32.59,1011.2,52.13
2026-01-01 06:01:00,AWS_002,32.2,1011.5,53.39
2026-01-01 06:02:00,AWS_002,31.88,1012.23,51.39
2026-01-01 06:03:00,AWS_002,32.01,1010.91,55.43
2026-01-01 06:04:00,AWS_002,33.06,1010.6,51.33
2026-01-01 06:05:00,AWS_002,32.52,1011.18,52.35
2026-01-01 06:06:00,AWS_002,32.41,1012.08,52.37
2026-01-01 06:07:00,AWS_002,32.26,1010.92,52.3
2026-01-01 06:08:00,AWS_002,32.48,1010.3,54.45
2026-01-01 06:09:00,AWS_002,32.47,1009.83,52.38
2026-01-01 06:10:00,AWS_002,32.48,1010.1,55.8
2026-01-01 06:11:00,AWS_002,32.41,1011.77,51.38
2026-01-01 06:12:00,AWS_002,32.71,1010.83,53.36
2026-01-01 06:13:00,AWS_002,32.37,1010.6,51.47
2026-01-01 06:14:00,AWS_002,31.97,1010.52,53.86
2026-01-01 06:15:00,AWS_002,32.11,1011.17,52.99
2026-01-01 06:16:00,AWS_002,31.56,1010.92,52.72
2026-01-01 06:17:00,AWS_002,33.16,1010.9,55.41
2026-01-01 06:18:00,AWS_002,32.7,1012.2,51.73
2026-01-01 06:19:00,AWS_002,32.02,1012.36,54.21
2026-01-01 06:20:00,AWS_002,32.23,1009.84,51.51
2026-01-01 06:21:00,AWS_002,32.09,1011.4,53.28
2026-01-01 06:22:00,AWS_002,32.96,1010.52,50.66
2026-01-01 06:23:00,AWS_002,31.77,1010.95,51.74
2026-01-01 06:24:00,AWS_002,32.38,1011.4,52.9
2026-01-01 06:25:00,AWS_002,32.29,1010.99,56.7
2026-01-01 06:26:00,AWS_002,32.66,1011.35,53.28
2026-01-01 06:27:00,AWS_002,32.29,1011.71,56.39
2026-01-01 06:28:00,AWS_002,31.63,1011.41,53.53
2026-01-01 06:29:00,AWS_002,32.23,1010.67,52.32
2026-01-01 06:30:00,AWS_002,31.93,1010.69,56.18
2026-01-01 06:31:00,AWS_002,32.35,1010.04,53.98
2026-01-01 06:32:00,AWS_002,32.89,1010.52,51.83
2026-01-01 06:33:00,AWS_002,31.62,1012.78,54.07
2026-01-01 06:34:00,AWS_002,31.99,1010.58,52.55
2026-01-01 06:35:00,AWS_002,32.09,1010.26,49.16
2026-01-01 06:36:00,AWS_002,32.15,1011.48,55.02
2026-01-01 06:37:00,AWS_002,32.6,1011.14,55.35
2026-01-01 06:38:00,AWS_002,32.23,1011.08,56.84
2026-01-01 06:39:00,AWS_002,32.46,1012.37,54.02
2026-01-01 06:40:00,AWS_002,32.04,1011.69,52.68
2026-01-01 06:41:00,AWS_002,32.38,1010.83,54.86
2026-01-01 06:42:00,AWS_002,32.59,1010.92,54.9
2026-01-01 06:43:00,AWS_002,31.98,1010.86,56.49
2026-01-01 06:44:00,AWS_002,32.59,1011.97,53.13
2026-01-01 06:45:00,AWS_002,32.29,1011.03,52.9
2026-01-01 06:46:00,AWS_002,32.68,1009.85,51.81
2026-01-01 06:47:00,AWS_002,32.18,1011.25,54.33
2026-01-01 06:48:00,AWS_002,32.41,1010.06,50.17
2026-01-01 06:49:00,AWS_002,32.24,1013.04,54.83
2026-01-01 06:50:00,AWS_002,32.21,1010.53,54.46
2026-01-01 06:51:00,AWS_002,32.35,1011.18,54.47
2026-01-01 06:52:00,AWS_002,32.45,1011.52,53.58
2026-01-01 06:53:00,AWS_002,31.73,1011.09,56.39
2026-01-01 06:54:00,AWS_002,32.8,1011.09,55.08
2026-01-01 06:55:00,AWS_002,31.48,1011.67,52.13
2026-01-01 06:56:00,AWS_002,31.94,1012.56,52.18
2026-01-01 06:57:00,AWS_002,32.17,1011.95,51.61
2026-01-01 06:58:00,AWS_002,32.37,1012.53,54.48
2026-01-01 06:59:00,AWS_002,32.83,1010.51,51.4
2026-01-01 07:00:00,AWS_002,31.45,1011.61,55.58
2026-01-01 07:01:00,AWS_002,31.99,1011.49,56.07
2026-01-01 07:02:00,AWS_002,31.33,1011.65,51.68
2026-01-01 07:03:00,AWS_002,32.19,1012.47,53.08
2026-01-01 07:04:00,AWS_002,32.28,1011.2,53.5
2026-01-01 07:05:00,AWS_002,32.8,1011.06,55.25
2026-01-01 07:06:00,AWS_002,32.21,1011.82,56.71
2026-01-01 07:07:00,AWS_002,32.57,1009.97,50.14
2026-01-01 07:08:00,AWS_002,32.38,1011.21,52.89
2026-01-01 07:09:00,AWS_002,31.97,1011.3,53.01
2026-01-01 07:10:00,AWS_002,31.57,1010.67,50.75
2026-01-01 07:11:00,AWS_002,32.24,1012.26,52.6
2026-01-01 07:12:00,AWS_002,31.52,1010.57,54.44
2026-01-01 07:13:00,AWS_002,32.63,1011.32,53.05
2026-01-01 07:14:00,AWS_002,32.04,1011.66,50.53
2026-01-01 07:15:00,AWS_002,32.58,1012.52,59.39
2026-01-01 07:16:00,AWS_002,31.9,1011.43,54.19
2026-01-01 07:17:00,AWS_002,32.19,1012.19,53.89
2026-01-01 07:18:00,AWS_002,32.16,1012.01,51.49
2026-01-01 07:19:00,AWS_002,32.05,1011.55,54.23
2026-01-01 07:20:00,AWS_002,31.89,1010.59,53.4
2026-01-01 07:21:00,AWS_002,32.21,1010.32,49.96
2026-01-01 07:22:00,AWS_002,31.68,1011.55,51.62
2026-01-01 07:23:00,AWS_002,31.56,1011.04,55.37
2026-01-01 07:24:00,AWS_002,32.53,1012.21,57.69
2026-01-01 07:25:00,AWS_002,32.32,1012.08,54.55
2026-01-01 07:26:00,AWS_002,32.04,1011.34,56.04
2026-01-01 07:27:00,AWS_002,32.68,1010.57,53.54
2026-01-01 07:28:00,AWS_002,31.89,1011.91,53.7
2026-01-01 07:29:00,AWS_002,32.52,1010.69,56.08
2026-01-01 07:30:00,AWS_002,32.06,1010.9,57.24
2026-01-01 07:31:00,AWS_002,31.57,1010.73,56.54
2026-01-01 07:32:00,AWS_002,32.71,1011.41,51.82
2026-01-01 07:33:00,AWS_002,32.36,1012.46,53.84
2026-01-01 07:34:00,AWS_002,31.9,1011.52,54.55
2026-01-01 07:35:00,AWS_002,32.23,1011.18,53.5
2026-01-01 07:36:00,AWS_002,31.77,1010.32,54.81
2026-01-01 07:37:00,AWS_002,32.26,1011.98,55.7
2026-01-01 07:38:00,AWS_002,30.96,1010.92,56.09
2026-01-01 07:39:00,AWS_002,31.5,1011.65,57.47
2026-01-01 07:40:00,AWS_002,32.29,1011.27,53.47
2026-01-01 07:41:00,AWS_002,31.79,1012.23,51.42
2026-01-01 07:42:00,AWS_002,31.96,1011.44,54.89
2026-01-01 07:43:00,AWS_002,31.33,1011.52,57.96
2026-01-01 07:44:00,AWS_002,32.6,1011.96,53.26
2026-01-01 07:45:00,AWS_002,32.33,1013.27,55.61
2026-01-01 07:46:00,AWS_002,31.76,1012.29,55.65
2026-01-01 07:47:00,AWS_002,31.67,1011.52,54.67
2026-01-01 07:48:00,AWS_002,32.23,1011.6,54.32
2026-01-01 07:49:00,AWS_002,32.6,1011.18,52.48
2026-01-01 07:50:00,AWS_002,32.18,1010.84,49.79
2026-01-01 07:51:00,AWS_002,32.66,1011.16,52.16
2026-01-01 07:52:00,AWS_002,31.41,1010.99,53.62
2026-01-01 07:53:00,AWS_002,31.44,1012.14,56.62
2026-01-01 07:54:00,AWS_002,31.28,1010.76,54.25
2026-01-01 07:55:00,AWS_002,31.93,1012.69,53.44
2026-01-01 07:56:00,AWS_002,31.81,1012.23,52.72
2026-01-01 07:57:00,AWS_002,31.67,1011.65,55.84
2026-01-01 07:58:00,AWS_002,32.04,1011.64,57.27
2026-01-01 07:59:00,AWS_002,32.2,1011.2,56.71
2026-01-01 08:00:00,AWS_002,31.09,1011.86,55.82
2026-01-01 08:01:00,AWS_002,31.45,1012.52,51.68
2026-01-01 08:02:00,AWS_002,32.0,1011.09,53.96
2026-01-01 08:03:00,AWS_002,31.48,1010.43,58.58
2026-01-01 08:04:00,AWS_002,31.33,1012.23,56.96
2026-01-01 08:05:00,AWS_002,32.05,1011.93,51.67
2026-01-01 08:06:00,AWS_002,31.11,1010.78,54.66
2026-01-01 08:07:00,AWS_002,31.5,1011.09,55.52
2026-01-01 08:08:00,AWS_002,31.74,1010.99,53.3
2026-01-01 08:09:00,AWS_002,31.36,1011.11,50.23
2026-01-01 08:10:00,AWS_002,31.9,1011.43,55.08
2026-01-01 08:11:00,AWS_002,31.34,1011.48,53.33
2026-01-01 08:12:00,AWS_002,32.12,1011.18,53.37
2026-01-01 08:13:00,AWS_002,31.5,1011.1,54.26
2026-01-01 08:14:00,AWS_002,31.8,1011.52,54.73
2026-01-01 08:15:00,AWS_002,31.82,1011.84,55.0
2026-01-01 08:16:00,AWS_002,31.26,1011.46,53.28
2026-01-01 08:17:00,AWS_002,30.68,1012.65,54.64
2026-01-01 08:18:00,AWS_002,31.63,1012.13,51.6
2026-01-01 08:19:00,AWS_002,31.5,1010.45,55.76
2026-01-01 08:20:00,AWS_002,31.68,1012.15,49.46
2026-01-01 08:21:00,AWS_002,31.36,1012.22,54.62
2026-01-01 08:22:00,AWS_002,31.26,1011.39,57.07
2026-01-01 08:23:00,AWS_002,32.23,1010.55,53.14
2026-01-01 08:24:00,AWS_002,30.82,1011.75,56.72
2026-01-01 08:25:00,AWS_002,31.69,1011.74,57.63
2026-01-01 08:26:00,AWS_002,31.16,1010.86,48.74
2026-01-01 08:27:00,AWS_002,31.24,1010.6,55.08
2026-01-01 08:28:00,AWS_002,31.23,1011.69,49.66
2026-01-01 08:29:00,AWS_002,31.02,1011.58,55.21
2026-01-01 08:30:00,AWS_002,31.56,1011.44,55.47
2026-01-01 08:31:00,AWS_002,31.88,1011.71,50.55
2026-01-01 08:32:00,AWS_002,31.49,1010.9,59.39
2026-01-01 08:33:00,AWS_002,31.33,1011.43,56.15
2026-01-01 08:34:00,AWS_002,30.88,1012.21,53.91
2026-01-01 08:35:00,AWS_002,31.47,1011.51,58.57
2026-01-01 08:36:00,AWS_002,32.11,1010.46,52.08
2026-01-01 08:37:00,AWS_002,31.09,1011.42,53.25
2026-01-01 08:38:00,AWS_002,31.07,1010.94,51.14
2026-01-01 08:39:00,AWS_002,30.99,1012.02,59.38
2026-01-01 08:40:00,AWS_002,31.0,1012.06,56.47
2026-01-01 08:41:00,AWS_002,30.08,1010.48,57.16
2026-01-01 08:42:00,AWS_002,31.33,1012.42,56.48
2026-01-01 08:43:00,AWS_002,30.82,1010.93,57.06
2026-01-01 08:44:00,AWS_002,30.5,1013.07,56.1
2026-01-01 08:45:00,AWS_002,31.43,1011.79,56.52
2026-01-01 08:46:00,AWS_002,30.68,1010.83,56.23
2026-01-01 08:47:00,AWS_002,30.96,1010.92,54.83
2026-01-01 08:48:00,AWS_002,31.67,1012.12,55.99
2026-01-01 08:49:00,AWS_002,30.5,1011.53,56.66
2026-01-01 08:50:00,AWS_002,30.44,1011.77,56.37
2026-01-01 08:51:00,AWS_002,31.14,1013.14,53.23
2026-01-01 08:52:00,AWS_002,31.48,1011.29,53.53
2026-01-01 08:53:00,AWS_002,30.38,1011.9,58.43
2026-01-01 08:54:00,AWS_002,31.16,1012.99,55.68
2026-01-01 08:55:00,AWS_002,31.21,1012.08,57.5
2026-01-01 08:56:00,AWS_002,30.14,1010.58,54.18
2026-01-01 08:57:00,AWS_002,31.27,1012.27,53.46
2026-01-01 08:58:00,AWS_002,31.28,1010.94,54.75
2026-01-01 08:59:00,AWS_002,30.79,1013.0,56.03
2026-01-01 09:00:00,AWS_002,31.4,1011.22,55.18
2026-01-01 09:01:00,AWS_002,31.34,1014.26,59.14
2026-01-01 09:02:00,AWS_002,30.91,1013.06,56.95
2026-01-01 09:03:00,AWS_002,30.67,1011.25,60.32
2026-01-01 09:04:00,AWS_002,30.45,1011.91,57.47
2026-01-01 09:05:00,AWS_002,30.81,1012.5,51.88
2026-01-01 09:06:00,AWS_002,31.04,1012.52,58.85
2026-01-01 09:07:00,AWS_002,30.66,1012.26,53.76
2026-01-01 09:08:00,AWS_002,29.9,1012.91,57.28
2026-01-01 09:09:00,AWS_002,31.27,1011.81,55.31
2026-01-01 09:10:00,AWS_002,30.82,1011.62,61.18
2026-01-01 09:11:00,AWS_002,30.58,1011.64,59.81
2026-01-01 09:12:00,AWS_002,31.05,1012.6,55.49
2026-01-01 09:13:00,AWS_002,31.3,1012.21,56.75
2026-01-01 09:14:00,AWS_002,29.56,1012.16,57.54
2026-01-01 09:15:00,AWS_002,30.84,1012.56,58.81
2026-01-01 09:16:00,AWS_002,30.08,1010.29,57.19
2026-01-01 09:17:00,AWS_002,30.83,1012.18,55.12
2026-01-01 09:18:00,AWS_002,30.66,1012.11,55.77
2026-01-01 09:19:00,AWS_002,30.85,1013.27,57.24
2026-01-01 09:20:00,AWS_002,30.38,1010.72,59.76
2026-01-01 09:21:00,AWS_002,29.81,1013.19,58.18
2026-01-01 09:22:00,AWS_002,30.37,1012.01,55.82
2026-01-01 09:23:00,AWS_002,30.69,1012.34,58.7
2026-01-01 09:24:00,AWS_002,30.92,1013.29,56.67
2026-01-01 09:25:00,AWS_002,30.03,1012.4,59.27
2026-01-01 09:26:00,AWS_002,30.89,1012.28,62.58
2026-01-01 09:27:00,AWS_002,30.2,1012.16,56.85
2026-01-01 09:28:00,AWS_002,30.59,1011.58,59.22
2026-01-01 09:29:00,AWS_002,30.22,1011.94,56.16
2026-01-01 09:30:00,AWS_002,30.48,1011.4,57.47
2026-01-01 09:31:00,AWS_002,30.75,1011.94,57.8
2026-01-01 09:32:00,AWS_002,29.88,1010.11,57.39
2026-01-01 09:33:00,AWS_002,30.09,1012.32,62.75
2026-01-01 09:34:00,AWS_002,30.41,1011.88,57.25
2026-01-01 09:35:00,AWS_002,31.28,1011.72,59.08
2026-01-01 09:36:00,AWS_002,29.96,1012.16,54.09
2026-01-01 09:37:00,AWS_002,31.1,1010.84,58.85
2026-01-01 09:38:00,AWS_002,31.07,1013.54,60.32
2026-01-01 09:39:00,AWS_002,30.21,1011.91,57.02
2026-01-01 09:40:00,AWS_002,30.11,1011.88,53.1
2026-01-01 09:41:00,AWS_002,29.94,1011.23,58.08
2026-01-01 09:42:00,AWS_002,30.17,1012.02,58.24
2026-01-01 09:43:00,AWS_002,29.62,1013.12,59.69
2026-01-01 09:44:00,AWS_002,30.13,1012.84,62.31
2026-01-01 09:45:00,AWS_002,30.74,1012.69,57.57
2026-01-01 09:46:00,AWS_002,29.88,1012.45,56.66
2026-01-01 09:47:00,AWS_002,30.01,1011.73,56.09
2026-01-01 09:48:00,AWS_002,29.41,1010.86,58.86
2026-01-01 09:49:00,AWS_002,30.22,1011.86,59.47
2026-01-01 09:50:00,AWS_002,30.16,1011.83,57.46
2026-01-01 09:51:00,AWS_002,30.06,1012.86,60.15
2026-01-01 09:52:00,AWS_002,29.93,1012.28,59.57
2026-01-01 09:53:00,AWS_002,29.88,1013.32,58.77
2026-01-01 09:54:00,AWS_002,30.18,1012.99,56.93
2026-01-01 09:55:00,AWS_002,29.95,1011.67,57.81
2026-01-01 09:56:00,AWS_002,30.07,1010.6,53.96
2026-01-01 09:57:00,AWS_002,30.01,1013.15,59.34
2026-01-01 09:58:00,AWS_002,30.35,1013.13,58.96
2026-01-01 09:59:00,AWS_002,30.16,1010.95,59.33
2026-01-01 10:00:00,AWS_002,29.94,1013.25,60.01
2026-01-01 10:01:00,AWS_002,30.45,1012.35,59.82
2026-01-01 10:02:00,AWS_002,30.0,1012.18,58.87
2026-01-01 10:03:00,AWS_002,30.33,1013.35,59.23
2026-01-01 10:04:00,AWS_002,30.03,1013.13,56.37
2026-01-01 10:05:00,AWS_002,29.03,1012.58,58.06
2026-01-01 10:06:00,AWS_002,30.27,1012.44,59.38
2026-01-01 10:07:00,AWS_002,29.79,1012.56,57.85
2026-01-01 10:08:00,AWS_002,29.69,1011.74,61.09
2026-01-01 10:09:00,AWS_002,29.81,1012.02,58.1
2026-01-01 10:10:00,AWS_002,29.54,1011.35,59.89
2026-01-01 10:11:00,AWS_002,29.75,1011.8,59.74
2026-01-01 10:12:00,AWS_002,29.4,1011.78,61.04
2026-01-01 10:13:00,AWS_002,30.13,1011.57,61.4
2026-01-01 10:14:00,AWS_002,29.55,1012.19,61.03
2026-01-01 10:15:00,AWS_002,29.42,1011.82,55.48
2026-01-01 10:16:00,AWS_002,29.19,1012.48,62.13
2026-01-01 10:17:00,AWS_002,29.65,1010.78,62.84
2026-01-01 10:18:00,AWS_002,29.59,1011.99,58.87
2026-01-01 10:19:00,AWS_002,29.65,1012.19,60.35
2026-01-01 10:20:00,AWS_002,29.07,1011.84,58.15
2026-01-01 10:21:00,AWS_002,28.82,1011.95,56.08
2026-01-01 10:22:00,AWS_002,29.69,1010.82,58.55
2026-01-01 10:23:00,AWS_002,30.01,1012.38,58.99
2026-01-01 10:24:00,AWS_002,28.99,1012.61,59.41
2026-01-01 10:25:00,AWS_002,30.02,1012.49,58.25
2026-01-01 10:26:00,AWS_002,29.47,1012.93,58.75
2026-01-01 10:27:00,AWS_002,29.34,1012.26,60.24
2026-01-01 10:28:00,AWS_002,29.16,1012.49,58.77
2026-01-01 10:29:00,AWS_002,28.75,1012.23,61.45
2026-01-01 10:30:00,AWS_002,29.67,1012.66,61.77
2026-01-01 10:31:00,AWS_002,28.95,1010.85,65.22
2026-01-01 10:32:00,AWS_002,28.93,1011.39,62.76
2026-01-01 10:33:00,AWS_002,29.62,1013.38,61.04
2026-01-01 10:34:00,AWS_002,28.44,1010.14,59.36
2026-01-01 10:35:00,AWS_002,28.57,1012.0,61.24
2026-01-01 10:36:00,AWS_002,29.15,1013.05,61.35
2026-01-01 10:37:00,AWS_002,29.25,1012.04,59.72
2026-01-01 10:38:00,AWS_002,29.31,1011.79,62.36
2026-01-01 10:39:00,AWS_002,28.98,1012.22,58.05
2026-01-01 10:40:00,AWS_002,30.09,1011.84,60.41
2026-01-01 10:41:00,AWS_002,28.96,1012.15,62.06
2026-01-01 10:42:00,AWS_002,28.94,1011.58,60.42
2026-01-01 10:43:00,AWS_002,28.7,1013.01,60.63
2026-01-01 10:44:00,AWS_002,29.04,1013.27,60.82
2026-01-01 10:45:00,AWS_002,29.22,1012.02,59.47
2026-01-01 10:46:00,AWS_002,29.43,1011.02,63.54
2026-01-01 10:47:00,AWS_002,28.34,1011.71,59.21
2026-01-01 10:48:00,AWS_002,28.81,1011.99,61.93
2026-01-01 10:49:00,AWS_002,29.07,1012.54,62.17
2026-01-01 10:50:00,AWS_002,29.1,1011.33,59.49
2026-01-01 10:51:00,AWS_002,28.85,1011.52,61.59
2026-01-01 10:52:00,AWS_002,29.04,1012.55,59.67
2026-01-01 10:53:00,AWS_002,28.48,1012.89,64.32
2026-01-01 10:54:00,AWS_002,29.41,1011.64,59.31
2026-01-01 10:55:00,AWS_002,29.16,1011.08,60.33
2026-01-01 10:56:00,AWS_002,28.21,1014.77,59.24
2026-01-01 10:57:00,AWS_002,28.29,1012.77,59.03
2026-01-01 10:58:00,AWS_002,28.28,1011.93,64.98
2026-01-01 10:59:00,AWS_002,28.95,1012.84,62.93
2026-01-01 11:00:00,AWS_002,28.15,1012.05,62.17
2026-01-01 11:01:00,AWS_002,28.51,1012.84,60.63
2026-01-01 11:02:00,AWS_002,28.8,1012.28,63.81
2026-01-01 11:03:00,AWS_002,28.57,1012.22,60.4
2026-01-01 11:04:00,AWS_002,28.68,1012.06,63.68
2026-01-01 11:05:00,AWS_002,28.13,1011.0,60.4
2026-01-01 11:06:00,AWS_002,28.77,1013.71,60.91
2026-01-01 11:07:00,AWS_002,28.27,1011.4,63.77
2026-01-01 11:08:00,AWS_002,28.36,1011.07,64.03
2026-01-01 11:09:00,AWS_002,28.56,1011.99,63.55
2026-01-01 11:10:00,AWS_002,28.49,1011.39,60.3
2026-01-01 11:11:00,AWS_002,28.44,1012.12,61.56
2026-01-01 11:12:00,AWS_002,28.1,1012.71,62.82
2026-01-01 11:13:00,AWS_002,28.26,1012.96,60.86
2026-01-01 11:14:00,AWS_002,28.36,1012.81,65.35
2026-01-01 11:15:00,AWS_002,27.79,1011.92,57.86
2026-01-01 11:16:00,AWS_002,28.13,1012.2,61.15
2026-01-01 11:17:00,AWS_002,28.45,1012.49,61.74
2026-01-01 11:18:00,AWS_002,27.77,1010.76,57.13
2026-01-01 11:19:00,AWS_002,28.72,1012.62,60.07
2026-01-01 11:20:00,AWS_002,28.74,1011.0,64.17
2026-01-01 11:21:00,AWS_002,27.71,1013.8,63.03
2026-01-01 11:22:00,AWS_002,28.73,1011.85,66.17
2026-01-01 11:23:00,AWS_002,28.11,1012.02,66.16
2026-01-01 11:24:00,AWS_002,28.32,1011.55,63.99
2026-01-01 11:25:00,AWS_002,27.93,1011.67,63.8
2026-01-01 11:26:00,AWS_002,28.47,1013.99,63.36
2026-01-01 11:27:00,AWS_002,28.25,1012.92,57.97
2026-01-01 11:28:00,AWS_002,27.74,1010.93,60.54
2026-01-01 11:29:00,AWS_002,27.57,1013.38,63.58
2026-01-01 11:30:00,AWS_002,27.43,1013.13,64.67
2026-01-01 11:31:00,AWS_002,28.07,1011.95,64.06
2026-01-01 11:32:00,AWS_002,28.2,1012.42,61.75
2026-01-01 11:33:00,AWS_002,28.21,1012.16,65.46
2026-01-01 11:34:00,AWS_002,27.88,1013.75,66.61
2026-01-01 11:35:00,AWS_002,27.45,1011.54,65.57
2026-01-01 11:36:00,AWS_002,27.62,1012.29,65.72
2026-01-01 11:37:00,AWS_002,28.33,1011.84,62.68
2026-01-01 11:38:00,AWS_002,27.65,1011.03,66.0
2026-01-01 11:39:00,AWS_002,27.88,1013.93,64.19
2026-01-01 11:40:00,AWS_002,27.37,1011.23,64.98
2026-01-01 11:41:00,AWS_002,27.91,1012.36,64.74
2026-01-01 11:42:00,AWS_002,27.57,1010.79,63.82
2026-01-01 11:43:00,AWS_002,28.15,1011.86,62.39
2026-01-01 11:44:00,AWS_002,28.02,1012.52,64.0
2026-01-01 11:45:00,AWS_002,27.49,1011.52,66.19
2026-01-01 11:46:00,AWS_002,27.62,1012.65,63.38
2026-01-01 11:47:00,AWS_002,27.43,1011.97,66.11
2026-01-01 11:48:00,AWS_002,27.06,1013.11,65.85
2026-01-01 11:49:00,AWS_002,27.26,1013.27,63.83
2026-01-01 11:50:00,AWS_002,27.66,1011.71,67.25
2026-01-01 11:51:00,AWS_002,27.69,1012.24,63.82
2026-01-01 11:52:00,AWS_002,27.6,1012.33,67.6
2026-01-01 11:53:00,AWS_002,27.4,1012.68,65.5
2026-01-01 11:54:00,AWS_002,27.87,1012.19,64.65
2026-01-01 11:55:00,AWS_002,27.5,1012.33,62.96
2026-01-01 11:56:00,AWS_002,27.73,1011.99,64.61
2026-01-01 11:57:00,AWS_002,26.72,1012.27,64.44
2026-01-01 11:58:00,AWS_002,25.84,1013.22,62.38
2026-01-01 11:59:00,AWS_002,27.5,1012.7,64.51
2026-01-01 12:00:00,AWS_002,26.8,1012.74,63.39
2026-01-01 12:01:00,AWS_002,27.26,1012.76,66.22
2026-01-01 12:02:00,AWS_002,27.2,1012.06,67.72
2026-01-01 12:03:00,AWS_002,27.94,1012.44,62.7
2026-01-01 12:04:00,AWS_002,27.44,1011.31,68.63
2026-01-01 12:05:00,AWS_002,27.32,1013.2,65.0
2026-01-01 12:06:00,AWS_002,27.57,1009.96,63.36
2026-01-01 12:07:00,AWS_002,27.36,1012.11,66.88
2026-01-01 12:08:00,AWS_002,27.01,1013.09,64.53
2026-01-01 12:09:00,AWS_002,27.6,1011.09,65.31
2026-01-01 12:10:00,AWS_002,26.7,1012.5,64.71
2026-01-01 12:11:00,AWS_002,27.26,1011.64,63.94
2026-01-01 12:12:00,AWS_002,26.48,1011.89,67.08
2026-01-01 12:13:00,AWS_002,27.16,1012.94,65.11
2026-01-01 12:14:00,AWS_002,27.14,1012.34,62.86
2026-01-01 12:15:00,AWS_002,27.71,1010.55,66.89
2026-01-01 12:16:00,AWS_002,26.39,1011.4,63.43
2026-01-01 12:17:00,AWS_002,26.75,1012.96,63.58
2026-01-01 12:18:00,AWS_002,27.3,1012.54,68.33
2026-01-01 12:19:00,AWS_002,27.09,1013.58,63.6
2026-01-01 12:20:00,AWS_002,27.0,1013.53,61.41
2026-01-01 12:21:00,AWS_002,26.53,1011.9,67.34
2026-01-01 12:22:00,AWS_002,26.65,1014.18,65.54
2026-01-01 12:23:00,AWS_002,27.36,1012.2,65.77
2026-01-01 12:24:00,AWS_002,26.82,1011.41,65.63
2026-01-01 12:25:00,AWS_002,26.97,1011.67,66.77
2026-01-01 12:26:00,AWS_002,26.75,1010.37,64.85
2026-01-01 12:27:00,AWS_002,26.3,1013.46,69.36
2026-01-01 12:28:00,AWS_002,27.13,1013.45,63.51
2026-01-01 12:29:00,AWS_002,26.94,1011.36,67.4
2026-01-01 12:30:00,AWS_002,27.64,1011.99,67.85
2026-01-01 12:31:00,AWS_002,26.29,1012.25,65.1
2026-01-01 12:32:00,AWS_002,27.0,1011.4,64.62
2026-01-01 12:33:00,AWS_002,26.12,1010.77,68.76
2026-01-01 12:34:00,AWS_002,26.69,1012.0,64.79
2026-01-01 12:35:00,AWS_002,27.0,1011.91,65.61
2026-01-01 12:36:00,AWS_002,25.75,1011.86,68.65
2026-01-01 12:37:00,AWS_002,26.48,1012.35,67.0
2026-01-01 12:38:00,AWS_002,26.32,1013.31,63.39
2026-01-01 12:39:00,AWS_002,26.24,1011.93,70.53
2026-01-01 12:40:00,AWS_002,26.65,1012.3,66.02
2026-01-01 12:41:00,AWS_002,26.92,1012.75,66.33
2026-01-01 12:42:00,AWS_002,26.4,1012.61,67.7
2026-01-01 12:43:00,AWS_002,26.52,1011.67,68.49
2026-01-01 12:44:00,AWS_002,26.46,1012.24,71.21
2026-01-01 12:45:00,AWS_002,26.39,1012.6,64.02
2026-01-01 12:46:00,AWS_002,25.93,1011.26,69.04
2026-01-01 12:47:00,AWS_002,26.79,1013.17,68.93
2026-01-01 12:48:00,AWS_002,26.44,1013.31,67.22
2026-01-01 12:49:00,AWS_002,26.46,1011.58,69.12
2026-01-01 12:50:00,AWS_002,25.96,1012.31,69.47
2026-01-01 12:51:00,AWS_002,26.08,1012.67,64.88
2026-01-01 12:52:00,AWS_002,26.17,1011.72,71.2
2026-01-01 12:53:00,AWS_002,25.61,1012.54,64.63
2026-01-01 12:54:00,AWS_002,25.52,1012.29,65.53
2026-01-01 12:55:00,AWS_002,25.94,1010.98,67.33
2026-01-01 12:56:00,AWS_002,26.37,1012.52,71.75
2026-01-01 12:57:00,AWS_002,25.87,1011.27,67.34
2026-01-01 12:58:00,AWS_002,25.71,1012.9,67.94
2026-01-01 12:59:00,AWS_002,25.77,1011.61,70.92
2026-01-01 13:00:00,AWS_002,25.89,1012.02,67.51
2026-01-01 13:01:00,AWS_002,25.91,1013.25,65.8
2026-01-01 13:02:00,AWS_002,26.9,1012.54,67.37
2026-01-01 13:03:00,AWS_002,26.43,1011.28,71.0
2026-01-01 13:04:00,AWS_002,26.4,1011.33,68.45
2026-01-01 13:05:00,AWS_002,26.43,1011.66,72.22
2026-01-01 13:06:00,AWS_002,25.55,1012.46,69.88
2026-01-01 13:07:00,AWS_002,25.44,1012.43,67.17
2026-01-01 13:08:00,AWS_002,25.46,1011.46,68.61
2026-01-01 13:09:00,AWS_002,26.42,1011.2,66.85
2026-01-01 13:10:00,AWS_002,25.64,1012.36,67.27
2026-01-01 13:11:00,AWS_002,25.34,1011.99,77.62
2026-01-01 13:12:00,AWS_002,25.65,1013.86,70.75
2026-01-01 13:13:00,AWS_002,25.7,1012.16,70.48
2026-01-01 13:14:00,AWS_002,25.89,1013.58,67.56
2026-01-01 13:15:00,AWS_002,25.86,1011.19,72.0
2026-01-01 13:16:00,AWS_002,25.41,1010.87,71.11
2026-01-01 13:17:00,AWS_002,25.99,1011.23,72.72
2026-01-01 13:18:00,AWS_002,25.44,1013.08,72.67
2026-01-01 13:19:00,AWS_002,25.61,1013.53,66.1
2026-01-01 13:20:00,AWS_002,25.93,1011.5,66.88
2026-01-01 13:21:00,AWS_002,25.38,1011.75,67.15
2026-01-01 13:22:00,AWS_002,25.39,1011.18,67.31
2026-01-01 13:23:00,AWS_002,25.83,1010.67,69.9
2026-01-01 13:24:00,AWS_002,25.23,1012.69,68.17
2026-01-01 13:25:00,AWS_002,25.4,1012.29,73.49
2026-01-01 13:26:00,AWS_002,25.76,1012.12,73.21
2026-01-01 13:27:00,AWS_002,26.33,1010.99,69.43
2026-01-01 13:28:00,AWS_002,25.73,1013.42,73.41
2026-01-01 13:29:00,AWS_002,25.66,1011.7,72.52
2026-01-01 13:30:00,AWS_002,25.66,1012.53,68.69
2026-01-01 13:31:00,AWS_002,25.0,1010.94,65.62
2026-01-01 13:32:00,AWS_002,25.46,1011.95,69.25
2026-01-01 13:33:00,AWS_002,25.38,1012.33,68.45
2026-01-01 13:34:00,AWS_002,25.5,1012.36,70.2
2026-01-01 13:35:00,AWS_002,25.4,1012.22,70.01
2026-01-01 13:36:00,AWS_002,25.48,1012.49,70.01
2026-01-01 13:37:00,AWS_002,25.19,1011.19,70.98
2026-01-01 13:38:00,AWS_002,25.32,1012.25,67.55
2026-01-01 13:39:00,AWS_002,24.78,1012.18,70.85
2026-01-01 13:40:00,AWS_002,25.12,1012.27,69.19
2026-01-01 13:41:00,AWS_002,25.79,1012.14,70.52
2026-01-01 13:42:00,AWS_002,25.34,1011.07,72.08
2026-01-01 13:43:00,AWS_002,25.19,1011.03,67.76
2026-01-01 13:44:00,AWS_002,25.93,1010.31,69.7
2026-01-01 13:45:00,AWS_002,24.61,1012.73,70.07
2026-01-01 13:46:00,AWS_002,24.69,1012.74,69.33
2026-01-01 13:47:00,AWS_002,25.8,1012.75,72.2
2026-01-01 13:48:00,AWS_002,25.11,1012.32,69.01
2026-01-01 13:49:00,AWS_002,24.98,1010.36,69.38
2026-01-01 13:50:00,AWS_002,24.58,1011.25,69.12
2026-01-01 13:51:00,AWS_002,25.22,1012.2,72.77
2026-01-01 13:52:00,AWS_002,25.24,1012.17,69.65
2026-01-01 13:53:00,AWS_002,24.56,1011.88,71.6
2026-01-01 13:54:00,AWS_002,24.92,1012.35,74.68
2026-01-01 13:55:00,AWS_002,24.83,1012.07,70.62
2026-01-01 13:56:00,AWS_002,25.04,1012.15,73.04
2026-01-01 13:57:00,AWS_002,24.47,1011.54,74.21
2026-01-01 13:58:00,AWS_002,25.4,1012.84,72.96
2026-01-01 13:59:00,AWS_002,25.25,1011.7,70.92
2026-01-01 14:00:00,AWS_002,24.72,1010.98,72.28
2026-01-01 14:01:00,AWS_002,24.76,1011.43,68.47
2026-01-01 14:02:00,AWS_002,24.77,1011.76,69.53
2026-01-01 14:03:00,AWS_002,24.5,1012.83,69.93
2026-01-01 14:04:00,AWS_002,24.61,1012.0,75.66
2026-01-01 14:05:00,AWS_002,24.66,1011.89,69.6
2026-01-01 14:06:00,AWS_002,25.4,1011.03,69.62
2026-01-01 14:07:00,AWS_002,25.11,1012.66,69.23
2026-01-01 14:08:00,AWS_002,25.09,1011.51,72.48
2026-01-01 14:09:00,AWS_002,24.85,1011.95,71.69
2026-01-01 14:10:00,AWS_002,24.23,1013.21,73.62
2026-01-01 14:11:00,AWS_002,24.64,1012.43,72.83
2026-01-01 14:12:00,AWS_002,25.03,1010.72,68.77
2026-01-01 14:13:00,AWS_002,24.12,1010.6,69.96
2026-01-01 14:14:00,AWS_002,24.86,1011.96,74.35
2026-01-01 14:15:00,AWS_002,25.52,1011.04,71.26
2026-01-01 14:16:00,AWS_002,24.99,1012.53,74.09
2026-01-01 14:17:00,AWS_002,25.12,1012.04,71.45
2026-01-01 14:18:00,AWS_002,24.62,1012.14,69.86
2026-01-01 14:19:00,AWS_002,24.9,1011.43,71.23
2026-01-01 14:20:00,AWS_002,24.21,1013.39,69.95
2026-01-01 14:21:00,AWS_002,24.8,1014.27,70.79
2026-01-01 14:22:00,AWS_002,24.72,1011.77,72.37
2026-01-01 14:23:00,AWS_002,24.56,1012.27,73.03
2026-01-01 14:24:00,AWS_002,24.95,1012.06,68.87
2026-01-01 14:25:00,AWS_002,24.19,1011.78,72.06
2026-01-01 14:26:00,AWS_002,24.32,1011.32,70.96
2026-01-01 14:27:00,AWS_002,24.41,1011.11,70.88
2026-01-01 14:28:00,AWS_002,23.94,1011.07,72.49
2026-01-01 14:29:00,AWS_002,24.43,1012.3,71.16
2026-01-01 14:30:00,AWS_002,23.63,1011.55,75.07
2026-01-01 14:31:00,AWS_002,24.72,1009.91,74.72
2026-01-01 14:32:00,AWS_002,24.31,1012.32,74.75
2026-01-01 14:33:00,AWS_002,24.06,1011.93,71.44
2026-01-01 14:34:00,AWS_002,23.92,1013.04,70.55
2026-01-01 14:35:00,AWS_002,24.14,1012.25,72.68
2026-01-01 14:36:00,AWS_002,24.49,1010.77,72.25
2026-01-01 14:37:00,AWS_002,24.42,1010.17,71.37
2026-01-01 14:38:00,AWS_002,23.9,1011.37,70.28
2026-01-01 14:39:00,AWS_002,23.83,1011.44,72.59
2026-01-01 14:40:00,AWS_002,24.41,1012.7,71.91
2026-01-01 14:41:00,AWS_002,23.85,1011.93,74.13
2026-01-01 14:42:00,AWS_002,24.14,1012.84,74.12
2026-01-01 14:43:00,AWS_002,24.15,1010.87,75.03
2026-01-01 14:44:00,AWS_002,24.21,1012.7,70.35
2026-01-01 14:45:00,AWS_002,24.41,1012.5,73.71
2026-01-01 14:46:00,AWS_002,23.55,1010.31,71.5
2026-01-01 14:47:00,AWS_002,23.27,1012.98,70.55
2026-01-01 14:48:00,AWS_002,23.79,1011.99,72.17
2026-01-01 14:49:00,AWS_002,24.72,1012.23,75.21
2026-01-01 14:50:00,AWS_002,24.8,1011.22,72.36
2026-01-01 14:51:00,AWS_002,24.7,1012.93,76.28
2026-01-01 14:52:00,AWS_002,23.88,1010.96,74.28
2026-01-01 14:53:00,AWS_002,23.23,1012.57,72.43
2026-01-01 14:54:00,AWS_002,22.99,1012.55,75.58
2026-01-01 14:55:00,AWS_002,23.66,1011.12,74.19
2026-01-01 14:56:00,AWS_002,23.81,1013.48,71.47
2026-01-01 14:57:00,AWS_002,24.4,1012.07,77.09
2026-01-01 14:58:00,AWS_002,24.21,1012.41,73.93
2026-01-01 14:59:00,AWS_002,23.94,1010.66,73.49
2026-01-01 15:00:00,AWS_002,23.47,1013.57,71.77
2026-01-01 15:01:00,AWS_002,23.43,1010.9,75.88
2026-01-01 15:02:00,AWS_002,23.9,1012.69,74.59
2026-01-01 15:03:00,AWS_002,24.06,1011.07,74.85
2026-01-01 15:04:00,AWS_002,23.93,1011.37,72.62
2026-01-01 15:05:00,AWS_002,23.34,1012.49,75.34
2026-01-01 15:06:00,AWS_002,24.0,1012.68,75.53
2026-01-01 15:07:00,AWS_002,23.89,1010.84,72.4
2026-01-01 15:08:00,AWS_002,23.28,1012.72,70.94
2026-01-01 15:09:00,AWS_002,23.38,1012.68,74.97
2026-01-01 15:10:00,AWS_002,23.95,1011.09,70.7
2026-01-01 15:11:00,AWS_002,23.57,1013.12,74.19
2026-01-01 15:12:00,AWS_002,24.29,1010.67,73.02
2026-01-01 15:13:00,AWS_002,23.84,1011.33,76.39
2026-01-01 15:14:00,AWS_002,23.43,1012.21,73.2
2026-01-01 15:15:00,AWS_002,23.6,1011.14,76.24
2026-01-01 15:16:00,AWS_002,23.62,1012.03,73.03
2026-01-01 15:17:00,AWS_002,23.29,1012.01,76.09
2026-01-01 15:18:00,AWS_002,23.2,1011.67,78.25
2026-01-01 15:19:00,AWS_002,23.83,1012.48,72.02
2026-01-01 15:20:00,AWS_002,23.87,1011.63,74.78
2026-01-01 15:21:00,AWS_002,23.76,1011.99,79.72
2026-01-01 15:22:00,AWS_002,24.11,1012.72,74.39
2026-01-01 15:23:00,AWS_002,23.28,1012.43,74.42
2026-01-01 15:24:00,AWS_002,24.15,1012.42,75.9
2026-01-01 15:25:00,AWS_002,23.11,1010.87,74.44
2026-01-01 15:26:00,AWS_002,23.05,1012.21,70.98
2026-01-01 15:27:00,AWS_002,22.74,1011.08,76.69
2026-01-01 15:28:00,AWS_002,23.25,1010.75,70.45
2026-01-01 15:29:00,AWS_002,23.21,1011.72,73.65
2026-01-01 15:30:00,AWS_002,23.61,1011.05,76.94
2026-01-01 15:31:00,AWS_002,23.48,1012.4,73.84
2026-01-01 15:32:00,AWS_002,22.9,1012.41,73.2
2026-01-01 15:33:00,AWS_002,23.2,1010.24,76.37
2026-01-01 15:34:00,AWS_002,23.2,1011.09,72.94
2026-01-01 15:35:00,AWS_002,22.62,1010.58,72.23
2026-01-01 15:36:00,AWS_002,22.93,1011.38,75.26
2026-01-01 15:37:00,AWS_002,23.0,1012.11,74.37
2026-01-01 15:38:00,AWS_002,23.87,1011.55,72.28
2026-01-01 15:39:00,AWS_002,23.36,1011.26,76.07
2026-01-01 15:40:00,AWS_002,23.53,1012.77,75.76
2026-01-01 15:41:00,AWS_002,22.66,1009.88,74.14
2026-01-01 15:42:00,AWS_002,23.72,1012.71,74.31
2026-01-01 15:43:00,AWS_002,23.75,1011.28,75.86
2026-01-01 15:44:00,AWS_002,22.42,1011.65,77.33
2026-01-01 15:45:00,AWS_002,22.93,1011.29,74.41
2026-01-01 15:46:00,AWS_002,23.39,1012.94,76.32
2026-01-01 15:47:00,AWS_002,23.44,1010.72,76.17
2026-01-01 15:48:00,AWS_002,22.9,1011.71,76.82
2026-01-01 15:49:00,AWS_002,23.04,1012.12,75.17
2026-01-01 15:50:00,AWS_002,22.91,1010.4,73.3
2026-01-01 15:51:00,AWS_002,23.18,1010.95,74.22
2026-01-01 15:52:00,AWS_002,23.6,1011.56,75.86
2026-01-01 15:53:00,AWS_002,22.81,1010.97,78.84
2026-01-01 15:54:00,AWS_002,23.5,1011.02,74.26
2026-01-01 15:55:00,AWS_002,22.78,1011.39,76.87
2026-01-01 15:56:00,AWS_002,22.74,1012.18,74.63
2026-01-01 15:57:00,AWS_002,23.4,1011.39,75.53
2026-01-01 15:58:00,AWS_002,23.43,1012.52,78.37
2026-01-01 15:59:00,AWS_002,23.39,1010.85,76.89
2026-01-01 16:00:00,AWS_002,22.51,1010.65,72.91
2026-01-01 16:01:00,AWS_002,22.84,1013.18,74.27
2026-01-01 16:02:00,AWS_002,23.34,1011.11,77.96
2026-01-01 16:03:00,AWS_002,23.02,1010.59,75.75
2026-01-01 16:04:00,AWS_002,22.56,1010.24,73.2
2026-01-01 16:05:00,AWS_002,23.17,1012.48,73.88
2026-01-01 16:06:00,AWS_002,22.69,1011.35,76.95
2026-01-01 16:07:00,AWS_002,23.68,1011.41,77.56
2026-01-01 16:08:00,AWS_002,23.57,1011.48,75.63
2026-01-01 16:09:00,AWS_002,23.18,1012.42,80.57
2026-01-01 16:10:00,AWS_002,23.47,1011.46,77.29
2026-01-01 16:11:00,AWS_002,22.95,1013.47,75.18
2026-01-01 16:12:00,AWS_002,23.22,1011.7,74.06
2026-01-01 16:13:00,AWS_002,23.49,1012.44,73.77
2026-01-01 16:14:00,AWS_002,22.99,1012.23,76.41
2026-01-01 16:15:00,AWS_002,22.78,1011.55,74.78
2026-01-01 16:16:00,AWS_002,22.19,1011.11,79.13
2026-01-01 16:17:00,AWS_002,22.83,1011.84,78.74
2026-01-01 16:18:00,AWS_002,23.18,1011.97,77.1
2026-01-01 16:19:00,AWS_002,23.22,1011.1,73.5
2026-01-01 16:20:00,AWS_002,23.04,1011.69,74.53
2026-01-01 16:21:00,AWS_002,22.61,1012.54,78.41
2026-01-01 16:22:00,AWS_002,22.03,1013.2,74.79
2026-01-01 16:23:00,AWS_002,22.61,1012.23,78.19
2026-01-01 16:24:00,AWS_002,22.68,1013.03,76.91
2026-01-01 16:25:00,AWS_002,22.66,1011.03,76.09
2026-01-01 16:26:00,AWS_002,23.03,1012.09,74.6
2026-01-01 16:27:00,AWS_002,23.57,1012.59,75.84
2026-01-01 16:28:00,AWS_002,22.81,1010.8,76.43
2026-01-01 16:29:00,AWS_002,22.67,1011.13,78.13
2026-01-01 16:30:00,AWS_002,22.64,1012.9,74.32
2026-01-01 16:31:00,AWS_002,22.79,1010.72,75.58
2026-01-01 16:32:00,AWS_002,22.4,1010.43,76.22
2026-01-01 16:33:00,AWS_002,22.77,1012.72,77.47
2026-01-01 16:34:00,AWS_002,22.89,1012.45,74.35
2026-01-01 16:35:00,AWS_002,22.79,1011.83,73.55
2026-01-01 16:36:00,AWS_002,22.88,1011.44,77.55
2026-01-01 16:37:00,AWS_002,22.86,1011.12,73.19
2026-01-01 16:38:00,AWS_002,21.97,1011.69,78.81
2026-01-01 16:39:00,AWS_002,22.93,1012.73,75.95
2026-01-01 16:40:00,AWS_002,22.4,1011.65,73.18
2026-01-01 16:41:00,AWS_002,22.22,1013.19,75.33
2026-01-01 16:42:00,AWS_002,22.21,1010.73,77.07
2026-01-01 16:43:00,AWS_002,22.82,1011.43,75.26
2026-01-01 16:44:00,AWS_002,22.55,1011.14,76.39
2026-01-01 16:45:00,AWS_002,21.96,1010.57,77.84
2026-01-01 16:46:00,AWS_002,22.82,1011.31,75.98
2026-01-01 16:47:00,AWS_002,22.04,1011.76,74.52
2026-01-01 16:48:00,AWS_002,22.67,1011.84,75.81
2026-01-01 16:49:00,AWS_002,22.7,1013.15,79.26
2026-01-01 16:50:00,AWS_002,22.95,1011.78,79.81
2026-01-01 16:51:00,AWS_002,23.3,1012.32,72.42
2026-01-01 16:52:00,AWS_002,22.04,1011.45,78.66
2026-01-01 16:53:00,AWS_002,22.56,1012.74,76.99
2026-01-01 16:54:00,AWS_002,22.46,1013.31,78.35
2026-01-01 16:55:00,AWS_002,22.74,1011.81,75.42
2026-01-01 16:56:00,AWS_002,22.65,1010.58,73.0
2026-01-01 16:57:00,AWS_002,22.41,1010.93,77.72
2026-01-01 16:58:00,AWS_002,22.37,1011.59,74.68
2026-01-01 16:59:00,AWS_002,22.1,1011.73,73.8
2026-01-01 17:00:00,AWS_002,22.93,1011.91,73.95
2026-01-01 17:01:00,AWS_002,22.71,1011.72,77.81
2026-01-01 17:02:00,AWS_002,22.89,1011.35,76.9
2026-01-01 17:03:00,AWS_002,22.4,1010.83,78.2
2026-01-01 17:04:00,AWS_002,22.25,1011.66,77.98
2026-01-01 17:05:00,AWS_002,22.08,1012.81,75.81
2026-01-01 17:06:00,AWS_002,22.65,1012.14,76.53
2026-01-01 17:07:00,AWS_002,22.08,1011.75,75.66
2026-01-01 17:08:00,AWS_002,23.23,1012.14,76.27
2026-01-01 17:09:00,AWS_002,21.97,1011.01,74.77
2026-01-01 17:10:00,AWS_002,22.59,1010.9,77.5
2026-01-01 17:11:00,AWS_002,23.11,1010.7,78.88
2026-01-01 17:12:00,AWS_002,22.71,1011.19,75.1
2026-01-01 17:13:00,AWS_002,22.54,1010.95,79.31
2026-01-01 17:14:00,AWS_002,22.08,1012.25,76.99
2026-01-01 17:15:00,AWS_002,21.91,1010.89,77.25
2026-01-01 17:16:00,AWS_002,22.77,1010.63,73.38
2026-01-01 17:17:00,AWS_002,23.06,1012.82,73.17
2026-01-01 17:18:00,AWS_002,22.27,1010.9,77.09
2026-01-01 17:19:00,AWS_002,21.99,1011.38,78.39
2026-01-01 17:20:00,AWS_002,21.46,1011.61,75.47
2026-01-01 17:21:00,AWS_002,22.05,1010.33,80.17
2026-01-01 17:22:00,AWS_002,22.39,1012.22,78.31
2026-01-01 17:23:00,AWS_002,23.07,1011.74,75.03
2026-01-01 17:24:00,AWS_002,22.7,1012.47,76.91
2026-01-01 17:25:00,AWS_002,22.55,1010.68,81.81
2026-01-01 17:26:00,AWS_002,22.26,1011.29,74.38
2026-01-01 17:27:00,AWS_002,22.18,1011.24,77.93
2026-01-01 17:28:00,AWS_002,22.98,1011.41,76.24
2026-01-01 17:29:00,AWS_002,22.49,1010.03,78.3
2026-01-01 17:30:00,AWS_002,21.57,1011.28,79.43
2026-01-01 17:31:00,AWS_002,22.14,1010.04,76.13
2026-01-01 17:32:00,AWS_002,22.06,1011.47,79.15
2026-01-01 17:33:00,AWS_002,22.18,1009.47,81.36
2026-01-01 17:34:00,AWS_002,22.62,1009.69,77.06
2026-01-01 17:35:00,AWS_002,22.35,1011.82,78.5
2026-01-01 17:36:00,AWS_002,22.36,1010.72,75.75
2026-01-01 17:37:00,AWS_002,22.92,1010.36,76.98
2026-01-01 17:38:00,AWS_002,22.11,1012.16,76.59
2026-01-01 17:39:00,AWS_002,23.13,1011.4,78.54
2026-01-01 17:40:00,AWS_002,22.12,1011.83,79.36
2026-01-01 17:41:00,AWS_002,22.42,1010.99,76.74
2026-01-01 17:42:00,AWS_002,22.27,1013.26,80.03
2026-01-01 17:43:00,AWS_002,22.43,1010.63,80.03
2026-01-01 17:44:00,AWS_002,22.56,1012.5,78.66
2026-01-01 17:45:00,AWS_002,22.55,1011.05,75.94
2026-01-01 17:46:00,AWS_002,22.07,1009.77,75.75
2026-01-01 17:47:00,AWS_002,21.92,1011.48,75.36
2026-01-01 17:48:00,AWS_002,23.37,1011.34,78.88
2026-01-01 17:49:00,AWS_002,22.18,1010.24,74.56
2026-01-01 17:50:00,AWS_002,22.65,1010.33,78.34
2026-01-01 17:51:00,AWS_002,21.73,1011.05,74.83
2026-01-01 17:52:00,AWS_002,22.26,1011.34,78.64
2026-01-01 17:53:00,AWS_002,22.32,1009.08,77.03
2026-01-01 17:54:00,AWS_002,22.56,1011.89,79.66
2026-01-01 17:55:00,AWS_002,21.28,1010.65,79.28
2026-01-01 17:56:00,AWS_002,22.43,1009.97,79.87
2026-01-01 17:57:00,AWS_002,21.91,1011.78,79.92
2026-01-01 17:58:00,AWS_002,22.5,1011.0,77.29
2026-01-01 17:59:00,AWS_002,21.95,1011.99,74.68
2026-01-01 18:00:00,AWS_002,22.02,1011.36,74.89
2026-01-01 18:01:00,AWS_002,22.26,1011.0,72.83
2026-01-01 18:02:00,AWS_002,21.94,1010.88,74.83
2026-01-01 18:03:00,AWS_002,22.18,1011.38,77.14
2026-01-01 18:04:00,AWS_002,21.89,1010.66,75.88
2026-01-01 18:05:00,AWS_002,21.63,1010.3,76.64
2026-01-01 18:06:00,AWS_002,22.77,1011.46,77.98
2026-01-01 18:07:00,AWS_002,21.85,1010.85,76.39
2026-01-01 18:08:00,AWS_002,22.3,1010.99,74.75
2026-01-01 18:09:00,AWS_002,22.67,1011.83,76.88
2026-01-01 18:10:00,AWS_002,22.12,1010.86,75.19
2026-01-01 18:11:00,AWS_002,22.04,1010.95,76.44
2026-01-01 18:12:00,AWS_002,22.46,1010.46,79.67
2026-01-01 18:13:00,AWS_002,22.82,1011.27,76.44
2026-01-01 18:14:00,AWS_002,21.91,1011.2,80.52
2026-01-01 18:15:00,AWS_002,22.32,1011.64,79.84
2026-01-01 18:16:00,AWS_002,21.68,1010.45,75.81
2026-01-01 18:17:00,AWS_002,22.22,1010.54,74.74
2026-01-01 18:18:00,AWS_002,22.39,1011.53,76.86
2026-01-01 18:19:00,AWS_002,22.04,1011.09,79.27
2026-01-01 18:20:00,AWS_002,22.2,1010.16,75.97
2026-01-01 18:21:00,AWS_002,21.82,1011.92,78.77
2026-01-01 18:22:00,AWS_002,22.42,1009.51,79.36
2026-01-01 18:23:00,AWS_002,22.81,1011.49,75.39
2026-01-01 18:24:00,AWS_002,21.95,1009.85,75.58
2026-01-01 18:25:00,AWS_002,22.15,1012.36,78.35
2026-01-01 18:26:00,AWS_002,22.6,1009.61,77.23
2026-01-01 18:27:00,AWS_002,22.89,1011.76,75.54
2026-01-01 18:28:00,AWS_002,21.81,1010.77,76.21
2026-01-01 18:29:00,AWS_002,22.34,1010.53,76.76
2026-01-01 18:30:00,AWS_002,22.52,1010.97,73.77
2026-01-01 18:31:00,AWS_002,22.37,1011.32,78.42
2026-01-01 18:32:00,AWS_002,21.42,1010.08,75.93
2026-01-01 18:33:00,AWS_002,22.62,1010.15,71.31
2026-01-01 18:34:00,AWS_002,23.03,1011.31,76.82
2026-01-01 18:35:00,AWS_002,22.47,1009.42,75.38
2026-01-01 18:36:00,AWS_002,22.01,1010.31,80.23
2026-01-01 18:37:00,AWS_002,22.23,1013.21,75.67
2026-01-01 18:38:00,AWS_002,23.14,1009.99,74.64
2026-01-01 18:39:00,AWS_002,22.8,1011.68,77.84
2026-01-01 18:40:00,AWS_002,22.7,1010.29,75.5
2026-01-01 18:41:00,AWS_002,22.59,1011.15,75.25
2026-01-01 18:42:00,AWS_002,22.18,1011.26,77.82
2026-01-01 18:43:00,AWS_002,22.37,1011.64,74.71
2026-01-01 18:44:00,AWS_002,22.43,1010.57,73.86
2026-01-01 18:45:00,AWS_002,22.68,1012.31,80.22
2026-01-01 18:46:00,AWS_002,23.07,1010.24,77.92
2026-01-01 18:47:00,AWS_002,22.92,1010.89,76.22
2026-01-01 18:48:00,AWS_002,21.91,1010.9,76.73
2026-01-01 18:49:00,AWS_002,22.57,1009.8,77.74
2026-01-01 18:50:00,AWS_002,22.78,1010.46,78.66
2026-01-01 18:51:00,AWS_002,22.74,1010.81,75.19
2026-01-01 18:52:00,AWS_002,22.24,1010.33,77.42
2026-01-01 18:53:00,AWS_002,23.66,1012.62,75.67
2026-01-01 18:54:00,AWS_002,21.99,1009.99,76.29
2026-01-01 18:55:00,AWS_002,22.08,1011.6,76.98
2026-01-01 18:56:00,AWS_002,22.61,1011.33,76.63
2026-01-01 18:57:00,AWS_002,23.37,1010.63,78.1
2026-01-01 18:58:00,AWS_002,22.19,1009.94,77.59
2026-01-01 18:59:00,AWS_002,22.42,1010.01,73.59
2026-01-01 19:00:00,AWS_002,22.97,1010.2,73.88
2026-01-01 19:01:00,AWS_002,22.53,1009.18,75.84
2026-01-01 19:02:00,AWS_002,22.41,1009.8,80.22
2026-01-01 19:03:00,AWS_002,22.78,1009.41,74.85
2026-01-01 19:04:00,AWS_002,22.67,1011.67,76.12
2026-01-01 19:05:00,AWS_002,22.98,1011.08,75.45
2026-01-01 19:06:00,AWS_002,23.09,1011.2,75.4
2026-01-01 19:07:00,AWS_002,22.7,1011.04,76.85
2026-01-01 19:08:00,AWS_002,22.7,1010.7,79.28
2026-01-01 19:09:00,AWS_002,22.68,1011.72,77.37
2026-01-01 19:10:00,AWS_002,22.79,1010.06,74.84
2026-01-01 19:11:00,AWS_002,22.63,1010.63,81.94
2026-01-01 19:12:00,AWS_002,22.61,1011.13,76.57
2026-01-01 19:13:00,AWS_002,23.1,1009.47,75.24
2026-01-01 19:14:00,AWS_002,23.23,1013.0,79.2
2026-01-01 19:15:00,AWS_002,22.03,1010.54,75.43
2026-01-01 19:16:00,AWS_002,22.64,1010.62,79.67
2026-01-01 19:17:00,AWS_002,22.37,1011.5,74.59
2026-01-01 19:18:00,AWS_002,22.53,1011.22,79.17
2026-01-01 19:19:00,AWS_002,22.82,1010.51,76.7
2026-01-01 19:20:00,AWS_002,22.93,1010.58,78.86
2026-01-01 19:21:00,AWS_002,22.63,1009.27,80.06
2026-01-01 19:22:00,AWS_002,21.92,1010.02,73.97
2026-01-01 19:23:00,AWS_002,22.3,1010.87,78.77
2026-01-01 19:24:00,AWS_002,23.06,1010.8,73.39
2026-01-01 19:25:00,AWS_002,21.61,1011.42,74.09
2026-01-01 19:26:00,AWS_002,23.19,1010.34,74.56
2026-01-01 19:27:00,AWS_002,22.93,1009.32,77.15
2026-01-01 19:28:00,AWS_002,23.26,1011.26,76.19
2026-01-01 19:29:00,AWS_002,22.66,1011.56,75.77
2026-01-01 19:30:00,AWS_002,21.92,1011.12,76.38
2026-01-01 19:31:00,AWS_002,22.93,1010.27,77.25
2026-01-01 19:32:00,AWS_002,23.27,1011.23,77.38
2026-01-01 19:33:00,AWS_002,23.14,1013.13,78.21
2026-01-01 19:34:00,AWS_002,22.52,1010.47,79.64
2026-01-01 19:35:00,AWS_002,22.82,1009.32,75.94
2026-01-01 19:36:00,AWS_002,22.58,1009.89,74.92
2026-01-01 19:37:00,AWS_002,22.48,1010.85,77.17
2026-01-01 19:38:00,AWS_002,23.2,1009.06,73.63
2026-01-01 19:39:00,AWS_002,22.35,1010.47,74.54
2026-01-01 19:40:00,AWS_002,22.48,1010.64,77.87
2026-01-01 19:41:00,AWS_002,22.4,1011.55,75.61
2026-01-01 19:42:00,AWS_002,22.26,1011.37,73.41
2026-01-01 19:43:00,AWS_002,22.92,1011.0,72.83
2026-01-01 19:44:00,AWS_002,23.34,1008.57,75.88
2026-01-01 19:45:00,AWS_002,22.81,1011.03,78.05
2026-01-01 19:46:00,AWS_002,22.29,1010.85,78.0
2026-01-01 19:47:00,AWS_002,23.24,1010.49,75.94
2026-01-01 19:48:00,AWS_002,23.58,1008.89,79.71
2026-01-01 19:49:00,AWS_002,22.66,1009.64,75.46
2026-01-01 19:50:00,AWS_002,22.74,1009.32,75.37
2026-01-01 19:51:00,AWS_002,23.15,1008.64,70.48
2026-01-01 19:52:00,AWS_002,23.6,1010.24,74.7
2026-01-01 19:53:00,AWS_002,22.75,1009.6,77.27
2026-01-01 19:54:00,AWS_002,22.44,1012.33,78.67
2026-01-01 19:55:00,AWS_002,23.23,1010.09,73.86
2026-01-01 19:56:00,AWS_002,23.31,1011.25,76.42
2026-01-01 19:57:00,AWS_002,23.01,1008.95,77.56
2026-01-01 19:58:00,AWS_002,22.79,1009.77,75.47
2026-01-01 19:59:00,AWS_002,23.42,1010.27,70.85
2026-01-01 20:00:00,AWS_002,23.25,1009.46,75.89
2026-01-01 20:01:00,AWS_002,22.74,1009.84,76.89
2026-01-01 20:02:00,AWS_002,23.08,1009.99,73.44
2026-01-01 20:03:00,AWS_002,22.53,1009.97,74.8
2026-01-01 20:04:00,AWS_002,23.35,1011.64,72.98
2026-01-01 20:05:00,AWS_002,22.99,1010.45,70.12
2026-01-01 20:06:00,AWS_002,22.93,1010.52,77.29
2026-01-01 20:07:00,AWS_002,23.1,1010.56,75.2
2026-01-01 20:08:00,AWS_002,23.14,1010.61,78.37
2026-01-01 20:09:00,AWS_002,23.49,1010.05,76.86
2026-01-01 20:10:00,AWS_002,23.39,1009.85,74.41
2026-01-01 20:11:00,AWS_002,23.1,1010.23,74.93
2026-01-01 20:12:00,AWS_002,23.48,1011.02,76.2
2026-01-01 20:13:00,AWS_002,23.34,1010.98,76.97
2026-01-01 20:14:00,AWS_002,23.03,1009.88,75.65
2026-01-01 20:15:00,AWS_002,23.16,1010.68,77.19
2026-01-01 20:16:00,AWS_002,23.16,1009.91,74.36
2026-01-01 20:17:00,AWS_002,23.43,1010.08,72.92
2026-01-01 20:18:00,AWS_002,23.1,1009.67,74.76
2026-01-01 20:19:00,AWS_002,23.1,1009.89,75.27
2026-01-01 20:20:00,AWS_002,24.06,1011.1,72.43
2026-01-01 20:21:00,AWS_002,23.66,1010.1,72.13
2026-01-01 20:22:00,AWS_002,22.99,1010.12,75.66
2026-01-01 20:23:00,AWS_002,23.54,1008.85,73.93
2026-01-01 20:24:00,AWS_002,23.37,1009.75,74.38
2026-01-01 20:25:00,AWS_002,23.49,1009.8,73.96
2026-01-01 20:26:00,AWS_002,23.4,1009.32,77.69
2026-01-01 20:27:00,AWS_002,23.84,1009.99,77.14
2026-01-01 20:28:00,AWS_002,23.51,1009.62,72.11
2026-01-01 20:29:00,AWS_002,23.36,1010.02,73.49
2026-01-01 20:30:00,AWS_002,23.82,1010.05,76.22
2026-01-01 20:31:00,AWS_002,23.51,1009.18,75.69
2026-01-01 20:32:00,AWS_002,23.47,1009.62,74.37
2026-01-01 20:33:00,AWS_002,23.56,1009.99,72.15
2026-01-01 20:34:00,AWS_002,23.42,1010.87,73.03
2026-01-01 20:35:00,AWS_002,23.47,1010.12,73.33
2026-01-01 20:36:00,AWS_002,23.25,1009.38,74.88
2026-01-01 20:37:00,AWS_002,23.19,1010.22,77.7
2026-01-01 20:38:00,AWS_002,23.11,1011.26,72.89
2026-01-01 20:39:00,AWS_002,22.96,1010.61,72.17
2026-01-01 20:40:00,AWS_002,23.18,1010.31,73.98
2026-01-01 20:41:00,AWS_002,23.48,1010.45,76.22
2026-01-01 20:42:00,AWS_002,23.6,1011.01,71.23
2026-01-01 20:43:00,AWS_002,23.47,1010.71,77.0
2026-01-01 20:44:00,AWS_002,22.65,1010.3,73.71
2026-01-01 20:45:00,AWS_002,24.24,1010.69,72.55
2026-01-01 20:46:00,AWS_002,24.06,1008.96,70.79
2026-01-01 20:47:00,AWS_002,23.81,1008.62,75.37
2026-01-01 20:48:00,AWS_002,24.41,1009.94,73.58
2026-01-01 20:49:00,AWS_002,23.27,1009.86,74.22
2026-01-01 20:50:00,AWS_002,24.43,1009.36,72.05
2026-01-01 20:51:00,AWS_002,23.31,1010.45,73.17
2026-01-01 20:52:00,AWS_002,23.8,1008.29,72.8
2026-01-01 20:53:00,AWS_002,23.21,1009.34,73.54
2026-01-01 20:54:00,AWS_002,23.74,1009.37,72.37
2026-01-01 20:55:00,AWS_002,23.91,1008.44,70.6
2026-01-01 20:56:00,AWS_002,23.71,1010.94,79.09
2026-01-01 20:57:00,AWS_002,24.07,1008.65,70.87
2026-01-01 20:58:00,AWS_002,23.84,1009.26,73.92
2026-01-01 20:59:00,AWS_002,23.61,1010.45,69.98
2026-01-01 21:00:00,AWS_002,23.6,1010.23,69.49
2026-01-01 21:01:00,AWS_002,24.17,1008.82,73.64
2026-01-01 21:02:00,AWS_002,23.6,1010.24,73.76
2026-01-01 21:03:00,AWS_002,24.24,1009.92,75.9
2026-01-01 21:04:00,AWS_002,24.38,1011.55,74.13
2026-01-01 21:05:00,AWS_002,23.24,1010.0,73.0
2026-01-01 21:06:00,AWS_002,24.38,1009.55,71.36
2026-01-01 21:07:00,AWS_002,24.76,1008.97,76.22
2026-01-01 21:08:00,AWS_002,24.06,1009.05,75.04
2026-01-01 21:09:00,AWS_002,24.21,1008.98,70.65
2026-01-01 21:10:00,AWS_002,24.4,1010.73,73.18
2026-01-01 21:11:00,AWS_002,23.89,1009.64,73.36
2026-01-01 21:12:00,AWS_002,24.09,1010.07,72.34
2026-01-01 21:13:00,AWS_002,23.51,1010.82,74.53
2026-01-01 21:14:00,AWS_002,24.11,1007.71,74.61
2026-01-01 21:15:00,AWS_002,24.27,1010.61,72.53
2026-01-01 21:16:00,AWS_002,24.29,1009.63,72.31
2026-01-01 21:17:00,AWS_002,24.53,1009.92,75.83
2026-01-01 21:18:00,AWS_002,23.81,1008.9,74.66
2026-01-01 21:19:00,AWS_002,23.92,1008.96,72.9
2026-01-01 21:20:00,AWS_002,24.91,1009.94,69.46
2026-01-01 21:21:00,AWS_002,24.11,1011.45,73.36
2026-01-01 21:22:00,AWS_002,24.27,1010.34,74.03
2026-01-01 21:23:00,AWS_002,24.18,1010.54,67.08
2026-01-01 21:24:00,AWS_002,23.89,1009.36,73.06
2026-01-01 21:25:00,AWS_002,24.89,1009.03,71.68
2026-01-01 21:26:00,AWS_002,24.04,1008.88,72.03
2026-01-01 21:27:00,AWS_002,23.82,1009.1,70.61
2026-01-01 21:28:00,AWS_002,24.11,1007.84,72.09
2026-01-01 21:29:00,AWS_002,23.5,1008.9,75.13
2026-01-01 21:30:00,AWS_002,24.06,1009.02,71.41
2026-01-01 21:31:00,AWS_002,23.95,1009.32,74.19
2026-01-01 21:32:00,AWS_002,24.6,1009.56,70.61
2026-01-01 21:33:00,AWS_002,24.1,1009.73,73.7
2026-01-01 21:34:00,AWS_002,24.75,1009.42,72.14
2026-01-01 21:35:00,AWS_002,24.97,1008.96,72.8
2026-01-01 21:36:00,AWS_002,24.74,1007.85,72.07
2026-01-01 21:37:00,AWS_002,24.36,1008.95,73.29
2026-01-01 21:38:00,AWS_002,24.52,1008.62,66.83
2026-01-01 21:39:00,AWS_002,23.87,1009.77,69.09
2026-01-01 21:40:00,AWS_002,24.44,1010.11,72.72
2026-01-01 21:41:00,AWS_002,24.17,1010.13,67.75
2026-01-01 21:42:00,AWS_002,24.81,1009.97,70.74
2026-01-01 21:43:00,AWS_002,25.58,1009.25,71.64
2026-01-01 21:44:00,AWS_002,24.77,1008.93,70.05
2026-01-01 21:45:00,AWS_002,23.79,1008.75,70.28
2026-01-01 21:46:00,AWS_002,24.46,1008.13,72.17
2026-01-01 21:47:00,AWS_002,24.67,1010.12,73.6
2026-01-01 21:48:00,AWS_002,24.68,1009.18,69.62
2026-01-01 21:49:00,AWS_002,24.37,1008.31,70.34
2026-01-01 21:50:00,AWS_002,24.78,1008.64,69.99
2026-01-01 21:51:00,AWS_002,24.2,1008.6,66.56
2026-01-01 21:52:00,AWS_002,24.34,1009.32,71.64
2026-01-01 21:53:00,AWS_002,24.99,1010.13,73.18
2026-01-01 21:54:00,AWS_002,24.35,1008.99,73.3
2026-01-01 21:55:00,AWS_002,24.99,1007.46,69.48
2026-01-01 21:56:00,AWS_002,24.24,1009.1,68.68
2026-01-01 21:57:00,AWS_002,25.52,1009.12,71.18
2026-01-01 21:58:00,AWS_002,24.52,1009.06,72.75
2026-01-01 21:59:00,AWS_002,24.76,1008.72,71.35
2026-01-01 22:00:00,AWS_002,25.0,1009.39,71.58
2026-01-01 22:01:00,AWS_002,24.66,1009.26,73.24
2026-01-01 22:02:00,AWS_002,24.96,1009.18,69.43
2026-01-01 22:03:00,AWS_002,25.15,1009.52,70.42
2026-01-01 22:04:00,AWS_002,25.33,1008.84,74.09
2026-01-01 22:05:00,AWS_002,25.28,1008.79,70.38
2026-01-01 22:06:00,AWS_002,24.91,1010.27,68.19
2026-01-01 22:07:00,AWS_002,24.94,1009.61,69.34
2026-01-01 22:08:00,AWS_002,25.96,1009.81,68.76
2026-01-01 22:09:00,AWS_002,25.42,1010.12,71.3
2026-01-01 22:10:00,AWS_002,24.69,1009.55,68.75
2026-01-01 22:11:00,AWS_002,25.12,1009.87,71.04
2026-01-01 22:12:00,AWS_002,24.96,1007.85,68.98
2026-01-01 22:13:00,AWS_002,25.06,1009.27,66.15
2026-01-01 22:14:00,AWS_002,24.64,1008.95,70.97
2026-01-01 22:15:00,AWS_002,24.99,1010.43,70.6
2026-01-01 22:16:00,AWS_002,25.9,1009.82,71.3
2026-01-01 22:17:00,AWS_002,25.43,1008.57,68.87
2026-01-01 22:18:00,AWS_002,24.22,1009.36,68.61
2026-01-01 22:19:00,AWS_002,25.72,1009.19,70.92
2026-01-01 22:20:00,AWS_002,25.69,1009.41,73.11
2026-01-01 22:21:00,AWS_002,25.13,1008.22,70.05
2026-01-01 22:22:00,AWS_002,25.58,1009.32,70.83
2026-01-01 22:23:00,AWS_002,24.97,1008.84,69.29
2026-01-01 22:24:00,AWS_002,25.14,1009.24,66.79
2026-01-01 22:25:00,AWS_002,25.95,1008.43,71.77
2026-01-01 22:26:00,AWS_002,25.26,1008.53,71.6
2026-01-01 22:27:00,AWS_002,24.64,1009.93,71.16
2026-01-01 22:28:00,AWS_002,25.39,1008.14,69.32
2026-01-01 22:29:00,AWS_002,25.4,1008.19,70.83
2026-01-01 22:30:00,AWS_002,25.93,1008.92,71.38
2026-01-01 22:31:00,AWS_002,25.48,1008.34,72.78
2026-01-01 22:32:00,AWS_002,25.32,1008.24,71.47
2026-01-01 22:33:00,AWS_002,25.93,1009.02,69.57
2026-01-01 22:34:00,AWS_002,25.58,1007.72,66.78
2026-01-01 22:35:00,AWS_002,25.25,1008.11,69.66
2026-01-01 22:36:00,AWS_002,26.04,1010.56,69.81
2026-01-01 22:37:00,AWS_002,25.67,1009.27,70.67
2026-01-01 22:38:00,AWS_002,25.62,1008.3,71.91
2026-01-01 22:39:00,AWS_002,25.71,1009.22,68.96
2026-01-01 22:40:00,AWS_002,25.23,1009.33,73.31
2026-01-01 22:41:00,AWS_002,25.47,1009.66,65.54
2026-01-01 22:42:00,AWS_002,25.7,1008.76,69.84
2026-01-01 22:43:00,AWS_002,25.64,1009.63,67.36
2026-01-01 22:44:00,AWS_002,26.25,1007.21,65.09
2026-01-01 22:45:00,AWS_002,25.85,1007.99,68.45
2026-01-01 22:46:00,AWS_002,26.12,1008.96,65.89
2026-01-01 22:47:00,AWS_002,25.8,1009.08,68.44
2026-01-01 22:48:00,AWS_002,26.24,1008.08,68.78
2026-01-01 22:49:00,AWS_002,26.0,1009.01,70.9
2026-01-01 22:50:00,AWS_002,25.87,1008.29,65.59
2026-01-01 22:51:00,AWS_002,25.88,1008.56,70.38
2026-01-01 22:52:00,AWS_002,25.52,1009.59,68.7
2026-01-01 22:53:00,AWS_002,26.13,1009.49,70.52
2026-01-01 22:54:00,AWS_002,25.93,1007.96,67.54
2026-01-01 22:55:00,AWS_002,25.77,1007.9,65.69
2026-01-01 22:56:00,AWS_002,26.43,1008.41,65.87
2026-01-01 22:57:00,AWS_002,25.51,1008.71,65.67
2026-01-01 22:58:00,AWS_002,25.86,1008.2,69.16
2026-01-01 22:59:00,AWS_002,26.46,1009.55,71.11
2026-01-01 23:00:00,AWS_002,26.2,1008.98,66.98
2026-01-01 23:01:00,AWS_002,26.07,1009.02,69.31
2026-01-01 23:02:00,AWS_002,26.21,1007.67,64.96
2026-01-01 23:03:00,AWS_002,26.21,1009.61,68.31
2026-01-01 23:04:00,AWS_002,25.55,1006.41,69.24
2026-01-01 23:05:00,AWS_002,26.04,1009.33,64.96
2026-01-01 23:06:00,AWS_002,26.85,1009.4,67.39
2026-01-01 23:07:00,AWS_002,25.96,1008.3,69.18
2026-01-01 23:08:00,AWS_002,26.11,1009.65,61.83
2026-01-01 23:09:00,AWS_002,26.05,1008.58,70.32
2026-01-01 23:10:00,AWS_002,26.25,1008.67,68.3
2026-01-01 23:11:00,AWS_002,26.07,1008.88,68.98
2026-01-01 23:12:00,AWS_002,26.52,1011.15,66.67
2026-01-01 23:13:00,AWS_002,26.43,1009.67,64.0
2026-01-01 23:14:00,AWS_002,26.68,1009.14,68.46
2026-01-01 23:15:00,AWS_002,25.97,1007.84,67.18
2026-01-01 23:16:00,AWS_002,26.28,1008.68,67.35
2026-01-01 23:17:00,AWS_002,26.34,1007.91,69.41
2026-01-01 23:18:00,AWS_002,26.64,1009.21,68.71
2026-01-01 23:19:00,AWS_002,26.16,1008.65,70.98
2026-01-01 23:20:00,AWS_002,26.86,1007.63,67.39
2026-01-01 23:21:00,AWS_002,26.99,1008.59,65.65
2026-01-01 23:22:00,AWS_002,26.14,1007.83,66.6
2026-01-01 23:23:00,AWS_002,26.37,1008.63,67.76
2026-01-01 23:24:00,AWS_002,26.37,1007.81,68.91
2026-01-01 23:25:00,AWS_002,27.66,1008.51,63.89
2026-01-01 23:26:00,AWS_002,26.45,1009.08,66.79
2026-01-01 23:27:00,AWS_002,27.32,1008.43,69.94
2026-01-01 23:28:00,AWS_002,26.16,1008.15,66.19
2026-01-01 23:29:00,AWS_002,26.3,1008.62,68.48
2026-01-01 23:30:00,AWS_002,26.44,1009.0,67.55
2026-01-01 23:31:00,AWS_002,26.4,1007.55,68.43
2026-01-01 23:32:00,AWS_002,26.65,1008.64,64.84
2026-01-01 23:33:00,AWS_002,26.49,1009.47,64.8
2026-01-01 23:34:00,AWS_002,26.47,1008.87,66.4
2026-01-01 23:35:00,AWS_002,27.28,1008.45,63.24
2026-01-01 23:36:00,AWS_002,27.33,1008.9,65.71
2026-01-01 23:37:00,AWS_002,27.24,1008.75,66.71
2026-01-01 23:38:00,AWS_002,27.1,1008.98,69.72
2026-01-01 23:39:00,AWS_002,26.95,1006.75,66.9
2026-01-01 23:40:00,AWS_002,26.73,1007.11,67.3
2026-01-01 23:41:00,AWS_002,26.57,1009.15,68.32
2026-01-01 23:42:00,AWS_002,27.12,1007.14,64.01
2026-01-01 23:43:00,AWS_002,26.53,1008.65,65.56
2026-01-01 23:44:00,AWS_002,26.62,1008.04,70.69
2026-01-01 23:45:00,AWS_002,27.5,1007.52,65.63
2026-01-01 23:46:00,AWS_002,27.82,1008.58,67.97
2026-01-01 23:47:00,AWS_002,27.24,1008.46,67.61
2026-01-01 23:48:00,AWS_002,27.55,1009.98,62.67
2026-01-01 23:49:00,AWS_002,27.03,1007.78,66.2
2026-01-01 23:50:00,AWS_002,26.61,1009.42,65.82
2026-01-01 23:51:00,AWS_002,27.41,1008.54,66.13
2026-01-01 23:52:00,AWS_002,27.42,1007.72,63.91
2026-01-01 23:53:00,AWS_002,27.24,1008.88,63.13
2026-01-01 23:54:00,AWS_002,27.14,1008.69,64.36
2026-01-01 23:55:00,AWS_002,27.64,1008.26,65.07
2026-01-01 23:56:00,AWS_002,26.88,1008.43,67.58
2026-01-01 23:57:00,AWS_002,26.99,1007.73,68.79
2026-01-01 23:58:00,AWS_002,26.92,1007.54,67.9
2026-01-01 23:59:00,AWS_002,27.38,1008.8,66.77
2026-01-02 00:00:00,AWS_002,26.93,1008.0,62.99
2026-01-02 00:01:00,AWS_002,27.11,1008.11,64.13
2026-01-02 00:02:00,AWS_002,27.13,1008.39,65.32
2026-01-02 00:03:00,AWS_002,27.33,1008.37,63.58
2026-01-02 00:04:00,AWS_002,26.86,1007.0,65.94
2026-01-02 00:05:00,AWS_002,27.51,1009.17,66.18
2026-01-02 00:06:00,AWS_002,28.0,1008.23,65.76
2026-01-02 00:07:00,AWS_002,27.57,1007.96,66.68
2026-01-02 00:08:00,AWS_002,28.16,1008.46,62.77
2026-01-02 00:09:00,AWS_002,28.1,1008.29,66.39
2026-01-02 00:10:00,AWS_002,27.89,1008.71,63.09
2026-01-02 00:11:00,AWS_002,27.64,1008.52,62.54
2026-01-02 00:12:00,AWS_002,27.64,1008.65,65.44
2026-01-02 00:13:00,AWS_002,27.95,1009.15,66.75
2026-01-02 00:14:00,AWS_002,27.51,1008.77,65.24
2026-01-02 00:15:00,AWS_002,26.94,1007.92,64.26
2026-01-02 00:16:00,AWS_002,27.91,1007.14,64.78
2026-01-02 00:17:00,AWS_002,27.28,1009.37,64.38
2026-01-02 00:18:00,AWS_002,27.37,1007.84,61.81
2026-01-02 00:19:00,AWS_002,27.78,1007.64,61.52
2026-01-02 00:20:00,AWS_002,27.76,1006.62,63.8
2026-01-02 00:21:00,AWS_002,27.26,1008.27,64.06
2026-01-02 00:22:00,AWS_002,27.91,1008.11,63.87
2026-01-02 00:23:00,AWS_002,28.25,1006.77,65.15
2026-01-02 00:24:00,AWS_002,27.44,1008.34,63.31
2026-01-02 00:25:00,AWS_002,28.42,1007.57,64.82
2026-01-02 00:26:00,AWS_002,27.31,1010.11,63.35
2026-01-02 00:27:00,AWS_002,28.8,1007.49,67.24
2026-01-02 00:28:00,AWS_002,27.81,1007.59,63.7
2026-01-02 00:29:00,AWS_002,28.05,1007.23,68.17
2026-01-02 00:30:00,AWS_002,27.26,1008.94,64.14
2026-01-02 00:31:00,AWS_002,28.02,1007.61,62.95
2026-01-02 00:32:00,AWS_002,28.15,1007.32,61.53
2026-01-02 00:33:00,AWS_002,28.05,1008.46,60.39
2026-01-02 00:34:00,AWS_002,27.88,1006.78,61.24
2026-01-02 00:35:00,AWS_002,27.75,1008.38,61.42
2026-01-02 00:36:00,AWS_002,28.6,1009.29,63.91
2026-01-02 00:37:00,AWS_002,28.18,1008.31,62.02
2026-01-02 00:38:00,AWS_002,28.81,1008.36,63.39
2026-01-02 00:39:00,AWS_002,28.0,1008.54,65.53
2026-01-02 00:40:00,AWS_002,28.06,1009.2,62.74
2026-01-02 00:41:00,AWS_002,28.58,1008.79,67.02
2026-01-02 00:42:00,AWS_002,27.63,1008.17,60.46
2026-01-02 00:43:00,AWS_002,27.81,1008.53,62.46
2026-01-02 00:44:00,AWS_002,28.76,1007.09,61.63
2026-01-02 00:45:00,AWS_002,27.87,1008.41,64.53
2026-01-02 00:46:00,AWS_002,27.63,1006.98,58.13
2026-01-02 00:47:00,AWS_002,29.13,1007.48,59.67
2026-01-02 00:48:00,AWS_002,27.85,1005.3,62.29
2026-01-02 00:49:00,AWS_002,28.5,1008.08,65.56
2026-01-02 00:50:00,AWS_002,28.48,1007.23,62.85
2026-01-02 00:51:00,AWS_002,27.34,1008.63,59.65
2026-01-02 00:52:00,AWS_002,28.38,1008.04,59.91
2026-01-02 00:53:00,AWS_002,28.69,1008.62,65.6
2026-01-02 00:54:00,AWS_002,28.67,1006.85,60.96
2026-01-02 00:55:00,AWS_002,28.92,1008.53,60.26
2026-01-02 00:56:00,AWS_002,28.42,1009.38,65.05
2026-01-02 00:57:00,AWS_002,28.88,1008.3,64.07
2026-01-02 00:58:00,AWS_002,28.34,1008.31,64.54
2026-01-02 00:59:00,AWS_002,28.07,1007.81,60.04
2026-01-02 01:00:00,AWS_002,28.14,1007.24,58.84
2026-01-02 01:01:00,AWS_002,28.1,1008.26,62.11
2026-01-02 01:02:00,AWS_002,29.11,1006.44,62.46
2026-01-02 01:03:00,AWS_002,28.12,1007.3,62.47
2026-01-02 01:04:00,AWS_002,28.85,1006.21,64.65
2026-01-02 01:05:00,AWS_002,28.66,1007.05,58.17
2026-01-02 01:06:00,AWS_002,28.74,1008.12,63.31
2026-01-02 01:07:00,AWS_002,29.35,1008.0,59.35
2026-01-02 01:08:00,AWS_002,28.65,1007.63,63.2
2026-01-02 01:09:00,AWS_002,29.09,1007.72,60.49
2026-01-02 01:10:00,AWS_002,28.88,1006.07,59.76
2026-01-02 01:11:00,AWS_002,28.83,1007.27,60.12
2026-01-02 01:12:00,AWS_002,29.83,1007.01,58.4
2026-01-02 01:13:00,AWS_002,28.35,1007.02,61.32
2026-01-02 01:14:00,AWS_002,29.47,1008.02,59.65
2026-01-02 01:15:00,AWS_002,29.24,1006.84,62.72
2026-01-02 01:16:00,AWS_002,28.8,1007.04,62.37
2026-01-02 01:17:00,AWS_002,29.67,1005.84,64.42
2026-01-02 01:18:00,AWS_002,28.3,1007.27,61.73
2026-01-02 01:19:00,AWS_002,28.85,1006.63,61.99
2026-01-02 01:20:00,AWS_002,28.59,1007.55,63.7
2026-01-02 01:21:00,AWS_002,29.26,1006.72,59.59
2026-01-02 01:22:00,AWS_002,28.67,1007.55,57.82
2026-01-02 01:23:00,AWS_002,29.31,1007.35,61.15
2026-01-02 01:24:00,AWS_002,29.08,1008.79,57.85
2026-01-02 01:25:00,AWS_002,28.99,1007.84,65.56
2026-01-02 01:26:00,AWS_002,29.35,1005.97,63.51
2026-01-02 01:27:00,AWS_002,29.11,1006.42,64.88
2026-01-02 01:28:00,AWS_002,28.8,1007.46,60.63
2026-01-02 01:29:00,AWS_002,30.38,1006.67,61.56
2026-01-02 01:30:00,AWS_002,29.08,1005.03,59.49
2026-01-02 01:31:00,AWS_002,28.41,1008.47,62.13
2026-01-02 01:32:00,AWS_002,28.98,1007.96,57.88
2026-01-02 01:33:00,AWS_002,28.83,1007.79,55.18
2026-01-02 01:34:00,AWS_002,29.69,1006.88,58.63
2026-01-02 01:35:00,AWS_002,29.51,1007.7,57.26
2026-01-02 01:36:00,AWS_002,29.56,1006.79,63.08
2026-01-02 01:37:00,AWS_002,29.27,1007.51,63.7
2026-01-02 01:38:00,AWS_002,29.33,1006.6,57.22
2026-01-02 01:39:00,AWS_002,29.31,1008.54,62.56
2026-01-02 01:40:00,AWS_002,29.45,1006.06,61.83
2026-01-02 01:41:00,AWS_002,29.83,1008.29,56.74
2026-01-02 01:42:00,AWS_002,29.65,1007.33,59.05
2026-01-02 01:43:00,AWS_002,29.74,1006.9,58.63
2026-01-02 01:44:00,AWS_002,29.76,1007.42,61.24
2026-01-02 01:45:00,AWS_002,29.93,1007.86,57.23
2026-01-02 01:46:00,AWS_002,29.71,1008.36,59.45
2026-01-02 01:47:00,AWS_002,29.76,1007.51,58.23
2026-01-02 01:48:00,AWS_002,30.11,1006.54,60.5
2026-01-02 01:49:00,AWS_002,29.39,1007.29,59.07
2026-01-02 01:50:00,AWS_002,29.33,1008.69,58.39
2026-01-02 01:51:00,AWS_002,29.22,1008.3,58.99
2026-01-02 01:52:00,AWS_002,29.79,1007.94,63.44
2026-01-02 01:53:00,AWS_002,28.99,1007.84,58.49
2026-01-02 01:54:00,AWS_002,29.94,1007.76,57.19
2026-01-02 01:55:00,AWS_002,29.73,1008.12,60.4
2026-01-02 01:56:00,AWS_002,30.24,1006.82,58.9
2026-01-02 01:57:00,AWS_002,29.54,1006.09,56.31
2026-01-02 01:58:00,AWS_002,29.75,1007.22,63.55
2026-01-02 01:59:00,AWS_002,30.3,1006.5,58.34
2026-01-02 02:00:00,AWS_002,30.42,1006.3,58.24
2026-01-02 02:01:00,AWS_002,29.61,1006.56,59.27
2026-01-02 02:02:00,AWS_002,29.98,1009.12,62.37
2026-01-02 02:03:00,AWS_002,30.04,1007.23,55.5
2026-01-02 02:04:00,AWS_002,30.09,1007.4,59.37
2026-01-02 02:05:00,AWS_002,29.85,1006.13,62.95
2026-01-02 02:06:00,AWS_002,30.49,1005.62,58.99
2026-01-02 02:07:00,AWS_002,29.24,1006.43,56.21
2026-01-02 02:08:00,AWS_002,29.85,1008.23,57.4
2026-01-02 02:09:00,AWS_002,30.21,1007.34,59.01
2026-01-02 02:10:00,AWS_002,30.24,1007.54,61.21
2026-01-02 02:11:00,AWS_002,30.61,1007.65,57.83
2026-01-02 02:12:00,AWS_002,30.57,1006.57,60.12
2026-01-02 02:13:00,AWS_002,29.99,1008.15,55.55
2026-01-02 02:14:00,AWS_002,30.65,1006.52,55.49
2026-01-02 02:15:00,AWS_002,29.86,1008.15,57.37
2026-01-02 02:16:00,AWS_002,30.53,1007.37,61.17
2026-01-02 02:17:00,AWS_002,30.9,1005.57,58.38
2026-01-02 02:18:00,AWS_002,30.68,1006.4,58.78
2026-01-02 02:19:00,AWS_002,30.26,1005.56,58.72
2026-01-02 02:20:00,AWS_002,30.1,1007.91,60.34
2026-01-02 02:21:00,AWS_002,29.64,1006.95,56.85
2026-01-02 02:22:00,AWS_002,30.39,1005.18,59.41
2026-01-02 02:23:00,AWS_002,29.84,1007.26,56.33
2026-01-02 02:24:00,AWS_002,29.99,1006.52,61.91
2026-01-02 02:25:00,AWS_002,29.85,1005.75,56.3
2026-01-02 02:26:00,AWS_002,30.16,1008.27,56.1
2026-01-02 02:27:00,AWS_002,30.35,1007.01,58.92
2026-01-02 02:28:00,AWS_002,30.48,1006.68,57.94
2026-01-02 02:29:00,AWS_002,30.15,1006.59,58.39
2026-01-02 02:30:00,AWS_002,30.84,1005.69,58.15
2026-01-02 02:31:00,AWS_002,30.34,1005.85,55.47
2026-01-02 02:32:00,AWS_002,30.13,1007.91,60.84
2026-01-02 02:33:00,AWS_002,30.55,1006.49,59.36
2026-01-02 02:34:00,AWS_002,31.26,1006.88,60.25
2026-01-02 02:35:00,AWS_002,30.63,1005.22,56.43
2026-01-02 02:36:00,AWS_002,30.37,1005.79,58.28
2026-01-02 02:37:00,AWS_002,29.92,1007.33,57.8
2026-01-02 02:38:00,AWS_002,30.46,1007.13,59.62
2026-01-02 02:39:00,AWS_002,30.66,1008.23,59.65
2026-01-02 02:40:00,AWS_002,30.42,1007.89,57.67
2026-01-02 02:41:00,AWS_002,29.93,1006.62,54.21
2026-01-02 02:42:00,AWS_002,30.27,1007.18,60.77
2026-01-02 02:43:00,AWS_002,31.21,1006.54,58.28
2026-01-02 02:44:00,AWS_002,31.22,1008.43,55.91
2026-01-02 02:45:00,AWS_002,30.31,1007.69,57.9
2026-01-02 02:46:00,AWS_002,30.95,1006.9,54.03
2026-01-02 02:47:00,AWS_002,30.22,1006.92,59.12
2026-01-02 02:48:00,AWS_002,31.27,1007.91,54.03
2026-01-02 02:49:00,AWS_002,30.83,1007.2,56.49
2026-01-02 02:50:00,AWS_002,31.12,1007.98,57.38
2026-01-02 02:51:00,AWS_002,30.07,1004.97,58.93
2026-01-02 02:52:00,AWS_002,31.05,1007.09,57.03
2026-01-02 02:53:00,AWS_002,30.79,1006.3,58.05
2026-01-02 02:54:00,AWS_002,31.15,1008.11,56.68
2026-01-02 02:55:00,AWS_002,31.19,1007.93,56.64
2026-01-02 02:56:00,AWS_002,30.87,1006.71,56.84
2026-01-02 02:57:00,AWS_002,30.61,1007.9,56.25
2026-01-02 02:58:00,AWS_002,31.18,1008.09,53.22
2026-01-02 02:59:00,AWS_002,30.86,1006.72,55.02
2026-01-02 03:00:00,AWS_002,30.55,1008.63,57.0
2026-01-02 03:01:00,AWS_002,30.55,1006.62,55.98
2026-01-02 03:02:00,AWS_002,30.34,1006.46,56.13
2026-01-02 03:03:00,AWS_002,30.74,1007.32,55.76
2026-01-02 03:04:00,AWS_002,31.4,1006.34,54.64
2026-01-02 03:05:00,AWS_002,31.05,1006.68,55.35
2026-01-02 03:06:00,AWS_002,30.78,1007.73,55.68
2026-01-02 03:07:00,AWS_002,31.33,1006.61,56.27
2026-01-02 03:08:00,AWS_002,30.69,1005.23,57.01
2026-01-02 03:09:00,AWS_002,31.08,1006.87,55.83
2026-01-02 03:10:00,AWS_002,30.98,1006.01,54.09
2026-01-02 03:11:00,AWS_002,31.38,1007.26,53.32
2026-01-02 03:12:00,AWS_002,30.45,1007.11,61.28
2026-01-02 03:13:00,AWS_002,30.76,1007.73,53.79
2026-01-02 03:14:00,AWS_002,30.46,1007.27,54.98
2026-01-02 03:15:00,AWS_002,31.02,1007.4,57.01
2026-01-02 03:16:00,AWS_002,31.62,1005.99,56.67
2026-01-02 03:17:00,AWS_002,30.95,1007.16,56.95
2026-01-02 03:18:00,AWS_002,30.96,1008.08,54.99
2026-01-02 03:19:00,AWS_002,31.53,1005.95,56.32
2026-01-02 03:20:00,AWS_002,31.62,1007.93,55.93
2026-01-02 03:21:00,AWS_002,31.17,1006.04,55.15
2026-01-02 03:22:00,AWS_002,31.5,1005.79,56.23
2026-01-02 03:23:00,AWS_002,30.81,1006.71,57.82
2026-01-02 03:24:00,AWS_002,31.8,1007.03,55.63
2026-01-02 03:25:00,AWS_002,32.12,1007.18,55.61
2026-01-02 03:26:00,AWS_002,31.49,1005.68,57.75
2026-01-02 03:27:00,AWS_002,30.46,1006.78,57.5
2026-01-02 03:28:00,AWS_002,31.08,1005.88,58.71
2026-01-02 03:29:00,AWS_002,31.56,1005.23,52.0
2026-01-02 03:30:00,AWS_002,31.16,1005.67,57.29
2026-01-02 03:31:00,AWS_002,31.85,1005.81,56.65
2026-01-02 03:32:00,AWS_002,31.59,1006.82,53.65
2026-01-02 03:33:00,AWS_002,31.09,1007.31,55.89
2026-01-02 03:34:00,AWS_002,31.4,1005.2,57.46
2026-01-02 03:35:00,AWS_002,31.04,1006.66,53.66
2026-01-02 03:36:00,AWS_002,31.34,1005.43,56.18
2026-01-02 03:37:00,AWS_002,31.2,1006.86,57.0
2026-01-02 03:38:00,AWS_002,31.91,1005.85,53.09
2026-01-02 03:39:00,AWS_002,32.3,1005.5,54.92
2026-01-02 03:40:00,AWS_002,30.89,1006.98,55.77
2026-01-02 03:41:00,AWS_002,30.7,1005.86,53.55
2026-01-02 03:42:00,AWS_002,31.39,1006.07,53.35
2026-01-02 03:43:00,AWS_002,30.89,1004.54,54.81
2026-01-02 03:44:00,AWS_002,31.53,1007.06,56.65
2026-01-02 03:45:00,AWS_002,31.82,1006.95,56.31
2026-01-02 03:46:00,AWS_002,32.13,1006.29,53.27
2026-01-02 03:47:00,AWS_002,31.63,1005.06,56.27
2026-01-02 03:48:00,AWS_002,31.48,1007.24,53.26
2026-01-02 03:49:00,AWS_002,30.78,1005.73,51.69
2026-01-02 03:50:00,AWS_002,31.59,1005.9,54.15
2026-01-02 03:51:00,AWS_002,31.62,1008.1,57.1
2026-01-02 03:52:00,AWS_002,31.86,1005.68,56.14
2026-01-02 03:53:00,AWS_002,31.33,1006.83,54.79
2026-01-02 03:54:00,AWS_002,31.45,1006.68,53.93
2026-01-02 03:55:00,AWS_002,31.05,1006.53,53.96
2026-01-02 03:56:00,AWS_002,30.73,1006.44,54.93
2026-01-02 03:57:00,AWS_002,31.22,1006.51,52.55
2026-01-02 03:58:00,AWS_002,31.05,1006.42,53.96
2026-01-02 03:59:00,AWS_002,31.82,1006.15,54.2
2026-01-02 04:00:00,AWS_002,31.49,1007.39,51.91
2026-01-02 04:01:00,AWS_002,31.49,1005.13,52.9
2026-01-02 04:02:00,AWS_002,31.32,1006.98,55.38
2026-01-02 04:03:00,AWS_002,30.44,1006.82,54.55
2026-01-02 04:04:00,AWS_002,32.34,1006.71,53.89
2026-01-02 04:05:00,AWS_002,31.35,1007.04,52.66
2026-01-02 04:06:00,AWS_002,31.59,1006.06,57.61
2026-01-02 04:07:00,AWS_002,31.19,1004.63,52.75
2026-01-02 04:08:00,AWS_002,32.17,1006.06,54.91
2026-01-02 04:09:00,AWS_002,31.85,1005.32,53.4
2026-01-02 04:10:00,AWS_002,31.47,1005.52,54.43
2026-01-02 04:11:00,AWS_002,31.65,1005.11,55.25
2026-01-02 04:12:00,AWS_002,32.49,1005.71,51.57
2026-01-02 04:13:00,AWS_002,31.8,1005.61,54.27
2026-01-02 04:14:00,AWS_002,31.77,1004.18,56.64
2026-01-02 04:15:00,AWS_002,31.47,1006.63,57.76
2026-01-02 04:16:00,AWS_002,31.1,1007.84,53.95
2026-01-02 04:17:00,AWS_002,31.81,1006.54,54.27
2026-01-02 04:18:00,AWS_002,32.01,1005.89,58.59
2026-01-02 04:19:00,AWS_002,32.33,1006.0,56.42
2026-01-02 04:20:00,AWS_002,31.0,1005.7,52.89
2026-01-02 04:21:00,AWS_002,31.46,1006.1,52.86
2026-01-02 04:22:00,AWS_002,31.68,1005.99,55.99
2026-01-02 04:23:00,AWS_002,31.92,1005.34,52.04
2026-01-02 04:24:00,AWS_002,31.88,1007.35,56.21
2026-01-02 04:25:00,AWS_002,31.89,1004.81,54.68
2026-01-02 04:26:00,AWS_002,32.11,1006.56,55.03
2026-01-02 04:27:00,AWS_002,31.6,1005.9,53.46
2026-01-02 04:28:00,AWS_002,32.34,1007.5,52.69
2026-01-02 04:29:00,AWS_002,32.15,1006.24,56.86
2026-01-02 04:30:00,AWS_002,31.86,1005.67,53.42
2026-01-02 04:31:00,AWS_002,32.63,1005.76,53.07
2026-01-02 04:32:00,AWS_002,32.62,1005.98,53.71
2026-01-02 04:33:00,AWS_002,32.38,1005.02,54.24
2026-01-02 04:34:00,AWS_002,30.81,1005.32,51.77
2026-01-02 04:35:00,AWS_002,32.66,1004.5,52.69
2026-01-02 04:36:00,AWS_002,32.35,1005.18,52.56
2026-01-02 04:37:00,AWS_002,32.84,1005.99,55.47
2026-01-02 04:38:00,AWS_002,32.54,1006.14,51.99
2026-01-02 04:39:00,AWS_002,32.69,1004.31,50.23
2026-01-02 04:40:00,AWS_002,32.42,1005.78,49.79
2026-01-02 04:41:00,AWS_002,32.61,1006.33,50.77
2026-01-02 04:42:00,AWS_002,32.88,1005.74,56.41
2026-01-02 04:43:00,AWS_002,32.17,1005.36,53.7
2026-01-02 04:44:00,AWS_002,31.46,1005.53,54.66
2026-01-02 04:45:00,AWS_002,31.98,1005.42,54.71
2026-01-02 04:46:00,AWS_002,32.26,1005.34,53.73
2026-01-02 04:47:00,AWS_002,32.14,1005.98,53.45
2026-01-02 04:48:00,AWS_002,31.62,1007.68,55.68
2026-01-02 04:49:00,AWS_002,31.48,1005.23,53.86
2026-01-02 04:50:00,AWS_002,31.84,1005.56,56.35
2026-01-02 04:51:00,AWS_002,32.46,1005.77,54.78
2026-01-02 04:52:00,AWS_002,32.78,1005.25,52.29
2026-01-02 04:53:00,AWS_002,32.52,1006.68,52.51
2026-01-02 04:54:00,AWS_002,32.58,1003.89,52.04
2026-01-02 04:55:00,AWS_002,32.13,1005.36,55.91
2026-01-02 04:56:00,AWS_002,31.48,1006.43,52.65
2026-01-02 04:57:00,AWS_002,32.0,1005.53,51.85
2026-01-02 04:58:00,AWS_002,32.08,1005.1,54.08
2026-01-02 04:59:00,AWS_002,31.99,1006.11,53.23
2026-01-02 05:00:00,AWS_002,32.22,1006.47,54.0
2026-01-02 05:01:00,AWS_002,32.38,1005.91,57.18
2026-01-02 05:02:00,AWS_002,32.55,1005.09,55.21
2026-01-02 05:03:00,AWS_002,32.1,1006.09,53.42
2026-01-02 05:04:00,AWS_002,31.46,1005.4,50.54
2026-01-02 05:05:00,AWS_002,32.03,1006.31,52.34
2026-01-02 05:06:00,AWS_002,32.24,1006.89,54.75
2026-01-02 05:07:00,AWS_002,32.72,1003.62,50.98
2026-01-02 05:08:00,AWS_002,32.01,1005.78,57.59
2026-01-02 05:09:00,AWS_002,32.45,1004.3,53.32
2026-01-02 05:10:00,AWS_002,32.36,1007.63,53.38
2026-01-02 05:11:00,AWS_002,32.27,1005.3,51.94
2026-01-02 05:12:00,AWS_002,32.63,1006.26,54.26
2026-01-02 05:13:00,AWS_002,32.0,1005.63,50.94
2026-01-02 05:14:00,AWS_002,32.04,1005.01,57.57
2026-01-02 05:15:00,AWS_002,32.26,1004.91,55.87
2026-01-02 05:16:00,AWS_002,32.02,1006.91,55.19
2026-01-02 05:17:00,AWS_002,32.48,1006.4,50.43
2026-01-02 05:18:00,AWS_002,32.0,1007.18,53.61
2026-01-02 05:19:00,AWS_002,32.38,1005.66,55.61
2026-01-02 05:20:00,AWS_002,32.25,1005.84,54.37
2026-01-02 05:21:00,AWS_002,32.38,1005.39,51.17
2026-01-02 05:22:00,AWS_002,32.11,1005.37,51.86
2026-01-02 05:23:00,AWS_002,32.16,1004.76,52.25
2026-01-02 05:24:00,AWS_002,32.34,1005.65,51.94
2026-01-02 05:25:00,AWS_002,32.39,1004.95,56.2
2026-01-02 05:26:00,AWS_002,32.31,1005.93,49.29
2026-01-02 05:27:00,AWS_002,33.0,1005.7,54.44
2026-01-02 05:28:00,AWS_002,31.92,1005.79,50.53
2026-01-02 05:29:00,AWS_002,32.29,1006.89,51.19
2026-01-02 05:30:00,AWS_002,31.69,1005.52,49.08
2026-01-02 05:31:00,AWS_002,32.47,1006.14,52.0
2026-01-02 05:32:00,AWS_002,31.88,1007.17,56.11
2026-01-02 05:33:00,AWS_002,32.22,1006.57,53.61
2026-01-02 05:34:00,AWS_002,32.18,1006.44,50.68
2026-01-02 05:35:00,AWS_002,32.45,1005.27,55.11
2026-01-02 05:36:00,AWS_002,32.12,1005.69,55.53
2026-01-02 05:37:00,AWS_002,32.1,1004.45,53.27
2026-01-02 05:38:00,AWS_002,32.92,1005.89,57.12
2026-01-02 05:39:00,AWS_002,32.46,1005.71,54.69
2026-01-02 05:40:00,AWS_002,32.12,1005.5,54.41
2026-01-02 05:41:00,AWS_002,32.25,1006.3,51.43
2026-01-02 05:42:00,AWS_002,33.01,1004.5,54.29
2026-01-02 05:43:00,AWS_002,32.26,1006.77,53.47
2026-01-02 05:44:00,AWS_002,32.08,1006.18,54.07
2026-01-02 05:45:00,AWS_002,32.08,1005.39,51.66
2026-01-02 05:46:00,AWS_002,32.14,1005.32,53.28
2026-01-02 05:47:00,AWS_002,32.12,1005.82,51.39
2026-01-02 05:48:00,AWS_002,31.85,1006.65,48.72
2026-01-02 05:49:00,AWS_002,31.91,1005.5,55.01
2026-01-02 05:50:00,AWS_002,32.03,1005.53,50.01
2026-01-02 05:51:00,AWS_002,32.6,1005.42,53.22
2026-01-02 05:52:00,AWS_002,32.21,1006.83,53.67
2026-01-02 05:53:00,AWS_002,32.28,1005.1,53.66
2026-01-02 05:54:00,AWS_002,32.87,1005.37,52.44
2026-01-02 05:55:00,AWS_002,32.88,1006.56,53.55
2026-01-02 05:56:00,AWS_002,32.25,1005.5,53.94
2026-01-02 05:57:00,AWS_002,32.11,1006.28,54.47
2026-01-02 05:58:00,AWS_002,32.02,1004.64,56.47
2026-01-02 05:59:00,AWS_002,32.64,1005.2,53.47
2026-01-02 06:00:00,AWS_002,32.28,1006.54,53.13
2026-01-02 06:01:00,AWS_002,32.21,1004.81,51.19
2026-01-02 06:02:00,AWS_002,32.04,1005.22,53.87
2026-01-02 06:03:00,AWS_002,32.06,1005.54,54.34
2026-01-02 06:04:00,AWS_002,32.49,1004.54,52.62
2026-01-02 06:05:00,AWS_002,31.84,1004.99,54.09
2026-01-02 06:06:00,AWS_002,32.76,1005.41,52.42
2026-01-02 06:07:00,AWS_002,32.15,1005.35,54.35
2026-01-02 06:08:00,AWS_002,32.3,1006.33,54.83
2026-01-02 06:09:00,AWS_002,31.83,1006.53,54.81
2026-01-02 06:10:00,AWS_002,32.36,1004.61,53.25
2026-01-02 06:11:00,AWS_002,32.23,1005.38,50.93
2026-01-02 06:12:00,AWS_002,32.34,1005.82,51.79
2026-01-02 06:13:00,AWS_002,32.95,1006.49,54.21
2026-01-02 06:14:00,AWS_002,32.43,1005.84,57.92
2026-01-02 06:15:00,AWS_002,32.04,1005.5,52.34
2026-01-02 06:16:00,AWS_002,32.07,1005.79,53.94
2026-01-02 06:17:00,AWS_002,32.59,1005.79,51.92
2026-01-02 06:18:00,AWS_002,32.87,1004.5,51.09
2026-01-02 06:19:00,AWS_002,32.46,1005.39,51.69
2026-01-02 06:20:00,AWS_002,32.62,1006.4,48.88
2026-01-02 06:21:00,AWS_002,32.59,1005.06,55.76
2026-01-02 06:22:00,AWS_002,32.91,1005.33,48.59
2026-01-02 06:23:00,AWS_002,31.56,1005.02,52.53
2026-01-02 06:24:00,AWS_002,32.61,1003.36,50.71
2026-01-02 06:25:00,AWS_002,32.73,1005.22,51.3
2026-01-02 06:26:00,AWS_002,31.8,1005.44,55.83
2026-01-02 06:27:00,AWS_002,31.98,1004.78,53.49
2026-01-02 06:28:00,AWS_002,31.99,1004.26,51.16
2026-01-02 06:29:00,AWS_002,32.03,1004.48,51.92
2026-01-02 06:30:00,AWS_002,32.13,1005.79,51.57
2026-01-02 06:31:00,AWS_002,32.42,1006.75,53.02
2026-01-02 06:32:00,AWS_002,32.66,1006.27,53.46
2026-01-02 06:33:00,AWS_002,32.75,1004.08,56.92
2026-01-02 06:34:00,AWS_002,31.98,1005.84,49.3
2026-01-02 06:35:00,AWS_002,31.97,1004.62,53.07
2026-01-02 06:36:00,AWS_002,32.83,1004.68,52.52
2026-01-02 06:37:00,AWS_002,32.56,1004.77,55.05
2026-01-02 06:38:00,AWS_002,32.33,1005.69,53.87
2026-01-02 06:39:00,AWS_002,32.48,1005.89,54.35
2026-01-02 06:40:00,AWS_002,32.28,1005.04,53.87
2026-01-02 06:41:00,AWS_002,32.5,1005.05,51.33
2026-01-02 06:42:00,AWS_002,32.15,1005.48,55.62
2026-01-02 06:43:00,AWS_002,32.39,1005.56,54.81
2026-01-02 06:44:00,AWS_002,31.67,1006.04,55.05
2026-01-02 06:45:00,AWS_002,31.99,1004.06,55.76
2026-01-02 06:46:00,AWS_002,31.99,1005.1,54.08
2026-01-02 06:47:00,AWS_002,32.11,1004.23,56.21
2026-01-02 06:48:00,AWS_002,31.89,1005.03,54.02
2026-01-02 06:49:00,AWS_002,32.04,1004.89,52.84
2026-01-02 06:50:00,AWS_002,31.64,1005.03,53.27
2026-01-02 06:51:00,AWS_002,32.46,1004.42,53.25
2026-01-02 06:52:00,AWS_002,32.2,1003.86,52.27
2026-01-02 06:53:00,AWS_002,31.55,1003.37,56.58
2026-01-02 06:54:00,AWS_002,31.89,1004.94,53.92
2026-01-02 06:55:00,AWS_002,32.36,1004.69,53.53
2026-01-02 06:56:00,AWS_002,32.0,1004.49,54.13
2026-01-02 06:57:00,AWS_002,31.93,1006.08,59.33
2026-01-02 06:58:00,AWS_002,32.18,1004.33,51.12
2026-01-02 06:59:00,AWS_002,32.34,1006.15,51.71
2026-01-02 07:00:00,AWS_002,31.62,1006.31,50.65
2026-01-02 07:01:00,AWS_002,32.41,1003.44,52.96
2026-01-02 07:02:00,AWS_002,31.86,1005.07,53.93
2026-01-02 07:03:00,AWS_002,32.17,1004.67,52.52
2026-01-02 07:04:00,AWS_002,32.16,1002.66,52.39
2026-01-02 07:05:00,AWS_002,31.96,1003.83,53.76
2026-01-02 07:06:00,AWS_002,31.75,1005.6,52.49
2026-01-02 07:07:00,AWS_002,32.04,1006.59,54.13
2026-01-02 07:08:00,AWS_002,32.8,1005.69,55.75
2026-01-02 07:09:00,AWS_002,31.6,1005.22,54.89
2026-01-02 07:10:00,AWS_002,32.81,1004.94,55.32
2026-01-02 07:11:00,AWS_002,32.02,1006.3,55.74
2026-01-02 07:12:00,AWS_002,32.14,1006.67,54.15
2026-01-02 07:13:00,AWS_002,31.68,1004.47,53.29
2026-01-02 07:14:00,AWS_002,31.8,1003.34,52.08
2026-01-02 07:15:00,AWS_002,31.9,1003.25,52.85
2026-01-02 07:16:00,AWS_002,31.67,1005.98,52.61
2026-01-02 07:17:00,AWS_002,32.0,1004.88,55.13
2026-01-02 07:18:00,AWS_002,31.92,1005.06,54.38
2026-01-02 07:19:00,AWS_002,32.81,1003.48,55.1
2026-01-02 07:20:00,AWS_002,31.6,1004.3,51.4
2026-01-02 07:21:00,AWS_002,32.1,1004.66,56.61
2026-01-02 07:22:00,AWS_002,32.15,1005.06,52.91
2026-01-02 07:23:00,AWS_002,31.61,1004.57,51.58
2026-01-02 07:24:00,AWS_002,32.31,1004.06,52.92
2026-01-02 07:25:00,AWS_002,31.87,1004.25,58.78
2026-01-02 07:26:00,AWS_002,31.02,1005.84,53.06
2026-01-02 07:27:00,AWS_002,32.27,1005.07,53.2
2026-01-02 07:28:00,AWS_002,31.55,1005.36,53.49
2026-01-02 07:29:00,AWS_002,31.57,1004.14,53.6
2026-01-02 07:30:00,AWS_002,32.26,1002.49,52.35
2026-01-02 07:31:00,AWS_002,31.84,1004.43,54.22
2026-01-02 07:32:00,AWS_002,32.34,1004.15,56.11
2026-01-02 07:33:00,AWS_002,32.44,1005.12,54.6
2026-01-02 07:34:00,AWS_002,31.69,1007.47,51.77
2026-01-02 07:35:00,AWS_002,32.26,1005.39,53.33
2026-01-02 07:36:00,AWS_002,31.63,1007.02,52.93
2026-01-02 07:37:00,AWS_002,32.82,1005.28,54.16
2026-01-02 07:38:00,AWS_002,31.64,1004.31,56.74
2026-01-02 07:39:00,AWS_002,32.32,1005.09,53.8
2026-01-02 07:40:00,AWS_002,32.23,1006.23,53.95
2026-01-02 07:41:00,AWS_002,32.01,1006.27,57.7
2026-01-02 07:42:00,AWS_002,31.61,1004.34,55.92
2026-01-02 07:43:00,AWS_002,31.81,1005.0,55.34
2026-01-02 07:44:00,AWS_002,31.0,1003.65,58.13
2026-01-02 07:45:00,AWS_002,31.94,1005.45,55.22
2026-01-02 07:46:00,AWS_002,31.98,1006.02,50.29
2026-01-02 07:47:00,AWS_002,31.88,1004.81,55.95
2026-01-02 07:48:00,AWS_002,30.63,1004.24,51.12
2026-01-02 07:49:00,AWS_002,31.3,1005.06,55.24
2026-01-02 07:50:00,AWS_002,31.5,1005.1,50.93
2026-01-02 07:51:00,AWS_002,31.91,1004.82,53.45
2026-01-02 07:52:00,AWS_002,31.9,1004.9,53.68
2026-01-02 07:53:00,AWS_002,31.7,1004.61,52.89
2026-01-02 07:54:00,AWS_002,32.01,1005.54,53.76
2026-01-02 07:55:00,AWS_002,31.34,1005.33,56.54
2026-01-02 07:56:00,AWS_002,31.98,1003.95,53.08
2026-01-02 07:57:00,AWS_002,31.92,1003.92,55.62
2026-01-02 07:58:00,AWS_002,31.87,1004.52,52.62
2026-01-02 07:59:00,AWS_002,31.63,1005.31,54.2
2026-01-02 08:00:00,AWS_002,32.43,1004.84,55.26
2026-01-02 08:01:00,AWS_002,31.88,1004.2,52.64
2026-01-02 08:02:00,AWS_002,31.29,1004.92,52.04
2026-01-02 08:03:00,AWS_002,31.76,1004.44,55.67
2026-01-02 08:04:00,AWS_002,31.95,1005.41,56.96
2026-01-02 08:05:00,AWS_002,31.4,1004.96,54.58
2026-01-02 08:06:00,AWS_002,32.06,1004.44,53.85
2026-01-02 08:07:00,AWS_002,31.77,1004.87,55.11
2026-01-02 08:08:00,AWS_002,30.67,1005.74,54.93
2026-01-02 08:09:00,AWS_002,31.71,1004.22,55.34
2026-01-02 08:10:00,AWS_002,31.42,1005.0,49.82
2026-01-02 08:11:00,AWS_002,31.79,1004.62,52.77
2026-01-02 08:12:00,AWS_002,31.94,1005.01,53.25
2026-01-02 08:13:00,AWS_002,31.63,1004.14,55.27
2026-01-02 08:14:00,AWS_002,32.2,1004.75,55.37
2026-01-02 08:15:00,AWS_002,31.45,1005.54,56.29
2026-01-02 08:16:00,AWS_002,31.76,1003.9,55.57
2026-01-02 08:17:00,AWS_002,31.82,1003.58,52.48
2026-01-02 08:18:00,AWS_002,31.45,1003.61,58.0
2026-01-02 08:19:00,AWS_002,31.79,1003.7,57.68
2026-01-02 08:20:00,AWS_002,31.22,1005.11,52.65
2026-01-02 08:21:00,AWS_002,31.28,1003.51,55.87
2026-01-02 08:22:00,AWS_002,30.91,1004.39,54.04
2026-01-02 08:23:00,AWS_002,31.52,1005.12,55.54
2026-01-02 08:24:00,AWS_002,31.54,1004.95,57.4
2026-01-02 08:25:00,AWS_002,31.87,1004.31,59.58
2026-01-02 08:26:00,AWS_002,31.7,1004.76,56.86
2026-01-02 08:27:00,AWS_002,31.26,1004.69,55.97
2026-01-02 08:28:00,AWS_002,30.89,1004.42,54.74
2026-01-02 08:29:00,AWS_002,31.52,1004.43,55.81
2026-01-02 08:30:00,AWS_002,31.78,1006.38,58.2
2026-01-02 08:31:00,AWS_002,31.62,1005.24,55.42
2026-01-02 08:32:00,AWS_002,31.74,1006.57,53.77
2026-01-02 08:33:00,AWS_002,31.21,1004.19,52.34
2026-01-02 08:34:00,AWS_002,31.09,1004.51,56.63
2026-01-02 08:35:00,AWS_002,30.97,1003.51,56.14
2026-01-02 08:36:00,AWS_002,31.23,1003.92,54.38
2026-01-02 08:37:00,AWS_002,31.21,1006.09,57.76
2026-01-02 08:38:00,AWS_002,31.31,1004.15,54.9
2026-01-02 08:39:00,AWS_002,31.16,1006.1,55.5
2026-01-02 08:40:00,AWS_002,31.14,1003.56,55.77
2026-01-02 08:41:00,AWS_002,30.87,1003.71,55.14
2026-01-02 08:42:00,AWS_002,31.54,1004.28,56.35
2026-01-02 08:43:00,AWS_002,31.18,1004.5,58.21
2026-01-02 08:44:00,AWS_002,31.07,1005.28,53.66
2026-01-02 08:45:00,AWS_002,30.83,1004.9,56.95
2026-01-02 08:46:00,AWS_002,30.58,1004.2,56.36
2026-01-02 08:47:00,AWS_002,31.62,1004.43,56.35
2026-01-02 08:48:00,AWS_002,31.3,1004.27,57.83
2026-01-02 08:49:00,AWS_002,30.42,1003.79,56.22
2026-01-02 08:50:00,AWS_002,31.36,1003.81,57.11
2026-01-02 08:51:00,AWS_002,31.41,1005.34,57.62
2026-01-02 08:52:00,AWS_002,31.07,1003.05,55.22
2026-01-02 08:53:00,AWS_002,31.65,1005.8,56.86
2026-01-02 08:54:00,AWS_002,31.08,1004.23,55.79
2026-01-02 08:55:00,AWS_002,30.41,1003.89,56.07
2026-01-02 08:56:00,AWS_002,31.11,1005.09,55.72
2026-01-02 08:57:00,AWS_002,31.05,1005.69,57.35
2026-01-02 08:58:00,AWS_002,30.69,1005.39,56.6
2026-01-02 08:59:00,AWS_002,31.15,1004.89,57.27
2026-01-02 09:00:00,AWS_002,30.23,1005.36,56.48
2026-01-02 09:01:00,AWS_002,31.28,1003.11,53.34
2026-01-02 09:02:00,AWS_002,30.52,1004.06,56.65
2026-01-02 09:03:00,AWS_002,30.46,1003.75,56.75
2026-01-02 09:04:00,AWS_002,30.79,1005.45,57.15
2026-01-02 09:05:00,AWS_002,31.0,1004.16,55.51
2026-01-02 09:06:00,AWS_002,30.87,1005.14,54.35
2026-01-02 09:07:00,AWS_002,30.49,1004.89,58.03
2026-01-02 09:08:00,AWS_002,30.57,1003.77,56.27
2026-01-02 09:09:00,AWS_002,30.31,1003.99,57.2
2026-01-02 09:10:00,AWS_002,30.65,1005.49,56.33
2026-01-02 09:11:00,AWS_002,31.16,1003.83,56.92
2026-01-02 09:12:00,AWS_002,30.71,1004.55,56.07
2026-01-02 09:13:00,AWS_002,31.04,1003.82,55.07
2026-01-02 09:14:00,AWS_002,31.26,1004.19,58.0
2026-01-02 09:15:00,AWS_002,30.43,1004.4,55.88
2026-01-02 09:16:00,AWS_002,30.57,1003.81,57.46
2026-01-02 09:17:00,AWS_002,31.5,1003.66,57.99
2026-01-02 09:18:00,AWS_002,31.19,1004.66,56.03
2026-01-02 09:19:00,AWS_002,29.93,1003.75,54.84
2026-01-02 09:20:00,AWS_002,30.73,1003.78,62.14
2026-01-02 09:21:00,AWS_002,30.56,1003.67,56.27
2026-01-02 09:22:00,AWS_002,30.88,1004.36,58.61
2026-01-02 09:23:00,AWS_002,30.23,1005.17,61.29
2026-01-02 09:24:00,AWS_002,30.18,1005.62,59.03
2026-01-02 09:25:00,AWS_002,30.22,1003.83,56.89
2026-01-02 09:26:00,AWS_002,30.25,1006.13,57.4
2026-01-02 09:27:00,AWS_002,30.79,1003.6,55.91
2026-01-02 09:28:00,AWS_002,29.97,1005.27,59.38
2026-01-02 09:29:00,AWS_002,30.18,1003.82,58.79
2026-01-02 09:30:00,AWS_002,29.69,1003.7,56.67
2026-01-02 09:31:00,AWS_002,30.79,1003.8,55.65
2026-01-02 09:32:00,AWS_002,30.88,1004.35,55.14
2026-01-02 09:33:00,AWS_002,30.23,1004.85,59.79
2026-01-02 09:34:00,AWS_002,30.22,1004.92,58.1
2026-01-02 09:35:00,AWS_002,30.5,1003.63,58.33
2026-01-02 09:36:00,AWS_002,30.89,1003.59,56.3
2026-01-02 09:37:00,AWS_002,30.45,1003.64,55.06
2026-01-02 09:38:00,AWS_002,29.99,1004.28,59.96
2026-01-02 09:39:00,AWS_002,29.6,1004.2,58.16
2026-01-02 09:40:00,AWS_002,29.79,1003.61,59.93
2026-01-02 09:41:00,AWS_002,30.24,1004.58,57.39
2026-01-02 09:42:00,AWS_002,29.94,1006.17,57.73
2026-01-02 09:43:00,AWS_002,30.26,1003.96,59.67
2026-01-02 09:44:00,AWS_002,29.94,1004.01,59.75
2026-01-02 09:45:00,AWS_002,29.72,1004.8,59.93
2026-01-02 09:46:00,AWS_002,29.65,1003.91,57.79
2026-01-02 09:47:00,AWS_002,30.73,1004.89,59.65
2026-01-02 09:48:00,AWS_002,30.44,1003.77,60.68
2026-01-02 09:49:00,AWS_002,30.76,1005.81,58.3
2026-01-02 09:50:00,AWS_002,30.27,1004.62,57.53
2026-01-02 09:51:00,AWS_002,29.86,1003.84,61.28
2026-01-02 09:52:00,AWS_002,30.54,1003.87,57.33
2026-01-02 09:53:00,AWS_002,29.98,1003.92,59.94
2026-01-02 09:54:00,AWS_002,30.07,1005.43,58.61
2026-01-02 09:55:00,AWS_002,29.94,1003.32,55.09
2026-01-02 09:56:00,AWS_002,28.76,1003.79,61.08
2026-01-02 09:57:00,AWS_002,30.56,1003.88,53.35
2026-01-02 09:58:00,AWS_002,30.1,1004.31,54.94
2026-01-02 09:59:00,AWS_002,30.02,1004.1,60.01
2026-01-02 10:00:00,AWS_002,29.84,1003.13,60.05
2026-01-02 10:01:00,AWS_002,29.91,1004.0,57.77
2026-01-02 10:02:00,AWS_002,29.59,1004.23,59.39
2026-01-02 10:03:00,AWS_002,30.06,1003.81,54.07
2026-01-02 10:04:00,AWS_002,29.27,1004.86,60.6
2026-01-02 10:05:00,AWS_002,29.85,1005.04,59.73
2026-01-02 10:06:00,AWS_002,29.98,1004.24,59.18
2026-01-02 10:07:00,AWS_002,29.65,1004.49,59.36
2026-01-02 10:08:00,AWS_002,29.86,1002.57,60.35
2026-01-02 10:09:00,AWS_002,29.3,1003.96,59.35
2026-01-02 10:10:00,AWS_002,29.29,1005.1,55.71
2026-01-02 10:11:00,AWS_002,29.75,1003.96,63.9
2026-01-02 10:12:00,AWS_002,29.91,1003.7,61.95
2026-01-02 10:13:00,AWS_002,28.87,1006.11,57.03
2026-01-02 10:14:00,AWS_002,29.81,1005.74,58.96
2026-01-02 10:15:00,AWS_002,29.36,1004.66,59.22
2026-01-02 10:16:00,AWS_002,29.48,1005.2,61.9
2026-01-02 10:17:00,AWS_002,29.0,1002.5,55.47
2026-01-02 10:18:00,AWS_002,29.18,1003.65,58.84
2026-01-02 10:19:00,AWS_002,29.88,1003.9,56.36
2026-01-02 10:20:00,AWS_002,29.49,1004.09,59.36
2026-01-02 10:21:00,AWS_002,29.31,1003.88,59.03
2026-01-02 10:22:00,AWS_002,29.39,1002.23,60.18
2026-01-02 10:23:00,AWS_002,29.61,1004.58,58.86
2026-01-02 10:24:00,AWS_002,29.58,1004.71,58.62
2026-01-02 10:25:00,AWS_002,29.35,1005.55,61.41
2026-01-02 10:26:00,AWS_002,29.8,1003.64,61.12
2026-01-02 10:27:00,AWS_002,29.73,1003.57,61.37
2026-01-02 10:28:00,AWS_002,29.48,1002.12,59.96
2026-01-02 10:29:00,AWS_002,29.32,1004.03,59.22
2026-01-02 10:30:00,AWS_002,29.54,1004.98,60.17
2026-01-02 10:31:00,AWS_002,29.38,1003.77,61.46
2026-01-02 10:32:00,AWS_002,29.66,1005.97,56.15
2026-01-02 10:33:00,AWS_002,29.58,1004.05,61.34
2026-01-02 10:34:00,AWS_002,28.79,1004.37,61.22
2026-01-02 10:35:00,AWS_002,28.74,1003.16,60.78
2026-01-02 10:36:00,AWS_002,28.88,1004.48,60.4
2026-01-02 10:37:00,AWS_002,29.53,1002.66,55.62
2026-01-02 10:38:00,AWS_002,28.49,1004.8,59.92
2026-01-02 10:39:00,AWS_002,29.25,1004.82,64.43
2026-01-02 10:40:00,AWS_002,29.22,1005.33,60.92
2026-01-02 10:41:00,AWS_002,29.52,1003.43,60.33
2026-01-02 10:42:00,AWS_002,29.11,1004.37,61.03
2026-01-02 10:43:00,AWS_002,28.48,1004.69,61.75
2026-01-02 10:44:00,AWS_002,28.61,1004.59,62.41
2026-01-02 10:45:00,AWS_002,28.5,1003.54,60.68
2026-01-02 10:46:00,AWS_002,28.74,1002.32,62.04
2026-01-02 10:47:00,AWS_002,28.86,1004.51,64.6
2026-01-02 10:48:00,AWS_002,28.44,1004.11,63.3
2026-01-02 10:49:00,AWS_002,29.48,1003.78,66.02
2026-01-02 10:50:00,AWS_002,28.34,1004.84,60.08
2026-01-02 10:51:00,AWS_002,29.39,1004.19,64.79
2026-01-02 10:52:00,AWS_002,29.3,1003.17,59.91
2026-01-02 10:53:00,AWS_002,29.17,1002.68,62.25
2026-01-02 10:54:00,AWS_002,28.51,1003.32,63.06
2026-01-02 10:55:00,AWS_002,28.9,1006.14,60.62
2026-01-02 10:56:00,AWS_002,28.23,1004.8,61.87
2026-01-02 10:57:00,AWS_002,29.09,1004.37,63.56
2026-01-02 10:58:00,AWS_002,28.67,1004.07,60.37
2026-01-02 10:59:00,AWS_002,28.52,1004.02,65.18
2026-01-02 11:00:00,AWS_002,28.17,1005.15,59.12
2026-01-02 11:01:00,AWS_002,27.65,1003.82,65.82
2026-01-02 11:02:00,AWS_002,28.2,1004.68,64.0
2026-01-02 11:03:00,AWS_002,29.04,1003.93,61.87
2026-01-02 11:04:00,AWS_002,28.41,1005.76,61.29
2026-01-02 11:05:00,AWS_002,28.49,1004.81,61.13
2026-01-02 11:06:00,AWS_002,28.8,1005.21,61.93
2026-01-02 11:07:00,AWS_002,29.23,1003.74,62.15
2026-01-02 11:08:00,AWS_002,29.02,1005.06,64.81
2026-01-02 11:09:00,AWS_002,28.08,1003.96,66.29
2026-01-02 11:10:00,AWS_002,27.67,1004.29,62.8
2026-01-02 11:11:00,AWS_002,29.37,1005.51,60.76
2026-01-02 11:12:00,AWS_002,29.31,1003.37,61.41
2026-01-02 11:13:00,AWS_002,28.46,1004.37,62.19
2026-01-02 11:14:00,AWS_002,27.85,1004.55,60.55
2026-01-02 11:15:00,AWS_002,28.73,1004.62,60.3
2026-01-02 11:16:00,AWS_002,28.28,1003.84,66.9
2026-01-02 11:17:00,AWS_002,28.25,1005.87,63.37
2026-01-02 11:18:00,AWS_002,28.63,1003.16,61.15
2026-01-02 11:19:00,AWS_002,28.39,1005.37,64.5
2026-01-02 11:20:00,AWS_002,27.76,1005.17,60.56
2026-01-02 11:21:00,AWS_002,28.08,1005.72,60.78
2026-01-02 11:22:00,AWS_002,28.46,1002.93,61.41
2026-01-02 11:23:00,AWS_002,28.37,1003.5,66.38
2026-01-02 11:24:00,AWS_002,28.25,1005.39,62.62
2026-01-02 11:25:00,AWS_002,28.5,1002.69,58.29
2026-01-02 11:26:00,AWS_002,27.96,1002.91,65.65
2026-01-02 11:27:00,AWS_002,28.15,1003.8,62.67
2026-01-02 11:28:00,AWS_002,26.71,1004.35,59.63
2026-01-02 11:29:00,AWS_002,27.86,1005.47,62.75
2026-01-02 11:30:00,AWS_002,28.32,1004.04,64.48
2026-01-02 11:31:00,AWS_002,27.84,1003.7,64.29
2026-01-02 11:32:00,AWS_002,27.79,1004.44,67.13
2026-01-02 11:33:00,AWS_002,27.54,1004.57,61.88
2026-01-02 11:34:00,AWS_002,28.33,1004.54,63.74
2026-01-02 11:35:00,AWS_002,28.13,1004.05,62.29
2026-01-02 11:36:00,AWS_002,28.22,1002.62,60.66
2026-01-02 11:37:00,AWS_002,27.18,1003.45,65.57
2026-01-02 11:38:00,AWS_002,27.78,1005.32,64.78
2026-01-02 11:39:00,AWS_002,27.71,1004.34,64.47
2026-01-02 11:40:00,AWS_002,27.69,1003.93,64.81
2026-01-02 11:41:00,AWS_002,27.53,1005.08,62.64
2026-01-02 11:42:00,AWS_002,27.62,1003.28,62.05
2026-01-02 11:43:00,AWS_002,28.08,1004.01,64.19
2026-01-02 11:44:00,AWS_002,26.95,1004.3,66.49
2026-01-02 11:45:00,AWS_002,28.4,1003.83,67.43
2026-01-02 11:46:00,AWS_002,27.86,1004.27,65.86
2026-01-02 11:47:00,AWS_002,27.63,1004.03,64.38
2026-01-02 11:48:00,AWS_002,27.99,1003.06,64.91
2026-01-02 11:49:00,AWS_002,27.02,1004.33,64.45
2026-01-02 11:50:00,AWS_002,27.32,1003.12,62.42
2026-01-02 11:51:00,AWS_002,27.51,1004.32,64.58
2026-01-02 11:52:00,AWS_002,28.09,1005.28,61.91
2026-01-02 11:53:00,AWS_002,27.5,1003.96,64.39
2026-01-02 11:54:00,AWS_002,27.68,1003.25,67.96
2026-01-02 11:55:00,AWS_002,27.24,1004.08,66.38
2026-01-02 11:56:00,AWS_002,27.65,1003.52,62.94
2026-01-02 11:57:00,AWS_002,28.1,1004.66,64.7
2026-01-02 11:58:00,AWS_002,27.81,1004.06,63.23
2026-01-02 11:59:00,AWS_002,27.35,1005.55,64.82
2026-01-02 12:00:00,AWS_002,27.64,1005.11,67.08
2026-01-02 12:01:00,AWS_002,27.57,1004.06,66.36
2026-01-02 12:02:00,AWS_002,27.52,1004.76,70.07
2026-01-02 12:03:00,AWS_002,27.74,1003.87,67.54
2026-01-02 12:04:00,AWS_002,27.72,1004.21,65.62
2026-01-02 12:05:00,AWS_002,27.21,1003.89,66.62
2026-01-02 12:06:00,AWS_002,27.49,1004.8,64.91
2026-01-02 12:07:00,AWS_002,27.06,1005.33,63.11
2026-01-02 12:08:00,AWS_002,26.82,1004.82,68.03
2026-01-02 12:09:00,AWS_002,27.06,1004.92,67.49
2026-01-02 12:10:00,AWS_002,27.12,1004.92,65.04
2026-01-02 12:11:00,AWS_002,26.46,1004.62,66.12
2026-01-02 12:12:00,AWS_002,27.45,1003.27,68.11
2026-01-02 12:13:00,AWS_002,25.98,1005.55,67.37
2026-01-02 12:14:00,AWS_002,28.15,1005.63,62.81
2026-01-02 12:15:00,AWS_002,27.64,1004.0,66.27
2026-01-02 12:16:00,AWS_002,26.91,1003.89,65.5
2026-01-02 12:17:00,AWS_002,27.0,1004.68,68.12
2026-01-02 12:18:00,AWS_002,27.09,1004.63,68.0
2026-01-02 12:19:00,AWS_002,26.72,1004.02,68.63
2026-01-02 12:20:00,AWS_002,27.01,1003.19,63.81
2026-01-02 12:21:00,AWS_002,26.85,1004.43,64.53
2026-01-02 12:22:00,AWS_002,26.85,1004.63,68.38
2026-01-02 12:23:00,AWS_002,26.94,1004.77,65.02
2026-01-02 12:24:00,AWS_002,26.32,1004.47,63.21
2026-01-02 12:25:00,AWS_002,26.84,1003.97,67.37
2026-01-02 12:26:00,AWS_002,26.87,1004.98,65.26
2026-01-02 12:27:00,AWS_002,26.83,1004.24,69.99
2026-01-02 12:28:00,AWS_002,26.67,1003.82,67.05
2026-01-02 12:29:00,AWS_002,27.19,1004.05,66.83
2026-01-02 12:30:00,AWS_002,26.57,1002.79,65.83
2026-01-02 12:31:00,AWS_002,26.78,1004.05,69.8
2026-01-02 12:32:00,AWS_002,27.19,1004.74,67.39
2026-01-02 12:33:00,AWS_002,26.62,1004.47,65.9
2026-01-02 12:34:00,AWS_002,26.71,1005.41,65.19
2026-01-02 12:35:00,AWS_002,26.57,1003.98,66.68
2026-01-02 12:36:00,AWS_002,27.08,1004.59,64.92
2026-01-02 12:37:00,AWS_002,26.46,1004.83,68.99
2026-01-02 12:38:00,AWS_002,27.05,1006.07,63.36
2026-01-02 12:39:00,AWS_002,26.48,1004.31,66.75
2026-01-02 12:40:00,AWS_002,26.15,1003.36,68.3
2026-01-02 12:41:00,AWS_002,26.75,1004.88,67.82
2026-01-02 12:42:00,AWS_002,26.33,1005.69,65.75
2026-01-02 12:43:00,AWS_002,26.68,1003.94,68.56
2026-01-02 12:44:00,AWS_002,25.32,1004.87,65.52
2026-01-02 12:45:00,AWS_002,26.39,1005.19,67.3
2026-01-02 12:46:00,AWS_002,26.18,1005.02,68.7
2026-01-02 12:47:00,AWS_002,25.92,1004.3,68.37
2026-01-02 12:48:00,AWS_002,26.1,1003.65,66.14
2026-01-02 12:49:00,AWS_002,26.08,1004.14,69.94
2026-01-02 12:50:00,AWS_002,26.26,1004.57,67.77
2026-01-02 12:51:00,AWS_002,25.72,1004.93,69.13
2026-01-02 12:52:00,AWS_002,26.37,1004.48,70.76
2026-01-02 12:53:00,AWS_002,26.77,1003.91,69.99
2026-01-02 12:54:00,AWS_002,26.31,1004.65,70.04
2026-01-02 12:55:00,AWS_002,26.5,1004.9,68.24
2026-01-02 12:56:00,AWS_002,26.59,1004.52,69.49
2026-01-02 12:57:00,AWS_002,26.63,1003.54,68.38
2026-01-02 12:58:00,AWS_002,26.86,1004.07,65.59
2026-01-02 12:59:00,AWS_002,25.89,1004.97,68.66
2026-01-02 13:00:00,AWS_002,25.78,1003.11,68.62
2026-01-02 13:01:00,AWS_002,26.36,1002.54,69.32
2026-01-02 13:02:00,AWS_002,26.31,1005.43,67.95
2026-01-02 13:03:00,AWS_002,26.32,1004.63,66.73
2026-01-02 13:04:00,AWS_002,26.74,1004.71,69.62
2026-01-02 13:05:00,AWS_002,25.97,1003.36,65.73
2026-01-02 13:06:00,AWS_002,26.12,1004.81,71.33
2026-01-02 13:07:00,AWS_002,25.53,1004.45,68.0
2026-01-02 13:08:00,AWS_002,26.76,1002.96,69.0
2026-01-02 13:09:00,AWS_002,25.75,1005.37,69.68
2026-01-02 13:10:00,AWS_002,25.74,1004.36,69.79
2026-01-02 13:11:00,AWS_002,25.7,1003.91,65.84
2026-01-02 13:12:00,AWS_002,25.56,1003.93,70.36
2026-01-02 13:13:00,AWS_002,25.51,1002.62,69.36
2026-01-02 13:14:00,AWS_002,25.57,1004.71,67.54
2026-01-02 13:15:00,AWS_002,25.21,1004.45,67.36
2026-01-02 13:16:00,AWS_002,25.42,1004.08,68.24
2026-01-02 13:17:00,AWS_002,26.5,1005.26,66.36
2026-01-02 13:18:00,AWS_002,25.99,1003.13,72.45
2026-01-02 13:19:00,AWS_002,26.05,1003.76,72.03
2026-01-02 13:20:00,AWS_002,26.13,1003.56,70.01
2026-01-02 13:21:00,AWS_002,26.37,1004.02,68.71
2026-01-02 13:22:00,AWS_002,24.91,1004.3,68.81
2026-01-02 13:23:00,AWS_002,25.1,1004.59,70.77
2026-01-02 13:24:00,AWS_002,25.25,1003.97,72.82
2026-01-02 13:25:00,AWS_002,25.37,1003.55,68.21
2026-01-02 13:26:00,AWS_002,25.41,1005.6,67.16
2026-01-02 13:27:00,AWS_002,25.33,1006.18,72.54
2026-01-02 13:28:00,AWS_002,25.58,1004.37,65.92
2026-01-02 13:29:00,AWS_002,25.49,1003.65,67.53
2026-01-02 13:30:00,AWS_002,25.16,1005.44,69.1
2026-01-02 13:31:00,AWS_002,24.56,1003.1,66.52
2026-01-02 13:32:00,AWS_002,25.01,1004.0,71.91
2026-01-02 13:33:00,AWS_002,25.17,1003.71,71.45
2026-01-02 13:34:00,AWS_002,25.27,1003.34,68.64
2026-01-02 13:35:00,AWS_002,24.9,1004.04,72.39
2026-01-02 13:36:00,AWS_002,25.14,1003.58,72.78
2026-01-02 13:37:00,AWS_002,24.86,1004.28,69.7
2026-01-02 13:38:00,AWS_002,25.24,1004.3,69.07
2026-01-02 13:39:00,AWS_002,24.84,1003.78,74.54
2026-01-02 13:40:00,AWS_002,24.91,1003.98,71.51
2026-01-02 13:41:00,AWS_002,24.71,1004.09,70.63
2026-01-02 13:42:00,AWS_002,25.15,1004.93,72.89
2026-01-02 13:43:00,AWS_002,24.85,1004.16,70.82
2026-01-02 13:44:00,AWS_002,25.54,1004.95,69.25
2026-01-02 13:45:00,AWS_002,25.32,1004.76,70.47
2026-01-02 13:46:00,AWS_002,25.11,1004.75,72.43
2026-01-02 13:47:00,AWS_002,24.8,1005.4,66.42
2026-01-02 13:48:00,AWS_002,25.25,1003.4,69.87
2026-01-02 13:49:00,AWS_002,25.35,1003.92,73.26
2026-01-02 13:50:00,AWS_002,25.11,1005.71,69.52
2026-01-02 13:51:00,AWS_002,25.68,1004.09,73.68
2026-01-02 13:52:00,AWS_002,25.2,1002.05,73.46
2026-01-02 13:53:00,AWS_002,25.36,1004.14,70.55
2026-01-02 13:54:00,AWS_002,25.03,1004.41,69.59
2026-01-02 13:55:00,AWS_002,25.23,1002.21,70.2
2026-01-02 13:56:00,AWS_002,24.62,1005.38,76.15
2026-01-02 13:57:00,AWS_002,24.74,1003.74,74.61
2026-01-02 13:58:00,AWS_002,25.04,1004.58,71.16
2026-01-02 13:59:00,AWS_002,25.02,1004.14,69.74
2026-01-02 14:00:00,AWS_002,25.07,1003.29,71.23
2026-01-02 14:01:00,AWS_002,25.29,1003.46,71.53
2026-01-02 14:02:00,AWS_002,24.26,1003.58,68.6
2026-01-02 14:03:00,AWS_002,24.42,1005.19,71.3
2026-01-02 14:04:00,AWS_002,24.88,1004.21,73.83
2026-01-02 14:05:00,AWS_002,24.48,1003.91,67.63
2026-01-02 14:06:00,AWS_002,26.1,1003.59,72.92
2026-01-02 14:07:00,AWS_002,24.94,1005.29,74.06
2026-01-02 14:08:00,AWS_002,24.68,1005.51,70.24
2026-01-02 14:09:00,AWS_002,24.49,1005.29,74.79
2026-01-02 14:10:00,AWS_002,24.49,1004.74,70.07
2026-01-02 14:11:00,AWS_002,24.67,1004.58,72.37
2026-01-02 14:12:00,AWS_002,24.69,1003.37,70.92
2026-01-02 14:13:00,AWS_002,24.44,1004.15,70.97
2026-01-02 14:14:00,AWS_002,24.5,1003.81,70.39
2026-01-02 14:15:00,AWS_002,25.13,1002.89,73.06
2026-01-02 14:16:00,AWS_002,25.12,1005.2,73.41
2026-01-02 14:17:00,AWS_002,24.65,1003.8,71.62
2026-01-02 14:18:00,AWS_002,24.0,1005.32,69.08
2026-01-02 14:19:00,AWS_002,24.73,1005.07,72.65
2026-01-02 14:20:00,AWS_002,25.12,1004.81,72.73
2026-01-02 14:21:00,AWS_002,25.03,1004.86,71.49
2026-01-02 14:22:00,AWS_002,24.76,1003.88,75.7
2026-01-02 14:23:00,AWS_002,25.01,1005.86,68.88
2026-01-02 14:24:00,AWS_002,24.45,1004.41,67.62
2026-01-02 14:25:00,AWS_002,24.66,1004.62,70.63
2026-01-02 14:26:00,AWS_002,24.12,1003.86,73.56
2026-01-02 14:27:00,AWS_002,24.49,1003.64,70.07
2026-01-02 14:28:00,AWS_002,24.89,1004.77,70.26
2026-01-02 14:29:00,AWS_002,24.1,1004.57,74.17
2026-01-02 14:30:00,AWS_002,23.98,1003.76,73.23
2026-01-02 14:31:00,AWS_002,24.34,1003.25,73.1
2026-01-02 14:32:00,AWS_002,24.2,1003.38,73.95
2026-01-02 14:33:00,AWS_002,24.53,1005.36,71.58
2026-01-02 14:34:00,AWS_002,24.07,1003.92,71.71
2026-01-02 14:35:00,AWS_002,24.92,1004.14,74.13
2026-01-02 14:36:00,AWS_002,23.7,1005.57,69.86
2026-01-02 14:37:00,AWS_002,24.7,1003.52,68.31
2026-01-02 14:38:00,AWS_002,23.88,1003.84,71.77
2026-01-02 14:39:00,AWS_002,23.45,1003.81,74.54
2026-01-02 14:40:00,AWS_002,24.25,1005.72,73.22
2026-01-02 14:41:00,AWS_002,24.03,1006.02,74.47
2026-01-02 14:42:00,AWS_002,23.67,1005.03,68.76
2026-01-02 14:43:00,AWS_002,23.43,1005.06,73.46
2026-01-02 14:44:00,AWS_002,24.08,1003.97,74.18
2026-01-02 14:45:00,AWS_002,24.46,1006.0,70.21
2026-01-02 14:46:00,AWS_002,24.29,1004.66,74.68
2026-01-02 14:47:00,AWS_002,24.06,1005.13,72.77
2026-01-02 14:48:00,AWS_002,24.21,1004.36,79.17
2026-01-02 14:49:00,AWS_002,23.99,1004.24,68.71
2026-01-02 14:50:00,AWS_002,23.42,1005.79,75.85
2026-01-02 14:51:00,AWS_002,23.4,1004.89,72.36
2026-01-02 14:52:00,AWS_002,23.87,1005.62,69.95
2026-01-02 14:53:00,AWS_002,23.88,1004.67,72.17
2026-01-02 14:54:00,AWS_002,24.26,1003.79,73.82
2026-01-02 14:55:00,AWS_002,24.21,1004.0,75.37
2026-01-02 14:56:00,AWS_002,24.13,1004.56,76.78
2026-01-02 14:57:00,AWS_002,23.76,1003.98,76.22
2026-01-02 14:58:00,AWS_002,23.31,1003.59,71.48
2026-01-02 14:59:00,AWS_002,24.01,1005.45,75.71
2026-01-02 15:00:00,AWS_002,24.04,1004.05,74.27
2026-01-02 15:01:00,AWS_002,22.86,1004.6,72.21
2026-01-02 15:02:00,AWS_002,23.47,1004.73,73.14
2026-01-02 15:03:00,AWS_002,23.51,1004.03,72.18
2026-01-02 15:04:00,AWS_002,23.82,1005.66,73.71
2026-01-02 15:05:00,AWS_002,23.43,1003.61,72.21
2026-01-02 15:06:00,AWS_002,23.72,1004.72,71.65
2026-01-02 15:07:00,AWS_002,23.64,1004.71,74.7
2026-01-02 15:08:00,AWS_002,23.65,1004.47,75.03
2026-01-02 15:09:00,AWS_002,23.41,1003.48,73.44
2026-01-02 15:10:00,AWS_002,23.42,1005.22,76.58
2026-01-02 15:11:00,AWS_002,23.23,1005.12,73.36
2026-01-02 15:12:00,AWS_002,23.8,1003.99,73.31
2026-01-02 15:13:00,AWS_002,23.86,1005.1,75.27
2026-01-02 15:14:00,AWS_002,23.31,1004.84,73.72
2026-01-02 15:15:00,AWS_002,24.21,1003.51,74.19
2026-01-02 15:16:00,AWS_002,23.47,1003.86,69.02
2026-01-02 15:17:00,AWS_002,24.19,1005.46,74.12
2026-01-02 15:18:00,AWS_002,23.31,1004.8,70.47
2026-01-02 15:19:00,AWS_002,22.74,1004.1,71.72
2026-01-02 15:20:00,AWS_002,23.7,1003.87,71.52
2026-01-02 15:21:00,AWS_002,23.62,1004.15,72.14
2026-01-02 15:22:00,AWS_002,23.52,1004.21,73.16
2026-01-02 15:23:00,AWS_002,23.24,1003.89,73.32
2026-01-02 15:24:00,AWS_002,23.47,1003.18,75.65
2026-01-02 15:25:00,AWS_002,23.26,1005.49,74.8
2026-01-02 15:26:00,AWS_002,23.33,1005.36,70.59
2026-01-02 15:27:00,AWS_002,23.78,1003.57,74.59
2026-01-02 15:28:00,AWS_002,23.5,1004.7,75.09
2026-01-02 15:29:00,AWS_002,23.66,1003.87,73.83
2026-01-02 15:30:00,AWS_002,23.31,1004.39,74.4
2026-01-02 15:31:00,AWS_002,23.25,1004.32,74.93
2026-01-02 15:32:00,AWS_002,22.91,1004.26,76.11
2026-01-02 15:33:00,AWS_002,23.21,1006.21,71.47
2026-01-02 15:34:00,AWS_002,22.02,1004.26,74.16
2026-01-02 15:35:00,AWS_002,23.1,1003.97,77.69
2026-01-02 15:36:00,AWS_002,23.29,1004.01,77.54
2026-01-02 15:37:00,AWS_002,23.53,1005.46,76.44
2026-01-02 15:38:00,AWS_002,23.19,1003.31,75.84
2026-01-02 15:39:00,AWS_002,23.42,1004.02,78.11
2026-01-02 15:40:00,AWS_002,22.4,1005.79,78.67
2026-01-02 15:41:00,AWS_002,23.23,1004.83,74.6
2026-01-02 15:42:00,AWS_002,22.57,1004.8,72.95
2026-01-02 15:43:00,AWS_002,22.75,1006.35,74.38
2026-01-02 15:44:00,AWS_002,23.15,1004.85,81.14
2026-01-02 15:45:00,AWS_002,23.72,1004.09,71.84
2026-01-02 15:46:00,AWS_002,23.34,1004.43,74.07
2026-01-02 15:47:00,AWS_002,23.19,1003.76,72.21
2026-01-02 15:48:00,AWS_002,23.16,1005.67,75.31
2026-01-02 15:49:00,AWS_002,22.87,1005.13,72.69
2026-01-02 15:50:00,AWS_002,22.93,1005.58,74.9
2026-01-02 15:51:00,AWS_002,23.31,1005.65,71.25
2026-01-02 15:52:00,AWS_002,22.57,1004.35,76.41
2026-01-02 15:53:00,AWS_002,23.35,1003.93,77.65
2026-01-02 15:54:00,AWS_002,22.95,1004.65,74.46
2026-01-02 15:55:00,AWS_002,23.42,1004.0,74.99
2026-01-02 15:56:00,AWS_002,23.46,1004.83,74.96
2026-01-02 15:57:00,AWS_002,22.4,1005.61,75.67
2026-01-02 15:58:00,AWS_002,22.82,1004.58,75.26
2026-01-02 15:59:00,AWS_002,22.7,1004.83,76.9
2026-01-02 16:00:00,AWS_002,22.31,1004.64,77.86
2026-01-02 16:01:00,AWS_002,22.61,1005.37,73.79
2026-01-02 16:02:00,AWS_002,23.99,1004.19,74.83
2026-01-02 16:03:00,AWS_002,23.25,1002.97,77.27
2026-01-02 16:04:00,AWS_002,23.76,1005.11,72.65
2026-01-02 16:05:00,AWS_002,23.31,1005.53,71.58
2026-01-02 16:06:00,AWS_002,22.67,1005.1,76.0
2026-01-02 16:07:00,AWS_002,22.81,1004.24,76.56
2026-01-02 16:08:00,AWS_002,23.19,1003.85,74.15
2026-01-02 16:09:00,AWS_002,23.12,1005.15,74.46
2026-01-02 16:10:00,AWS_002,22.7,1004.88,74.12
2026-01-02 16:11:00,AWS_002,22.32,1004.67,73.93
2026-01-02 16:12:00,AWS_002,24.23,1006.23,77.08
2026-01-02 16:13:00,AWS_002,22.84,1004.02,73.35
2026-01-02 16:14:00,AWS_002,22.76,1006.2,75.21
2026-01-02 16:15:00,AWS_002,22.93,1004.81,73.95
2026-01-02 16:16:00,AWS_002,22.77,1003.32,72.87
2026-01-02 16:17:00,AWS_002,22.91,1004.65,77.55
2026-01-02 16:18:00,AWS_002,23.37,1005.57,74.79
2026-01-02 16:19:00,AWS_002,22.79,1004.51,76.23
2026-01-02 16:20:00,AWS_002,22.37,1003.63,72.86
2026-01-02 16:21:00,AWS_002,22.76,1004.68,74.41
2026-01-02 16:22:00,AWS_002,22.63,1004.13,77.43
2026-01-02 16:23:00,AWS_002,23.38,1005.22,81.12
2026-01-02 16:24:00,AWS_002,23.27,1005.45,72.01
2026-01-02 16:25:00,AWS_002,22.83,1003.99,75.58
2026-01-02 16:26:00,AWS_002,22.27,1004.27,76.83
2026-01-02 16:27:00,AWS_002,22.28,1005.45,74.79
2026-01-02 16:28:00,AWS_002,22.77,1004.16,77.75
2026-01-02 16:29:00,AWS_002,22.89,1003.99,74.33
2026-01-02 16:30:00,AWS_002,22.6,1003.91,76.39
2026-01-02 16:31:00,AWS_002,22.55,1005.14,75.06
2026-01-02 16:32:00,AWS_002,22.49,1005.11,78.57
2026-01-02 16:33:00,AWS_002,22.71,1004.32,74.79
2026-01-02 16:34:00,AWS_002,21.76,1004.88,75.46
2026-01-02 16:35:00,AWS_002,22.27,1006.1,78.08
2026-01-02 16:36:00,AWS_002,22.45,1004.11,74.15
2026-01-02 16:37:00,AWS_002,23.17,1003.33,76.36
2026-01-02 16:38:00,AWS_002,22.36,1005.26,72.59
2026-01-02 16:39:00,AWS_002,22.75,1004.81,74.08
2026-01-02 16:40:00,AWS_002,22.76,1004.34,77.04
2026-01-02 16:41:00,AWS_002,23.18,1005.43,74.31
2026-01-02 16:42:00,AWS_002,23.16,1005.59,75.22
2026-01-02 16:43:00,AWS_002,22.62,1003.15,77.32
2026-01-02 16:44:00,AWS_002,22.45,1004.4,75.19
2026-01-02 16:45:00,AWS_002,22.37,1006.79,78.01
2026-01-02 16:46:00,AWS_002,22.53,1005.4,76.81
2026-01-02 16:47:00,AWS_002,22.44,1005.48,77.27
2026-01-02 16:48:00,AWS_002,22.83,1005.89,78.89
2026-01-02 16:49:00,AWS_002,22.77,1004.97,77.07
2026-01-02 16:50:00,AWS_002,22.83,1005.59,79.52
2026-01-02 16:51:00,AWS_002,23.09,1005.54,78.28
2026-01-02 16:52:00,AWS_002,23.33,1005.4,75.43
2026-01-02 16:53:00,AWS_002,22.63,1004.71,79.08
2026-01-02 16:54:00,AWS_002,23.01,1005.12,77.03
2026-01-02 16:55:00,AWS_002,22.42,1004.51,75.73
2026-01-02 16:56:00,AWS_002,23.03,1005.0,77.09
2026-01-02 16:57:00,AWS_002,22.98,1004.06,78.77
2026-01-02 16:58:00,AWS_002,22.95,1004.37,77.47
2026-01-02 16:59:00,AWS_002,22.58,1004.78,80.22
2026-01-02 17:00:00,AWS_002,22.27,1004.25,78.76
2026-01-02 17:01:00,AWS_002,21.97,1004.61,77.65
2026-01-02 17:02:00,AWS_002,22.51,1004.89,74.57
2026-01-02 17:03:00,AWS_002,23.13,1005.35,76.27
2026-01-02 17:04:00,AWS_002,22.39,1005.79,76.79
2026-01-02 17:05:00,AWS_002,22.82,1004.67,78.05
2026-01-02 17:06:00,AWS_002,22.84,1006.11,77.94
2026-01-02 17:07:00,AWS_002,22.39,1005.8,77.02
2026-01-02 17:08:00,AWS_002,23.02,1005.46,76.93
2026-01-02 17:09:00,AWS_002,21.33,1005.18,78.15
2026-01-02 17:10:00,AWS_002,22.0,1005.32,75.0
2026-01-02 17:11:00,AWS_002,22.11,1006.02,80.12
2026-01-02 17:12:00,AWS_002,22.15,1006.05,72.64
2026-01-02 17:13:00,AWS_002,22.6,1006.15,79.66
2026-01-02 17:14:00,AWS_002,22.58,1005.12,76.67
2026-01-02 17:15:00,AWS_002,22.62,1005.53,78.77
2026-01-02 17:16:00,AWS_002,22.7,1006.17,77.51
2026-01-02 17:17:00,AWS_002,22.07,1004.6,77.48
2026-01-02 17:18:00,AWS_002,21.96,1004.85,77.91
2026-01-02 17:19:00,AWS_002,22.6,1005.13,78.43
2026-01-02 17:20:00,AWS_002,22.19,1005.84,76.16
2026-01-02 17:21:00,AWS_002,21.81,1005.86,78.9
2026-01-02 17:22:00,AWS_002,22.82,1004.95,74.67
2026-01-02 17:23:00,AWS_002,22.99,1003.93,76.83
2026-01-02 17:24:00,AWS_002,23.05,1005.34,78.52
2026-01-02 17:25:00,AWS_002,22.5,1004.41,78.85
2026-01-02 17:26:00,AWS_002,22.67,1003.96,77.79
2026-01-02 17:27:00,AWS_002,22.97,1004.15,76.09
2026-01-02 17:28:00,AWS_002,22.16,1005.43,78.68
2026-01-02 17:29:00,AWS_002,22.86,1006.26,75.55
2026-01-02 17:30:00,AWS_002,22.52,1005.21,80.4
2026-01-02 17:31:00,AWS_002,22.77,1005.35,76.73
2026-01-02 17:32:00,AWS_002,22.48,1006.13,73.83
2026-01-02 17:33:00,AWS_002,22.92,1003.96,74.53
2026-01-02 17:34:00,AWS_002,22.49,1005.61,77.01
2026-01-02 17:35:00,AWS_002,21.8,1005.2,77.21
2026-01-02 17:36:00,AWS_002,22.97,1005.66,80.87
2026-01-02 17:37:00,AWS_002,22.01,1004.83,74.86
2026-01-02 17:38:00,AWS_002,22.89,1004.57,77.02
2026-01-02 17:39:00,AWS_002,22.35,1005.34,74.83
2026-01-02 17:40:00,AWS_002,22.86,1006.55,75.97
2026-01-02 17:41:00,AWS_002,22.84,1005.93,80.33
2026-01-02 17:42:00,AWS_002,22.55,1004.84,74.69
2026-01-02 17:43:00,AWS_002,22.58,1004.18,78.14
2026-01-02 17:44:00,AWS_002,22.55,1003.91,77.76
2026-01-02 17:45:00,AWS_002,21.57,1006.32,76.93
2026-01-02 17:46:00,AWS_002,22.42,1004.51,78.02
2026-01-02 17:47:00,AWS_002,21.93,1005.01,74.66
2026-01-02 17:48:00,AWS_002,22.44,1006.34,80.3
2026-01-02 17:49:00,AWS_002,21.91,1004.0,80.84
2026-01-02 17:50:00,AWS_002,21.9,1006.49,77.08
2026-01-02 17:51:00,AWS_002,23.01,1005.1,81.84
2026-01-02 17:52:00,AWS_002,22.8,1004.39,76.19
2026-01-02 17:53:00,AWS_002,22.37,1005.11,77.8
2026-01-02 17:54:00,AWS_002,22.44,1004.74,79.86
2026-01-02 17:55:00,AWS_002,22.27,1005.68,76.08
2026-01-02 17:56:00,AWS_002,22.59,1004.81,74.24
2026-01-02 17:57:00,AWS_002,22.1,1003.81,73.78
2026-01-02 17:58:00,AWS_002,22.76,1005.17,81.12
2026-01-02 17:59:00,AWS_002,22.26,1004.26,75.94
2026-01-02 18:00:00,AWS_002,22.2,1005.52,76.63
2026-01-02 18:01:00,AWS_002,22.37,1004.41,74.77
2026-01-02 18:02:00,AWS_002,22.13,1004.98,78.9
2026-01-02 18:03:00,AWS_002,22.5,1005.52,75.44
2026-01-02 18:04:00,AWS_002,22.15,1005.21,76.02
2026-01-02 18:05:00,AWS_002,22.55,1005.59,77.6
2026-01-02 18:06:00,AWS_002,22.85,1005.94,74.87
2026-01-02 18:07:00,AWS_002,22.08,1004.47,76.64
2026-01-02 18:08:00,AWS_002,22.32,1005.35,79.8
2026-01-02 18:09:00,AWS_002,22.55,1002.75,77.85
2026-01-02 18:10:00,AWS_002,22.2,1005.61,77.25
2026-01-02 18:11:00,AWS_002,22.56,1005.18,77.42
2026-01-02 18:12:00,AWS_002,22.59,1004.64,76.21
2026-01-02 18:13:00,AWS_002,22.81,1005.69,80.97
2026-01-02 18:14:00,AWS_002,22.13,1006.38,75.35
2026-01-02 18:15:00,AWS_002,22.0,1005.07,77.4
2026-01-02 18:16:00,AWS_002,22.25,1004.7,77.2
2026-01-02 18:17:00,AWS_002,21.99,1005.59,78.98
2026-01-02 18:18:00,AWS_002,22.61,1004.4,79.17
2026-01-02 18:19:00,AWS_002,21.92,1004.95,76.89
2026-01-02 18:20:00,AWS_002,23.32,1006.46,77.54
2026-01-02 18:21:00,AWS_002,22.9,1005.54,77.61
2026-01-02 18:22:00,AWS_002,22.39,1003.99,72.4
2026-01-02 18:23:00,AWS_002,22.74,1004.06,73.76
2026-01-02 18:24:00,AWS_002,21.74,1005.64,75.72
2026-01-02 18:25:00,AWS_002,23.4,1006.2,75.81
2026-01-02 18:26:00,AWS_002,22.16,1004.23,74.52
2026-01-02 18:27:00,AWS_002,22.35,1005.89,78.42
2026-01-02 18:28:00,AWS_002,21.66,1006.6,76.91
2026-01-02 18:29:00,AWS_002,22.6,1007.05,76.47
2026-01-02 18:30:00,AWS_002,21.97,1005.81,74.39
2026-01-02 18:31:00,AWS_002,22.45,1005.96,76.8
2026-01-02 18:32:00,AWS_002,22.2,1003.85,71.63
2026-01-02 18:33:00,AWS_002,21.99,1007.24,76.55
2026-01-02 18:34:00,AWS_002,22.1,1005.11,76.99
2026-01-02 18:35:00,AWS_002,22.51,1004.83,77.34
2026-01-02 18:36:00,AWS_002,21.91,1005.38,73.72
2026-01-02 18:37:00,AWS_002,22.13,1006.8,77.29
2026-01-02 18:38:00,AWS_002,22.7,1007.36,74.75
2026-01-02 18:39:00,AWS_002,23.48,1005.71,75.2
2026-01-02 18:40:00,AWS_002,22.63,1006.41,78.25
2026-01-02 18:41:00,AWS_002,22.08,1005.65,80.84
2026-01-02 18:42:00,AWS_002,22.3,1004.79,76.9
2026-01-02 18:43:00,AWS_002,22.47,1006.81,75.16
2026-01-02 18:44:00,AWS_002,22.32,1005.14,77.16
2026-01-02 18:45:00,AWS_002,22.82,1006.87,78.65
2026-01-02 18:46:00,AWS_002,22.55,1006.69,78.0
2026-01-02 18:47:00,AWS_002,22.83,1006.15,82.23
2026-01-02 18:48:00,AWS_002,22.35,1007.13,75.31
2026-01-02 18:49:00,AWS_002,23.01,1007.46,77.23
2026-01-02 18:50:00,AWS_002,22.42,1005.54,79.81
2026-01-02 18:51:00,AWS_002,22.1,1005.04,79.68
2026-01-02 18:52:00,AWS_002,23.36,1004.2,72.79
2026-01-02 18:53:00,AWS_002,21.77,1007.5,76.67
2026-01-02 18:54:00,AWS_002,22.21,1005.35,79.64
2026-01-02 18:55:00,AWS_002,22.26,1006.62,82.44
2026-01-02 18:56:00,AWS_002,23.52,1005.13,78.05
2026-01-02 18:57:00,AWS_002,23.24,1006.96,75.9
2026-01-02 18:58:00,AWS_002,23.12,1005.17,74.6
2026-01-02 18:59:00,AWS_002,22.4,1004.79,81.04
2026-01-02 19:00:00,AWS_002,23.51,1005.58,78.05
2026-01-02 19:01:00,AWS_002,22.69,1005.33,74.88
2026-01-02 19:02:00,AWS_002,22.94,1006.24,76.16
2026-01-02 19:03:00,AWS_002,22.63,1005.73,77.17
2026-01-02 19:04:00,AWS_002,22.54,1006.28,77.62
2026-01-02 19:05:00,AWS_002,22.46,1005.55,74.72
2026-01-02 19:06:00,AWS_002,22.49,1005.26,75.28
2026-01-02 19:07:00,AWS_002,22.82,1005.33,73.18
2026-01-02 19:08:00,AWS_002,22.73,1007.44,78.56
2026-01-02 19:09:00,AWS_002,22.58,1005.99,75.78
2026-01-02 19:10:00,AWS_002,23.2,1004.23,77.38
2026-01-02 19:11:00,AWS_002,21.42,1005.41,79.27
2026-01-02 19:12:00,AWS_002,22.81,1005.91,76.85
2026-01-02 19:13:00,AWS_002,22.9,1007.32,76.17
2026-01-02 19:14:00,AWS_002,23.08,1006.67,76.77
2026-01-02 19:15:00,AWS_002,22.61,1005.12,76.49
2026-01-02 19:16:00,AWS_002,22.72,1007.79,78.84
2026-01-02 19:17:00,AWS_002,23.04,1005.84,76.95
2026-01-02 19:18:00,AWS_002,23.25,1006.87,75.22
2026-01-02 19:19:00,AWS_002,22.54,1004.96,78.39
2026-01-02 19:20:00,AWS_002,22.77,1003.97,78.74
2026-01-02 19:21:00,AWS_002,23.35,1004.77,73.58
2026-01-02 19:22:00,AWS_002,21.83,1003.3,79.31
2026-01-02 19:23:00,AWS_002,22.41,1007.6,76.95
2026-01-02 19:24:00,AWS_002,23.28,1006.09,76.77
2026-01-02 19:25:00,AWS_002,23.14,1005.18,78.2
2026-01-02 19:26:00,AWS_002,22.92,1006.29,75.03
2026-01-02 19:27:00,AWS_002,22.54,1006.09,78.05
2026-01-02 19:28:00,AWS_002,22.38,1006.44,75.37
2026-01-02 19:29:00,AWS_002,22.5,1006.92,73.16
2026-01-02 19:30:00,AWS_002,23.37,1005.73,74.09
2026-01-02 19:31:00,AWS_002,22.5,1005.26,77.2
2026-01-02 19:32:00,AWS_002,22.8,1006.64,74.16
2026-01-02 19:33:00,AWS_002,22.47,1006.62,79.25
2026-01-02 19:34:00,AWS_002,23.12,1006.07,78.38
2026-01-02 19:35:00,AWS_002,22.57,1007.74,78.65
2026-01-02 19:36:00,AWS_002,22.76,1005.65,76.21
2026-01-02 19:37:00,AWS_002,22.13,1005.29,76.46
2026-01-02 19:38:00,AWS_002,22.17,1006.35,73.53
2026-01-02 19:39:00,AWS_002,22.83,1005.49,77.89
2026-01-02 19:40:00,AWS_002,22.3,1006.43,76.64
2026-01-02 19:41:00,AWS_002,23.69,1005.37,76.99
2026-01-02 19:42:00,AWS_002,22.03,1005.73,79.21
2026-01-02 19:43:00,AWS_002,22.54,1007.57,74.6
2026-01-02 19:44:00,AWS_002,22.88,1005.74,75.53
2026-01-02 19:45:00,AWS_002,22.74,1005.43,76.42
2026-01-02 19:46:00,AWS_002,22.45,1007.01,73.87
2026-01-02 19:47:00,AWS_002,22.52,1005.24,75.34
2026-01-02 19:48:00,AWS_002,22.51,1005.54,76.68
2026-01-02 19:49:00,AWS_002,22.81,1006.56,75.02
2026-01-02 19:50:00,AWS_002,23.71,1006.86,78.26
2026-01-02 19:51:00,AWS_002,22.97,1007.09,72.6
2026-01-02 19:52:00,AWS_002,23.42,1005.52,77.84
2026-01-02 19:53:00,AWS_002,23.16,1006.61,76.89
2026-01-02 19:54:00,AWS_002,23.42,1005.76,74.41
2026-01-02 19:55:00,AWS_002,21.86,1005.66,73.67
2026-01-02 19:56:00,AWS_002,22.87,1007.12,71.33
2026-01-02 19:57:00,AWS_002,23.53,1005.72,73.88
2026-01-02 19:58:00,AWS_002,22.79,1006.39,77.54
2026-01-02 19:59:00,AWS_002,23.73,1006.3,75.31
2026-01-02 20:00:00,AWS_002,23.63,1005.33,77.72
2026-01-02 20:01:00,AWS_002,22.86,1006.96,74.13
2026-01-02 20:02:00,AWS_002,22.86,1006.65,76.75
2026-01-02 20:03:00,AWS_002,22.66,1004.62,73.88
2026-01-02 20:04:00,AWS_002,22.83,1006.44,73.35
2026-01-02 20:05:00,AWS_002,22.6,1005.6,75.04
2026-01-02 20:06:00,AWS_002,23.27,1007.11,73.9
2026-01-02 20:07:00,AWS_002,22.53,1005.08,72.12
2026-01-02 20:08:00,AWS_002,23.37,1005.96,74.81
2026-01-02 20:09:00,AWS_002,23.39,1006.54,75.36
2026-01-02 20:10:00,AWS_002,22.48,1006.3,77.66
2026-01-02 20:11:00,AWS_002,23.78,1006.88,76.97
2026-01-02 20:12:00,AWS_002,23.38,1005.06,77.5
2026-01-02 20:13:00,AWS_002,23.48,1007.6,76.48
2026-01-02 20:14:00,AWS_002,22.89,1006.71,75.67
2026-01-02 20:15:00,AWS_002,23.46,1007.39,72.52
2026-01-02 20:16:00,AWS_002,23.67,1007.0,75.25
2026-01-02 20:17:00,AWS_002,23.19,1006.3,76.11
2026-01-02 20:18:00,AWS_002,24.05,1005.29,77.8
2026-01-02 20:19:00,AWS_002,23.28,1005.88,76.23
2026-01-02 20:20:00,AWS_002,23.73,1007.61,77.31
2026-01-02 20:21:00,AWS_002,23.4,1007.45,72.74
2026-01-02 20:22:00,AWS_002,23.53,1005.86,74.12
2026-01-02 20:23:00,AWS_002,22.64,1004.1,75.6
2026-01-02 20:24:00,AWS_002,23.47,1006.2,77.03
2026-01-02 20:25:00,AWS_002,23.04,1006.14,74.39
2026-01-02 20:26:00,AWS_002,23.01,1006.18,74.48
2026-01-02 20:27:00,AWS_002,24.06,1006.81,75.99
2026-01-02 20:28:00,AWS_002,23.29,1007.1,72.33
2026-01-02 20:29:00,AWS_002,22.98,1007.2,77.77
2026-01-02 20:30:00,AWS_002,23.26,1006.77,72.76
2026-01-02 20:31:00,AWS_002,22.89,1004.98,70.65
2026-01-02 20:32:00,AWS_002,24.0,1006.16,74.48
2026-01-02 20:33:00,AWS_002,23.16,1008.28,77.82
2026-01-02 20:34:00,AWS_002,23.66,1006.74,75.56
2026-01-02 20:35:00,AWS_002,24.01,1006.75,75.86
2026-01-02 20:36:00,AWS_002,23.28,1006.75,74.41
2026-01-02 20:37:00,AWS_002,23.71,1006.8,73.99
2026-01-02 20:38:00,AWS_002,23.1,1004.57,71.17
2026-01-02 20:39:00,AWS_002,24.5,1006.29,69.71
2026-01-02 20:40:00,AWS_002,23.91,1006.46,74.59
2026-01-02 20:41:00,AWS_002,23.47,1007.53,76.78
2026-01-02 20:42:00,AWS_002,23.25,1006.55,74.81
2026-01-02 20:43:00,AWS_002,23.53,1005.2,75.34
2026-01-02 20:44:00,AWS_002,23.46,1006.87,77.22
2026-01-02 20:45:00,AWS_002,24.39,1005.89,74.68
2026-01-02 20:46:00,AWS_002,23.13,1005.57,73.74
2026-01-02 20:47:00,AWS_002,23.69,1005.88,72.32
2026-01-02 20:48:00,AWS_002,23.64,1006.99,77.96
2026-01-02 20:49:00,AWS_002,23.62,1007.57,74.94
2026-01-02 20:50:00,AWS_002,23.64,1006.96,71.96
2026-01-02 20:51:00,AWS_002,23.65,1007.09,71.47
2026-01-02 20:52:00,AWS_002,24.06,1006.97,76.28
2026-01-02 20:53:00,AWS_002,23.97,1006.68,71.67
2026-01-02 20:54:00,AWS_002,23.91,1007.16,77.41
2026-01-02 20:55:00,AWS_002,22.54,1004.68,68.16
2026-01-02 20:56:00,AWS_002,23.89,1006.71,76.48
2026-01-02 20:57:00,AWS_002,23.12,1005.79,74.57
2026-01-02 20:58:00,AWS_002,24.06,1007.57,73.8
2026-01-02 20:59:00,AWS_002,24.4,1006.53,73.17
2026-01-02 21:00:00,AWS_002,23.46,1006.68,77.27
2026-01-02 21:01:00,AWS_002,23.74,1005.46,74.86
2026-01-02 21:02:00,AWS_002,23.62,1007.48,71.6
2026-01-02 21:03:00,AWS_002,24.37,1007.18,69.94
2026-01-02 21:04:00,AWS_002,23.93,1007.13,73.69
2026-01-02 21:05:00,AWS_002,24.6,1006.04,73.3
2026-01-02 21:06:00,AWS_002,24.09,1006.08,70.22
2026-01-02 21:07:00,AWS_002,24.04,1006.89,73.11
2026-01-02 21:08:00,AWS_002,23.98,1006.16,72.04
2026-01-02 21:09:00,AWS_002,24.3,1007.07,73.16
2026-01-02 21:10:00,AWS_002,23.29,1005.0,74.56
2026-01-02 21:11:00,AWS_002,24.04,1006.35,76.05
2026-01-02 21:12:00,AWS_002,23.99,1008.19,74.85
2026-01-02 21:13:00,AWS_002,24.33,1007.11,71.55
2026-01-02 21:14:00,AWS_002,23.98,1006.9,73.69
2026-01-02 21:15:00,AWS_002,23.65,1008.36,73.04
2026-01-02 21:16:00,AWS_002,24.09,1004.91,70.21
2026-01-02 21:17:00,AWS_002,23.67,1006.14,73.63
2026-01-02 21:18:00,AWS_002,23.35,1006.48,76.51
2026-01-02 21:19:00,AWS_002,24.43,1007.49,72.82
2026-01-02 21:20:00,AWS_002,24.38,1007.52,69.53
2026-01-02 21:21:00,AWS_002,24.36,1006.13,72.73
2026-01-02 21:22:00,AWS_002,24.71,1007.63,70.21
2026-01-02 21:23:00,AWS_002,23.94,1006.52,74.32
2026-01-02 21:24:00,AWS_002,23.65,1007.82,73.6
2026-01-02 21:25:00,AWS_002,24.21,1006.03,72.17
2026-01-02 21:26:00,AWS_002,24.11,1006.77,71.81
2026-01-02 21:27:00,AWS_002,23.93,1006.48,72.0
2026-01-02 21:28:00,AWS_002,24.26,1007.73,72.4
2026-01-02 21:29:00,AWS_002,24.06,1006.47,70.8
2026-01-02 21:30:00,AWS_002,23.59,1006.86,69.53
2026-01-02 21:31:00,AWS_002,24.16,1007.31,74.54
2026-01-02 21:32:00,AWS_002,23.9,1007.35,71.45
2026-01-02 21:33:00,AWS_002,24.47,1007.63,72.51
2026-01-02 21:34:00,AWS_002,24.13,1007.1,72.71
2026-01-02 21:35:00,AWS_002,24.85,1006.6,72.74
2026-01-02 21:36:00,AWS_002,25.07,1006.67,69.71
2026-01-02 21:37:00,AWS_002,24.72,1006.98,68.66
2026-01-02 21:38:00,AWS_002,23.84,1007.16,70.79
2026-01-02 21:39:00,AWS_002,25.08,1006.85,72.72
2026-01-02 21:40:00,AWS_002,25.13,1007.0,70.43
2026-01-02 21:41:00,AWS_002,24.52,1005.77,71.13
2026-01-02 21:42:00,AWS_002,25.06,1007.53,76.05
2026-01-02 21:43:00,AWS_002,24.33,1007.15,68.06
2026-01-02 21:44:00,AWS_002,23.82,1007.81,70.2
2026-01-02 21:45:00,AWS_002,24.28,1007.02,75.46
2026-01-02 21:46:00,AWS_002,25.3,1005.64,71.53
2026-01-02 21:47:00,AWS_002,24.03,1006.75,70.17
2026-01-02 21:48:00,AWS_002,24.64,1006.89,73.87
2026-01-02 21:49:00,AWS_002,24.67,1007.65,71.6
2026-01-02 21:50:00,AWS_002,24.47,1005.41,70.75
2026-01-02 21:51:00,AWS_002,24.52,1007.1,71.79
2026-01-02 21:52:00,AWS_002,24.74,1007.49,70.04
2026-01-02 21:53:00,AWS_002,24.51,1006.56,69.28
2026-01-02 21:54:00,AWS_002,24.18,1007.16,71.04
2026-01-02 21:55:00,AWS_002,24.86,1006.6,69.2
2026-01-02 21:56:00,AWS_002,25.22,1006.53,71.2
2026-01-02 21:57:00,AWS_002,25.16,1006.8,71.84
2026-01-02 21:58:00,AWS_002,24.5,1006.56,72.8
2026-01-02 21:59:00,AWS_002,24.35,1007.69,73.3
2026-01-02 22:00:00,AWS_002,24.75,1006.56,70.19
2026-01-02 22:01:00,AWS_002,25.51,1006.43,71.95
2026-01-02 22:02:00,AWS_002,25.16,1008.58,71.89
2026-01-02 22:03:00,AWS_002,25.2,1007.94,71.52
2026-01-02 22:04:00,AWS_002,25.3,1005.69,69.86
2026-01-02 22:05:00,AWS_002,25.13,1006.58,68.72
2026-01-02 22:06:00,AWS_002,25.03,1007.39,71.73
2026-01-02 22:07:00,AWS_002,25.26,1007.47,67.27
2026-01-02 22:08:00,AWS_002,24.8,1006.02,70.1
2026-01-02 22:09:00,AWS_002,24.47,1008.15,65.48
2026-01-02 22:10:00,AWS_002,25.35,1007.89,67.87
2026-01-02 22:11:00,AWS_002,25.57,1007.63,68.74
2026-01-02 22:12:00,AWS_002,24.65,1008.33,72.64
2026-01-02 22:13:00,AWS_002,25.44,1007.62,71.78
2026-01-02 22:14:00,AWS_002,25.81,1007.62,69.25
2026-01-02 22:15:00,AWS_002,25.15,1008.52,71.77
2026-01-02 22:16:00,AWS_002,24.85,1008.16,72.04
2026-01-02 22:17:00,AWS_002,25.24,1006.62,69.89
2026-01-02 22:18:00,AWS_002,24.99,1007.81,67.4
2026-01-02 22:19:00,AWS_002,24.99,1006.78,69.7
2026-01-02 22:20:00,AWS_002,25.43,1007.72,69.88
2026-01-02 22:21:00,AWS_002,24.63,1007.71,67.56
2026-01-02 22:22:00,AWS_002,24.71,1006.23,70.71
2026-01-02 22:23:00,AWS_002,25.32,1007.25,70.49
2026-01-02 22:24:00,AWS_002,25.32,1007.56,70.77
2026-01-02 22:25:00,AWS_002,25.49,1007.01,70.39
2026-01-02 22:26:00,AWS_002,26.12,1007.62,71.24
2026-01-02 22:27:00,AWS_002,25.43,1008.02,69.38
2026-01-02 22:28:00,AWS_002,25.65,1007.36,70.09
2026-01-02 22:29:00,AWS_002,25.04,1007.57,68.85
2026-01-02 22:30:00,AWS_002,25.76,1008.51,68.42
2026-01-02 22:31:00,AWS_002,25.26,1007.79,72.22
2026-01-02 22:32:00,AWS_002,25.52,1007.58,65.41
2026-01-02 22:33:00,AWS_002,25.47,1006.66,71.2
2026-01-02 22:34:00,AWS_002,25.95,1007.97,68.16
2026-01-02 22:35:00,AWS_002,25.03,1007.71,67.85
2026-01-02 22:36:00,AWS_002,24.66,1008.48,69.82
2026-01-02 22:37:00,AWS_002,25.51,1007.5,66.27
2026-01-02 22:38:00,AWS_002,25.8,1006.02,67.57
2026-01-02 22:39:00,AWS_002,25.7,1006.12,67.46
2026-01-02 22:40:00,AWS_002,26.15,1008.08,68.66
2026-01-02 22:41:00,AWS_002,25.85,1007.04,67.45
2026-01-02 22:42:00,AWS_002,25.47,1007.85,72.21
2026-01-02 22:43:00,AWS_002,24.79,1007.61,72.55
2026-01-02 22:44:00,AWS_002,25.64,1007.39,64.86
2026-01-02 22:45:00,AWS_002,26.17,1007.45,69.95
2026-01-02 22:46:00,AWS_002,25.62,1006.85,70.52
2026-01-02 22:47:00,AWS_002,25.81,1007.54,69.84
2026-01-02 22:48:00,AWS_002,25.99,1007.09,67.39
2026-01-02 22:49:00,AWS_002,25.44,1007.27,68.17
2026-01-02 22:50:00,AWS_002,26.11,1007.32,67.11
2026-01-02 22:51:00,AWS_002,26.54,1007.4,67.72
2026-01-02 22:52:00,AWS_002,25.83,1008.33,66.09
2026-01-02 22:53:00,AWS_002,25.47,1007.5,68.23
2026-01-02 22:54:00,AWS_002,25.92,1008.43,65.4
2026-01-02 22:55:00,AWS_002,25.08,1008.85,67.96
2026-01-02 22:56:00,AWS_002,26.12,1008.31,65.81
2026-01-02 22:57:00,AWS_002,26.19,1008.06,68.67
2026-01-02 22:58:00,AWS_002,26.7,1007.9,66.85
2026-01-02 22:59:00,AWS_002,25.97,1008.34,68.74
2026-01-02 23:00:00,AWS_002,26.23,1007.73,70.27
2026-01-02 23:01:00,AWS_002,25.75,1008.46,71.23
2026-01-02 23:02:00,AWS_002,25.97,1008.17,62.95
2026-01-02 23:03:00,AWS_002,25.52,1007.4,66.29
2026-01-02 23:04:00,AWS_002,26.08,1008.41,67.3
2026-01-02 23:05:00,AWS_002,26.06,1007.78,68.77
2026-01-02 23:06:00,AWS_002,26.32,1007.63,64.5
2026-01-02 23:07:00,AWS_002,25.97,1007.34,65.79
2026-01-02 23:08:00,AWS_002,26.27,1007.86,67.96
2026-01-02 23:09:00,AWS_002,26.13,1008.54,67.82
2026-01-02 23:10:00,AWS_002,26.15,1008.46,68.35
2026-01-02 23:11:00,AWS_002,26.34,1008.04,68.43
2026-01-02 23:12:00,AWS_002,26.34,1008.24,68.17
2026-01-02 23:13:00,AWS_002,26.65,1008.79,67.83
2026-01-02 23:14:00,AWS_002,26.32,1007.66,67.5
2026-01-02 23:15:00,AWS_002,26.25,1006.9,68.67
2026-01-02 23:16:00,AWS_002,26.34,1008.84,62.81
2026-01-02 23:17:00,AWS_002,26.15,1007.38,70.33
2026-01-02 23:18:00,AWS_002,26.31,1007.26,62.78
2026-01-02 23:19:00,AWS_002,27.29,1006.39,64.98
2026-01-02 23:20:00,AWS_002,26.13,1008.29,66.63
2026-01-02 23:21:00,AWS_002,26.41,1006.55,68.38
2026-01-02 23:22:00,AWS_002,26.39,1007.25,60.99
2026-01-02 23:23:00,AWS_002,26.46,1008.33,66.87
2026-01-02 23:24:00,AWS_002,26.45,1008.45,68.46
2026-01-02 23:25:00,AWS_002,26.72,1007.36,68.81
2026-01-02 23:26:00,AWS_002,25.94,1007.78,65.38
2026-01-02 23:27:00,AWS_002,27.06,1007.2,66.12
2026-01-02 23:28:00,AWS_002,26.92,1007.47,65.44
2026-01-02 23:29:00,AWS_002,26.19,1008.13,65.83
2026-01-02 23:30:00,AWS_002,25.81,1007.52,64.5
2026-01-02 23:31:00,AWS_002,26.34,1007.73,64.74
2026-01-02 23:32:00,AWS_002,26.66,1006.77,67.33
2026-01-02 23:33:00,AWS_002,27.81,1008.85,66.67
2026-01-02 23:34:00,AWS_002,27.02,1008.36,67.34
2026-01-02 23:35:00,AWS_002,26.1,1008.6,66.73
2026-01-02 23:36:00,AWS_002,26.57,1009.01,67.66
2026-01-02 23:37:00,AWS_002,26.84,1007.32,67.96
2026-01-02 23:38:00,AWS_002,26.99,1007.7,62.67
2026-01-02 23:39:00,AWS_002,26.38,1006.48,64.39
2026-01-02 23:40:00,AWS_002,26.88,1010.52,65.58
2026-01-02 23:41:00,AWS_002,26.66,1007.9,65.95
2026-01-02 23:42:00,AWS_002,26.53,1008.86,64.6
2026-01-02 23:43:00,AWS_002,27.1,1007.04,67.71
2026-01-02 23:44:00,AWS_002,27.33,1008.84,69.8
2026-01-02 23:45:00,AWS_002,27.38,1009.54,66.16
2026-01-02 23:46:00,AWS_002,27.29,1008.01,65.9
2026-01-02 23:47:00,AWS_002,26.88,1007.26,67.38
2026-01-02 23:48:00,AWS_002,27.39,1007.97,61.9
2026-01-02 23:49:00,AWS_002,27.25,1006.31,65.63
2026-01-02 23:50:00,AWS_002,27.2,1008.07,67.48
2026-01-02 23:51:00,AWS_002,26.92,1008.76,64.18
2026-01-02 23:52:00,AWS_002,26.99,1008.08,62.97
2026-01-02 23:53:00,AWS_002,27.24,1007.89,64.99
2026-01-02 23:54:00,AWS_002,28.21,1008.55,65.19
2026-01-02 23:55:00,AWS_002,27.38,1008.62,63.44
2026-01-02 23:56:00,AWS_002,27.03,1006.82,69.4
2026-01-02 23:57:00,AWS_002,26.97,1008.23,64.2
2026-01-02 23:58:00,AWS_002,27.13,1010.11,62.8
2026-01-02 23:59:00,AWS_002,28.21,1007.11,64.87
2026-01-03 00:00:00,AWS_002,27.21,1008.11,66.82
2026-01-03 00:01:00,AWS_002,27.75,1009.74,64.98
2026-01-03 00:02:00,AWS_002,27.26,1009.08,65.87
2026-01-03 00:03:00,AWS_002,27.54,1007.8,63.1
2026-01-03 00:04:00,AWS_002,27.77,1008.38,67.77
2026-01-03 00:05:00,AWS_002,27.25,1008.22,65.86
2026-01-03 00:06:00,AWS_002,27.24,1007.64,66.78
2026-01-03 00:07:00,AWS_002,28.18,1008.18,65.36
2026-01-03 00:08:00,AWS_002,27.93,1008.03,66.23
2026-01-03 00:09:00,AWS_002,27.88,1008.35,62.78
2026-01-03 00:10:00,AWS_002,27.9,1007.67,63.49
2026-01-03 00:11:00,AWS_002,27.79,1007.26,67.12
2026-01-03 00:12:00,AWS_002,28.43,1008.25,67.49
2026-01-03 00:13:00,AWS_002,27.67,1009.67,62.03
2026-01-03 00:14:00,AWS_002,27.9,1008.37,64.77
2026-01-03 00:15:00,AWS_002,27.11,1008.05,63.35
2026-01-03 00:16:00,AWS_002,27.38,1008.93,62.77
2026-01-03 00:17:00,AWS_002,27.26,1008.2,64.68
2026-01-03 00:18:00,AWS_002,28.27,1009.83,66.34
2026-01-03 00:19:00,AWS_002,26.76,1008.35,64.91
2026-01-03 00:20:00,AWS_002,27.64,1008.92,63.32
2026-01-03 00:21:00,AWS_002,26.63,1007.76,64.93
2026-01-03 00:22:00,AWS_002,27.51,1008.78,63.13
2026-01-03 00:23:00,AWS_002,27.67,1008.6,64.62
2026-01-03 00:24:00,AWS_002,28.44,1008.35,66.54
2026-01-03 00:25:00,AWS_002,28.07,1008.0,59.54
2026-01-03 00:26:00,AWS_002,27.6,1007.9,65.24
2026-01-03 00:27:00,AWS_002,28.38,1008.64,60.51
2026-01-03 00:28:00,AWS_002,27.98,1008.93,65.99
2026-01-03 00:29:00,AWS_002,28.01,1008.33,62.21
2026-01-03 00:30:00,AWS_002,27.54,1008.67,61.0
2026-01-03 00:31:00,AWS_002,27.64,1008.42,64.77
2026-01-03 00:32:00,AWS_002,27.73,1008.54,64.06
2026-01-03 00:33:00,AWS_002,28.1,1008.31,61.28
2026-01-03 00:34:00,AWS_002,28.14,1008.49,60.72
2026-01-03 00:35:00,AWS_002,28.74,1010.65,62.8
2026-01-03 00:36:00,AWS_002,28.3,1008.75,60.71
2026-01-03 00:37:00,AWS_002,27.09,1009.02,60.95
2026-01-03 00:38:00,AWS_002,28.3,1008.86,63.25
2026-01-03 00:39:00,AWS_002,27.63,1008.31,61.04
2026-01-03 00:40:00,AWS_002,27.85,1009.57,63.77
2026-01-03 00:41:00,AWS_002,27.93,1008.31,65.84
2026-01-03 00:42:00,AWS_002,28.01,1009.39,62.52
2026-01-03 00:43:00,AWS_002,27.75,1008.29,63.02
2026-01-03 00:44:00,AWS_002,28.4,1007.8,66.75
2026-01-03 00:45:00,AWS_002,27.78,1008.87,60.28
2026-01-03 00:46:00,AWS_002,28.51,1007.7,64.99
2026-01-03 00:47:00,AWS_002,29.28,1009.02,64.7
2026-01-03 00:48:00,AWS_002,27.87,1007.65,64.21
2026-01-03 00:49:00,AWS_002,28.31,1008.35,65.04
2026-01-03 00:50:00,AWS_002,27.44,1007.47,62.96
2026-01-03 00:51:00,AWS_002,28.35,1010.89,61.19
2026-01-03 00:52:00,AWS_002,28.75,1007.31,64.49
2026-01-03 00:53:00,AWS_002,28.8,1008.65,64.52
2026-01-03 00:54:00,AWS_002,28.56,1009.57,64.41
2026-01-03 00:55:00,AWS_002,28.91,1009.49,62.24
2026-01-03 00:56:00,AWS_002,29.59,1009.35,60.66
2026-01-03 00:57:00,AWS_002,29.28,1008.43,62.43
2026-01-03 00:58:00,AWS_002,28.41,1009.77,63.88
2026-01-03 00:59:00,AWS_002,28.06,1009.43,63.99
2026-01-03 01:00:00,AWS_002,28.5,1008.87,61.03
2026-01-03 01:01:00,AWS_002,28.3,1008.91,62.47
2026-01-03 01:02:00,AWS_002,28.88,1008.48,59.18
2026-01-03 01:03:00,AWS_002,28.25,1008.0,63.71
2026-01-03 01:04:00,AWS_002,28.71,1009.73,60.13
2026-01-03 01:05:00,AWS_002,29.1,1009.8,63.21
2026-01-03 01:06:00,AWS_002,28.75,1008.05,59.29
2026-01-03 01:07:00,AWS_002,28.43,1008.64,63.6
2026-01-03 01:08:00,AWS_002,29.3,1008.66,62.14
2026-01-03 01:09:00,AWS_002,28.1,1008.76,59.88
2026-01-03 01:10:00,AWS_002,28.74,1008.84,62.77
2026-01-03 01:11:00,AWS_002,28.87,1009.56,60.16
2026-01-03 01:12:00,AWS_002,28.92,1008.21,62.79
2026-01-03 01:13:00,AWS_002,29.0,1008.14,60.69
2026-01-03 01:14:00,AWS_002,29.2,1009.82,57.75
2026-01-03 01:15:00,AWS_002,28.96,1008.46,59.18
2026-01-03 01:16:00,AWS_002,28.85,1007.83,60.23
2026-01-03 01:17:00,AWS_002,28.85,1008.46,63.78
2026-01-03 01:18:00,AWS_002,28.79,1008.6,62.8
2026-01-03 01:19:00,AWS_002,29.37,1010.11,64.19
2026-01-03 01:20:00,AWS_002,28.82,1009.62,64.2
2026-01-03 01:21:00,AWS_002,29.43,1009.8,59.78
2026-01-03 01:22:00,AWS_002,29.12,1009.55,60.42
2026-01-03 01:23:00,AWS_002,28.93,1009.66,59.93
2026-01-03 01:24:00,AWS_002,29.4,1008.36,59.36
2026-01-03 01:25:00,AWS_002,28.89,1008.76,56.97
2026-01-03 01:26:00,AWS_002,29.45,1008.14,60.57
2026-01-03 01:27:00,AWS_002,29.3,1008.77,57.98
2026-01-03 01:28:00,AWS_002,29.0,1009.49,60.44
2026-01-03 01:29:00,AWS_002,29.47,1009.06,64.69
2026-01-03 01:30:00,AWS_002,29.5,1010.01,59.39
2026-01-03 01:31:00,AWS_002,29.76,1008.06,60.75
2026-01-03 01:32:00,AWS_002,29.71,1009.38,62.12
2026-01-03 01:33:00,AWS_002,29.54,1007.99,60.82
2026-01-03 01:34:00,AWS_002,28.91,1009.07,60.8
2026-01-03 01:35:00,AWS_002,30.36,1009.6,59.44
2026-01-03 01:36:00,AWS_002,28.84,1008.84,59.66
2026-01-03 01:37:00,AWS_002,29.8,1009.46,58.15
2026-01-03 01:38:00,AWS_002,29.61,1008.26,61.72
2026-01-03 01:39:00,AWS_002,28.99,1007.71,56.49
2026-01-03 01:40:00,AWS_002,29.43,1009.49,61.87
2026-01-03 01:41:00,AWS_002,29.47,1010.45,57.07
2026-01-03 01:42:00,AWS_002,30.04,1008.27,61.76
2026-01-03 01:43:00,AWS_002,29.25,1010.05,59.08
2026-01-03 01:44:00,AWS_002,29.45,1009.12,57.28
2026-01-03 01:45:00,AWS_002,28.64,1008.02,60.85
2026-01-03 01:46:00,AWS_002,30.29,1008.19,61.5
2026-01-03 01:47:00,AWS_002,29.19,1009.12,58.72
2026-01-03 01:48:00,AWS_002,29.77,1008.79,60.99
2026-01-03 01:49:00,AWS_002,29.61,1008.07,54.94
2026-01-03 01:50:00,AWS_002,29.64,1007.78,56.82
2026-01-03 01:51:00,AWS_002,30.02,1008.46,62.0
2026-01-03 01:52:00,AWS_002,30.38,1009.31,58.92
2026-01-03 01:53:00,AWS_002,29.83,1009.15,55.6
2026-01-03 01:54:00,AWS_002,30.01,1008.77,57.88
2026-01-03 01:55:00,AWS_002,29.9,1009.34,57.38
2026-01-03 01:56:00,AWS_002,30.2,1010.02,58.85
2026-01-03 01:57:00,AWS_002,29.62,1009.51,58.4
2026-01-03 01:58:00,AWS_002,30.26,1009.1,59.45
2026-01-03 01:59:00,AWS_002,30.29,1009.95,58.91
2026-01-01 00:00:00,AWS_003,26.8,1008.74,63.04
2026-01-01 00:01:00,AWS_003,27.48,1009.4,62.31
2026-01-01 00:02:00,AWS_003,27.69,1008.21,66.36
2026-01-01 00:03:00,AWS_003,26.4,1008.49,64.91
2026-01-01 00:04:00,AWS_003,27.99,1010.03,65.84
2026-01-01 00:05:00,AWS_003,27.66,1006.7,67.93
2026-01-01 00:06:00,AWS_003,27.78,1008.54,64.21
2026-01-01 00:07:00,AWS_003,27.01,1009.17,64.17
2026-01-01 00:08:00,AWS_003,27.76,1008.37,68.12
2026-01-01 00:09:00,AWS_003,27.83,1008.27,64.56
2026-01-01 00:10:00,AWS_003,27.23,1007.03,62.87
2026-01-01 00:11:00,AWS_003,27.82,1009.4,65.9
2026-01-01 00:12:00,AWS_003,27.48,1009.09,63.9
2026-01-01 00:13:00,AWS_003,27.31,1009.27,62.67
2026-01-01 00:14:00,AWS_003,27.5,1008.24,64.45
2026-01-01 00:15:00,AWS_003,27.66,1008.01,65.87
2026-01-01 00:16:00,AWS_003,27.5,1008.27,61.84
2026-01-01 00:17:00,AWS_003,27.32,1009.64,61.75
2026-01-01 00:18:00,AWS_003,27.82,1008.08,63.9
2026-01-01 00:19:00,AWS_003,27.91,1009.49,61.81
2026-01-01 00:20:00,AWS_003,27.76,1008.19,61.4
2026-01-01 00:21:00,AWS_003,27.08,1007.63,63.91
2026-01-01 00:22:00,AWS_003,27.51,1006.66,66.06
2026-01-01 00:23:00,AWS_003,27.43,1008.79,65.37
2026-01-01 00:24:00,AWS_003,28.48,1008.96,63.53
2026-01-01 00:25:00,AWS_003,27.86,1007.43,66.26
2026-01-01 00:26:00,AWS_003,27.72,1009.54,67.11
2026-01-01 00:27:00,AWS_003,27.63,1007.26,64.57
2026-01-01 00:28:00,AWS_003,27.83,1008.95,62.81
2026-01-01 00:29:00,AWS_003,28.2,1008.99,66.61
2026-01-01 00:30:00,AWS_003,27.19,1009.25,66.47
2026-01-01 00:31:00,AWS_003,28.04,1006.83,63.89
2026-01-01 00:32:00,AWS_003,27.76,1009.27,65.78
2026-01-01 00:33:00,AWS_003,28.16,1008.31,61.72
2026-01-01 00:34:00,AWS_003,28.33,1008.16,59.09
2026-01-01 00:35:00,AWS_003,27.75,1009.1,61.23
2026-01-01 00:36:00,AWS_003,27.5,1009.22,63.54
2026-01-01 00:37:00,AWS_003,27.95,1006.87,62.92
2026-01-01 00:38:00,AWS_003,28.61,1007.43,64.94
2026-01-01 00:39:00,AWS_003,28.45,1009.43,60.0
2026-01-01 00:40:00,AWS_003,27.99,1008.86,59.98
2026-01-01 00:41:00,AWS_003,27.9,1008.64,64.39
2026-01-01 00:42:00,AWS_003,27.96,1007.71,59.94
2026-01-01 00:43:00,AWS_003,27.68,1008.86,62.22
2026-01-01 00:44:00,AWS_003,28.54,1009.49,62.76
2026-01-01 00:45:00,AWS_003,28.63,1010.38,61.36
2026-01-01 00:46:00,AWS_003,28.11,1008.25,63.76
2026-01-01 00:47:00,AWS_003,28.09,1009.25,58.43
2026-01-01 00:48:00,AWS_003,28.03,1010.04,66.17
2026-01-01 00:49:00,AWS_003,28.15,1007.4,61.79
2026-01-01 00:50:00,AWS_003,28.06,1010.01,62.06
2026-01-01 00:51:00,AWS_003,28.31,1008.74,67.74
2026-01-01 00:52:00,AWS_003,28.71,1008.65,59.58
2026-01-01 00:53:00,AWS_003,28.69,1008.16,60.16
2026-01-01 00:54:00,AWS_003,28.1,1008.31,65.01
2026-01-01 00:55:00,AWS_003,28.52,1008.02,59.03
2026-01-01 00:56:00,AWS_003,28.74,1007.86,63.09
2026-01-01 00:57:00,AWS_003,28.12,1008.99,60.83
2026-01-01 00:58:00,AWS_003,28.58,1009.53,58.76
2026-01-01 00:59:00,AWS_003,29.03,1007.81,63.0
2026-01-01 01:00:00,AWS_003,28.47,1008.1,63.01
2026-01-01 01:01:00,AWS_003,27.78,1008.87,61.85
2026-01-01 01:02:00,AWS_003,27.6,1007.78,65.93
2026-01-01 01:03:00,AWS_003,28.75,1008.88,60.2
2026-01-01 01:04:00,AWS_003,28.69,1008.48,63.43
2026-01-01 01:05:00,AWS_003,28.74,1007.39,62.3
2026-01-01 01:06:00,AWS_003,28.88,1009.09,63.53
2026-01-01 01:07:00,AWS_003,28.12,1008.27,60.53
2026-01-01 01:08:00,AWS_003,28.41,1009.55,58.72
2026-01-01 01:09:00,AWS_003,28.92,1008.58,60.08
2026-01-01 01:10:00,AWS_003,29.07,1008.17,61.26
2026-01-01 01:11:00,AWS_003,28.69,1008.73,62.7
2026-01-01 01:12:00,AWS_003,28.24,1009.75,61.33
2026-01-01 01:13:00,AWS_003,28.97,1010.24,61.67
2026-01-01 01:14:00,AWS_003,28.88,1009.25,64.64
2026-01-01 01:15:00,AWS_003,28.45,1008.31,61.09
2026-01-01 01:16:00,AWS_003,28.1,1008.82,60.03
2026-01-01 01:17:00,AWS_003,29.15,1008.72,61.92
2026-01-01 01:18:00,AWS_003,28.69,1008.69,57.56
2026-01-01 01:19:00,AWS_003,29.03,1008.62,57.51
2026-01-01 01:20:00,AWS_003,29.04,1008.06,60.63
2026-01-01 01:21:00,AWS_003,28.54,1009.62,58.98
2026-01-01 01:22:00,AWS_003,29.19,1009.53,59.58
2026-01-01 01:23:00,AWS_003,28.7,1008.87,62.62
2026-01-01 01:24:00,AWS_003,28.46,1009.87,61.75
2026-01-01 01:25:00,AWS_003,28.43,1009.34,60.5
2026-01-01 01:26:00,AWS_003,29.1,1007.99,60.77
2026-01-01 01:27:00,AWS_003,29.76,1008.61,59.7
2026-01-01 01:28:00,AWS_003,29.16,1010.08,62.2
2026-01-01 01:29:00,AWS_003,29.88,1008.62,62.04
2026-01-01 01:30:00,AWS_003,29.76,1008.36,62.39
2026-01-01 01:31:00,AWS_003,29.41,1009.5,62.25
2026-01-01 01:32:00,AWS_003,29.85,1008.71,60.42
2026-01-01 01:33:00,AWS_003,29.83,1009.39,58.87
2026-01-01 01:34:00,AWS_003,29.73,1008.92,59.88
2026-01-01 01:35:00,AWS_003,28.53,1008.32,60.4
2026-01-01 01:36:00,AWS_003,29.21,1008.41,58.77
2026-01-01 01:37:00,AWS_003,29.05,1007.63,63.33
2026-01-01 01:38:00,AWS_003,29.81,1008.1,63.29
2026-01-01 01:39:00,AWS_003,29.24,1009.49,59.74
2026-01-01 01:40:00,AWS_003,30.08,1009.96,61.99
2026-01-01 01:41:00,AWS_003,29.44,1008.52,61.0
2026-01-01 01:42:00,AWS_003,29.41,1007.92,58.84
2026-01-01 01:43:00,AWS_003,29.29,1009.94,60.61
2026-01-01 01:44:00,AWS_003,29.39,1009.97,58.19
2026-01-01 01:45:00,AWS_003,29.59,1009.62,57.93
2026-01-01 01:46:00,AWS_003,29.47,1007.89,60.6
2026-01-01 01:47:00,AWS_003,29.33,1009.47,60.58
2026-01-01 01:48:00,AWS_003,29.38,1009.51,64.94
2026-01-01 01:49:00,AWS_003,30.29,1009.8,59.19
2026-01-01 01:50:00,AWS_003,30.38,1009.21,58.4
2026-01-01 01:51:00,AWS_003,29.41,1008.49,61.26
2026-01-01 01:52:00,AWS_003,29.96,1008.78,59.32
2026-01-01 01:53:00,AWS_003,29.3,1010.05,58.02
2026-01-01 01:54:00,AWS_003,29.52,1009.42,58.1
2026-01-01 01:55:00,AWS_003,29.24,1008.08,58.87
2026-01-01 01:56:00,AWS_003,30.1,1010.5,61.29
2026-01-01 01:57:00,AWS_003,29.91,1010.07,60.0
2026-01-01 01:58:00,AWS_003,30.0,1010.48,57.42
2026-01-01 01:59:00,AWS_003,30.11,1010.07,62.71
2026-01-01 02:00:00,AWS_003,29.42,1008.43,57.19
2026-01-01 02:01:00,AWS_003,29.66,1009.44,57.48
2026-01-01 02:02:00,AWS_003,29.98,1009.67,61.24
2026-01-01 02:03:00,AWS_003,29.69,1008.12,61.86
2026-01-01 02:04:00,AWS_003,29.87,1008.27,59.53
2026-01-01 02:05:00,AWS_003,29.54,1009.81,56.19
2026-01-01 02:06:00,AWS_003,30.41,1009.88,58.92
2026-01-01 02:07:00,AWS_003,30.28,1011.12,55.95
2026-01-01 02:08:00,AWS_003,30.41,1009.03,63.61
2026-01-01 02:09:00,AWS_003,30.2,1007.9,59.17
2026-01-01 02:10:00,AWS_003,29.52,1009.13,60.16
2026-01-01 02:11:00,AWS_003,29.78,1009.94,57.77
2026-01-01 02:12:00,AWS_003,29.71,1008.98,62.08
2026-01-01 02:13:00,AWS_003,29.91,1009.36,57.42
2026-01-01 02:14:00,AWS_003,30.45,1008.77,56.66
2026-01-01 02:15:00,AWS_003,29.46,1010.25,58.94
2026-01-01 02:16:00,AWS_003,29.83,1009.9,60.05
2026-01-01 02:17:00,AWS_003,29.93,1008.66,62.5
2026-01-01 02:18:00,AWS_003,29.58,1008.9,61.43
2026-01-01 02:19:00,AWS_003,30.2,1008.79,60.55
2026-01-01 02:20:00,AWS_003,30.0,1007.85,56.75
2026-01-01 02:21:00,AWS_003,30.6,1008.74,56.66
2026-01-01 02:22:00,AWS_003,30.06,1007.94,56.28
2026-01-01 02:23:00,AWS_003,30.37,1010.11,57.69
2026-01-01 02:24:00,AWS_003,30.25,1010.18,54.12
2026-01-01 02:25:00,AWS_003,29.23,1009.14,60.64
2026-01-01 02:26:00,AWS_003,29.67,1009.55,55.81
2026-01-01 02:27:00,AWS_003,30.41,1010.25,55.52
2026-01-01 02:28:00,AWS_003,30.41,1010.03,56.97
2026-01-01 02:29:00,AWS_003,30.27,1011.02,55.05
2026-01-01 02:30:00,AWS_003,30.85,1009.63,58.98
2026-01-01 02:31:00,AWS_003,30.53,1010.59,55.72
2026-01-01 02:32:00,AWS_003,30.98,1009.51,58.62
2026-01-01 02:33:00,AWS_003,29.38,1009.35,59.42
2026-01-01 02:34:00,AWS_003,31.08,1010.0,56.43
2026-01-01 02:35:00,AWS_003,30.16,1009.9,56.05
2026-01-01 02:36:00,AWS_003,30.43,1008.98,55.84
2026-01-01 02:37:00,AWS_003,30.91,1008.82,55.24
2026-01-01 02:38:00,AWS_003,29.6,1009.55,56.53
2026-01-01 02:39:00,AWS_003,30.37,1007.98,57.46
2026-01-01 02:40:00,AWS_003,30.89,1009.26,54.52
2026-01-01 02:41:00,AWS_003,30.25,1008.73,55.96
2026-01-01 02:42:00,AWS_003,30.88,1009.06,57.52
2026-01-01 02:43:00,AWS_003,30.8,1008.9,57.24
2026-01-01 02:44:00,AWS_003,30.62,1010.15,51.79
2026-01-01 02:45:00,AWS_003,30.81,1009.9,58.36
2026-01-01 02:46:00,AWS_003,31.1,1009.59,59.53
2026-01-01 02:47:00,AWS_003,30.84,1009.25,55.86
2026-01-01 02:48:00,AWS_003,30.99,1010.4,53.5
2026-01-01 02:49:00,AWS_003,30.28,1010.3,55.4
2026-01-01 02:50:00,AWS_003,30.88,1009.5,55.31
2026-01-01 02:51:00,AWS_003,30.86,1010.68,59.25
2026-01-01 02:52:00,AWS_003,31.13,1009.45,54.63
2026-01-01 02:53:00,AWS_003,30.23,1009.77,56.06
2026-01-01 02:54:00,AWS_003,31.14,1009.16,60.1
2026-01-01 02:55:00,AWS_003,30.38,1009.31,57.02
2026-01-01 02:56:00,AWS_003,31.68,1009.13,57.06
2026-01-01 02:57:00,AWS_003,30.4,1010.19,56.42
2026-01-01 02:58:00,AWS_003,30.31,1009.95,58.54
2026-01-01 02:59:00,AWS_003,30.67,1008.82,57.36
2026-01-01 03:00:00,AWS_003,31.22,1010.12,60.22
2026-01-01 03:01:00,AWS_003,30.96,1011.11,60.4
2026-01-01 03:02:00,AWS_003,31.51,1009.15,57.07
2026-01-01 03:03:00,AWS_003,30.73,1009.12,56.33
2026-01-01 03:04:00,AWS_003,30.67,1009.7,56.7
2026-01-01 03:05:00,AWS_003,30.59,1010.81,55.2
2026-01-01 03:06:00,AWS_003,30.69,1009.36,56.56
2026-01-01 03:07:00,AWS_003,30.35,1011.2,53.38
2026-01-01 03:08:00,AWS_003,30.67,1008.88,54.8
2026-01-01 03:09:00,AWS_003,30.46,1009.89,57.76
2026-01-01 03:10:00,AWS_003,31.24,1008.38,57.23
2026-01-01 03:11:00,AWS_003,31.56,1009.0,55.86
2026-01-01 03:12:00,AWS_003,31.07,1009.59,56.92
2026-01-01 03:13:00,AWS_003,30.73,1009.99,59.06
2026-01-01 03:14:00,AWS_003,31.31,1010.77,55.24
2026-01-01 03:15:00,AWS_003,31.01,1009.23,53.11
2026-01-01 03:16:00,AWS_003,31.45,1010.13,57.2
2026-01-01 03:17:00,AWS_003,30.68,1008.73,56.98
2026-01-01 03:18:00,AWS_003,30.72,1010.62,57.39
2026-01-01 03:19:00,AWS_003,31.38,1010.87,53.45
2026-01-01 03:20:00,AWS_003,31.09,1010.66,52.81
2026-01-01 03:21:00,AWS_003,31.48,1010.66,56.3
2026-01-01 03:22:00,AWS_003,30.78,1009.77,56.13
2026-01-01 03:23:00,AWS_003,31.31,1010.07,54.99
2026-01-01 03:24:00,AWS_003,31.37,1009.78,58.57
2026-01-01 03:25:00,AWS_003,30.55,1009.83,55.62
2026-01-01 03:26:00,AWS_003,31.18,1009.28,58.07
2026-01-01 03:27:00,AWS_003,30.39,1010.11,57.33
2026-01-01 03:28:00,AWS_003,31.8,1010.22,53.36
2026-01-01 03:29:00,AWS_003,30.7,1010.68,53.74
2026-01-01 03:30:00,AWS_003,31.16,1010.22,52.92
2026-01-01 03:31:00,AWS_003,31.25,1010.62,56.31
2026-01-01 03:32:00,AWS_003,30.88,1009.32,55.61
2026-01-01 03:33:00,AWS_003,32.02,1011.07,58.09
2026-01-01 03:34:00,AWS_003,31.01,1009.74,56.54
2026-01-01 03:35:00,AWS_003,31.19,1008.3,52.73
2026-01-01 03:36:00,AWS_003,31.04,1009.64,54.37
2026-01-01 03:37:00,AWS_003,31.05,1010.42,51.04
2026-01-01 03:38:00,AWS_003,31.3,1010.03,55.82
2026-01-01 03:39:00,AWS_003,31.63,1008.42,60.78
2026-01-01 03:40:00,AWS_003,31.43,1010.15,55.43
2026-01-01 03:41:00,AWS_003,31.07,1010.09,55.54
2026-01-01 03:42:00,AWS_003,31.39,1009.22,55.08
2026-01-01 03:43:00,AWS_003,30.86,1010.46,55.79
2026-01-01 03:44:00,AWS_003,31.89,1009.91,54.74
2026-01-01 03:45:00,AWS_003,31.22,1008.46,56.26
2026-01-01 03:46:00,AWS_003,31.26,1010.58,53.45
2026-01-01 03:47:00,AWS_003,30.67,1010.18,53.5
2026-01-01 03:48:00,AWS_003,31.26,1011.25,52.35
2026-01-01 03:49:00,AWS_003,32.15,1009.36,54.84
2026-01-01 03:50:00,AWS_003,31.73,1009.87,52.67
2026-01-01 03:51:00,AWS_003,31.94,1010.92,57.76
2026-01-01 03:52:00,AWS_003,31.56,1009.34,53.96
2026-01-01 03:53:00,AWS_003,30.47,1010.91,50.86
2026-01-01 03:54:00,AWS_003,31.56,1010.93,52.5
2026-01-01 03:55:00,AWS_003,31.62,1010.35,55.01
2026-01-01 03:56:00,AWS_003,31.91,1009.97,56.02
2026-01-01 03:57:00,AWS_003,31.55,1009.59,55.39
2026-01-01 03:58:00,AWS_003,31.27,1009.54,53.02
2026-01-01 03:59:00,AWS_003,31.55,1010.38,53.49
2026-01-01 04:00:00,AWS_003,31.46,1007.83,53.23
2026-01-01 04:01:00,AWS_003,31.82,1009.7,55.71
2026-01-01 04:02:00,AWS_003,31.58,1009.59,54.79
2026-01-01 04:03:00,AWS_003,31.24,1009.37,53.64
2026-01-01 04:04:00,AWS_003,31.87,1010.31,53.19
2026-01-01 04:05:00,AWS_003,31.36,1009.0,53.43
2026-01-01 04:06:00,AWS_003,31.54,1011.14,54.47
2026-01-01 04:07:00,AWS_003,31.49,1010.92,57.11
2026-01-01 04:08:00,AWS_003,31.78,1011.28,54.78
2026-01-01 04:09:00,AWS_003,31.15,1009.78,53.71
2026-01-01 04:10:00,AWS_003,31.72,1010.38,53.53
2026-01-01 04:11:00,AWS_003,32.15,1010.88,57.74
2026-01-01 04:12:00,AWS_003,31.76,1010.12,55.96
2026-01-01 04:13:00,AWS_003,31.47,1009.78,56.24
2026-01-01 04:14:00,AWS_003,31.6,1010.34,55.76
2026-01-01 04:15:00,AWS_003,31.87,1010.08,54.14
2026-01-01 04:16:00,AWS_003,31.99,1009.4,56.61
2026-01-01 04:17:00,AWS_003,32.37,1008.36,51.26
2026-01-01 04:18:00,AWS_003,31.13,1009.53,57.27
2026-01-01 04:19:00,AWS_003,31.9,1008.39,55.63
2026-01-01 04:20:00,AWS_003,31.87,1009.59,55.1
2026-01-01 04:21:00,AWS_003,31.78,1011.43,52.59
2026-01-01 04:22:00,AWS_003,31.96,1008.82,55.94
2026-01-01 04:23:00,AWS_003,31.74,1010.66,56.35
2026-01-01 04:24:00,AWS_003,31.44,1011.29,52.63
2026-01-01 04:25:00,AWS_003,31.93,1009.06,52.67
2026-01-01 04:26:00,AWS_003,32.11,1011.76,51.93
2026-01-01 04:27:00,AWS_003,31.84,1010.27,55.07
2026-01-01 04:28:00,AWS_003,32.3,1011.43,53.76
2026-01-01 04:29:00,AWS_003,31.79,1010.57,58.18
2026-01-01 04:30:00,AWS_003,32.07,1009.99,50.85
2026-01-01 04:31:00,AWS_003,31.26,1008.04,52.15
2026-01-01 04:32:00,AWS_003,32.8,1009.48,53.9
2026-01-01 04:33:00,AWS_003,31.82,1010.92,55.18
2026-01-01 04:34:00,AWS_003,31.73,1011.62,55.07
2026-01-01 04:35:00,AWS_003,31.82,1009.27,53.98
2026-01-01 04:36:00,AWS_003,31.56,1010.35,54.5
2026-01-01 04:37:00,AWS_003,31.48,1010.05,54.02
2026-01-01 04:38:00,AWS_003,31.97,1010.75,55.86
2026-01-01 04:39:00,AWS_003,32.01,1010.49,52.63
2026-01-01 04:40:00,AWS_003,32.06,1010.13,52.84
2026-01-01 04:41:00,AWS_003,31.96,1010.95,55.08
2026-01-01 04:42:00,AWS_003,31.95,1009.89,56.83
2026-01-01 04:43:00,AWS_003,31.51,1010.46,52.4
2026-01-01 04:44:00,AWS_003,31.8,1011.07,54.14
2026-01-01 04:45:00,AWS_003,32.07,1009.88,52.88
2026-01-01 04:46:00,AWS_003,31.8,1010.18,54.73
2026-01-01 04:47:00,AWS_003,32.13,1010.03,50.32
2026-01-01 04:48:00,AWS_003,31.97,1010.85,52.9
2026-01-01 04:49:00,AWS_003,31.97,1010.77,52.42
2026-01-01 04:50:00,AWS_003,32.12,1010.09,52.87
2026-01-01 04:51:00,AWS_003,32.24,1010.78,48.46
2026-01-01 04:52:00,AWS_003,32.33,1008.26,57.57
2026-01-01 04:53:00,AWS_003,32.85,1011.19,48.52
2026-01-01 04:54:00,AWS_003,32.41,1011.24,54.45
2026-01-01 04:55:00,AWS_003,31.48,1010.13,50.89
2026-01-01 04:56:00,AWS_003,31.64,1009.98,50.98
2026-01-01 04:57:00,AWS_003,31.97,1010.5,53.73
2026-01-01 04:58:00,AWS_003,31.78,1009.83,54.82
2026-01-01 04:59:00,AWS_003,32.25,1009.96,51.27
2026-01-01 05:00:00,AWS_003,32.3,1010.82,51.19
2026-01-01 05:01:00,AWS_003,31.91,1011.22,50.81
2026-01-01 05:02:00,AWS_003,32.59,1010.84,53.81
2026-01-01 05:03:00,AWS_003,32.7,1012.9,51.27
2026-01-01 05:04:00,AWS_003,31.4,1011.6,55.93
2026-01-01 05:05:00,AWS_003,31.55,1011.19,51.04
2026-01-01 05:06:00,AWS_003,32.57,1011.17,54.42
2026-01-01 05:07:00,AWS_003,32.48,1010.69,56.41
2026-01-01 05:08:00,AWS_003,32.34,1011.03,53.45
2026-01-01 05:09:00,AWS_003,32.15,1010.79,49.72
2026-01-01 05:10:00,AWS_003,32.11,1011.48,54.08
2026-01-01 05:11:00,AWS_003,32.37,1010.42,52.78
2026-01-01 05:12:00,AWS_003,32.23,1010.39,53.18
2026-01-01 05:13:00,AWS_003,32.69,1011.6,56.42
2026-01-01 05:14:00,AWS_003,31.9,1010.3,53.34
2026-01-01 05:15:00,AWS_003,32.18,1009.92,54.26
2026-01-01 05:16:00,AWS_003,32.53,1010.08,51.9
2026-01-01 05:17:00,AWS_003,32.25,1011.28,52.65
2026-01-01 05:18:00,AWS_003,32.45,1012.83,55.45
2026-01-01 05:19:00,AWS_003,32.45,1009.99,53.46
2026-01-01 05:20:00,AWS_003,32.02,1011.22,53.75
2026-01-01 05:21:00,AWS_003,31.79,1010.84,55.18
2026-01-01 05:22:00,AWS_003,31.9,1011.62,56.42
2026-01-01 05:23:00,AWS_003,31.77,1011.23,50.84
2026-01-01 05:24:00,AWS_003,31.47,1011.68,52.16
2026-01-01 05:25:00,AWS_003,32.65,1010.97,56.06
2026-01-01 05:26:00,AWS_003,31.46,1010.08,57.12
2026-01-01 05:27:00,AWS_003,32.96,1010.21,52.6
2026-01-01 05:28:00,AWS_003,32.01,1010.93,53.66
2026-01-01 05:29:00,AWS_003,32.11,1011.14,53.81
2026-01-01 05:30:00,AWS_003,31.62,1010.46,53.57
2026-01-01 05:31:00,AWS_003,32.38,1012.39,53.59
2026-01-01 05:32:00,AWS_003,32.13,1011.54,55.82
2026-01-01 05:33:00,AWS_003,32.26,1009.12,49.48
2026-01-01 05:34:00,AWS_003,31.92,1010.7,51.77
2026-01-01 05:35:00,AWS_003,32.43,1009.98,54.35
2026-01-01 05:36:00,AWS_003,31.91,1012.34,52.07
2026-01-01 05:37:00,AWS_003,32.28,1009.04,53.63
2026-01-01 05:38:00,AWS_003,32.43,1011.16,55.23
2026-01-01 05:39:00,AWS_003,32.83,1010.93,56.25
2026-01-01 05:40:00,AWS_003,32.57,1011.49,53.6
2026-01-01 05:41:00,AWS_003,32.29,1011.1,56.02
2026-01-01 05:42:00,AWS_003,32.25,1012.51,53.32
2026-01-01 05:43:00,AWS_003,32.38,1011.59,52.43
2026-01-01 05:44:00,AWS_003,32.56,1009.39,49.94
2026-01-01 05:45:00,AWS_003,31.96,1011.99,51.02
2026-01-01 05:46:00,AWS_003,32.62,1011.04,53.03
2026-01-01 05:47:00,AWS_003,31.89,1012.01,53.07
2026-01-01 05:48:00,AWS_003,32.44,1010.63,53.48
2026-01-01 05:49:00,AWS_003,32.48,1010.04,56.69
2026-01-01 05:50:00,AWS_003,32.0,1009.9,54.51
2026-01-01 05:51:00,AWS_003,31.65,1011.76,54.62
2026-01-01 05:52:00,AWS_003,32.16,1011.55,56.66
2026-01-01 05:53:00,AWS_003,31.21,1010.45,52.29
2026-01-01 05:54:00,AWS_003,32.2,1008.79,51.99
2026-01-01 05:55:00,AWS_003,31.77,1011.81,55.45
2026-01-01 05:56:00,AWS_003,33.51,1009.31,53.97
2026-01-01 05:57:00,AWS_003,32.69,1012.68,52.91
2026-01-01 05:58:00,AWS_003,32.3,1009.79,52.88
2026-01-01 05:59:00,AWS_003,32.8,1010.97,52.66
2026-01-01 06:00:00,AWS_003,32.55,1011.15,52.8
2026-01-01 06:01:00,AWS_003,31.8,1011.26,52.99
2026-01-01 06:02:00,AWS_003,32.02,1011.23,52.41
2026-01-01 06:03:00,AWS_003,32.68,1011.09,54.11
2026-01-01 06:04:00,AWS_003,31.88,1010.64,54.49
2026-01-01 06:05:00,AWS_003,32.43,1010.81,51.87
2026-01-01 06:06:00,AWS_003,32.54,1010.48,54.81
2026-01-01 06:07:00,AWS_003,32.16,1011.1,50.46
2026-01-01 06:08:00,AWS_003,32.33,1009.61,54.01
2026-01-01 06:09:00,AWS_003,32.6,1011.27,54.12
2026-01-01 06:10:00,AWS_003,32.58,1010.95,52.84
2026-01-01 06:11:00,AWS_003,32.44,1011.7,53.13
2026-01-01 06:12:00,AWS_003,32.26,1010.79,52.55
2026-01-01 06:13:00,AWS_003,32.5,1011.52,52.0
2026-01-01 06:14:00,AWS_003,31.45,1011.49,53.02
2026-01-01 06:15:00,AWS_003,32.85,1010.94,51.93
2026-01-01 06:16:00,AWS_003,32.2,1011.34,55.31
2026-01-01 06:17:00,AWS_003,31.96,1009.99,48.83
2026-01-01 06:18:00,AWS_003,32.49,1012.15,52.77
2026-01-01 06:19:00,AWS_003,32.48,1010.64,49.24
2026-01-01 06:20:00,AWS_003,31.86,1010.94,50.92
2026-01-01 06:21:00,AWS_003,32.28,1010.25,51.9
2026-01-01 06:22:00,AWS_003,32.26,1010.48,55.73
2026-01-01 06:23:00,AWS_003,32.23,1012.42,55.37
2026-01-01 06:24:00,AWS_003,32.89,1011.22,53.21
2026-01-01 06:25:00,AWS_003,32.23,1010.88,53.2
2026-01-01 06:26:00,AWS_003,32.19,1010.88,55.15
2026-01-01 06:27:00,AWS_003,31.96,1011.13,55.35
2026-01-01 06:28:00,AWS_003,31.9,1011.71,51.94
2026-01-01 06:29:00,AWS_003,32.39,1011.29,54.44
2026-01-01 06:30:00,AWS_003,32.04,1011.31,51.19
2026-01-01 06:31:00,AWS_003,32.15,1010.41,52.33
2026-01-01 06:32:00,AWS_003,32.3,1010.92,54.31
2026-01-01 06:33:00,AWS_003,32.24,1011.28,51.81
2026-01-01 06:34:00,AWS_003,32.27,1011.14,52.42
2026-01-01 06:35:00,AWS_003,32.26,1010.84,49.82
2026-01-01 06:36:00,AWS_003,32.46,1010.77,54.05
2026-01-01 06:37:00,AWS_003,33.26,1011.53,51.39
2026-01-01 06:38:00,AWS_003,32.69,1011.56,51.52
2026-01-01 06:39:00,AWS_003,32.05,1011.98,55.88
2026-01-01 06:40:00,AWS_003,32.68,1011.36,51.81
2026-01-01 06:41:00,AWS_003,31.77,1009.54,54.7
2026-01-01 06:42:00,AWS_003,31.96,1013.1,55.4
2026-01-01 06:43:00,AWS_003,32.46,1011.21,55.05
2026-01-01 06:44:00,AWS_003,32.45,1010.89,52.72
2026-01-01 06:45:00,AWS_003,32.41,1011.18,52.38
2026-01-01 06:46:00,AWS_003,31.93,1010.92,51.41
2026-01-01 06:47:00,AWS_003,31.93,1010.58,49.73
2026-01-01 06:48:00,AWS_003,32.21,1011.73,54.81
2026-01-01 06:49:00,AWS_003,32.05,1011.13,54.63
2026-01-01 06:50:00,AWS_003,32.51,1011.18,54.24
2026-01-01 06:51:00,AWS_003,32.03,1009.26,47.62
2026-01-01 06:52:00,AWS_003,32.02,1011.08,52.95
2026-01-01 06:53:00,AWS_003,31.49,1010.41,54.58
2026-01-01 06:54:00,AWS_003,32.48,1010.86,55.9
2026-01-01 06:55:00,AWS_003,32.25,1011.47,53.94
2026-01-01 06:56:00,AWS_003,31.21,1010.8,53.74
2026-01-01 06:57:00,AWS_003,32.29,1010.91,52.01
2026-01-01 06:58:00,AWS_003,31.95,1011.37,54.14
2026-01-01 06:59:00,AWS_003,32.41,1010.9,52.92
2026-01-01 07:00:00,AWS_003,32.06,1010.46,51.95
2026-01-01 07:01:00,AWS_003,31.77,1009.94,51.11
2026-01-01 07:02:00,AWS_003,32.78,1011.59,51.55
2026-01-01 07:03:00,AWS_003,32.71,1010.91,54.1
2026-01-01 07:04:00,AWS_003,32.0,1010.0,50.69
2026-01-01 07:05:00,AWS_003,32.22,1012.33,52.89
2026-01-01 07:06:00,AWS_003,31.88,1011.61,56.11
2026-01-01 07:07:00,AWS_003,31.37,1010.39,50.64
2026-01-01 07:08:00,AWS_003,32.58,1010.79,54.42
2026-01-01 07:09:00,AWS_003,31.73,1012.19,54.63
2026-01-01 07:10:00,AWS_003,32.55,1011.22,52.97
2026-01-01 07:11:00,AWS_003,32.31,1011.03,54.82
2026-01-01 07:12:00,AWS_003,32.14,1011.97,53.21
2026-01-01 07:13:00,AWS_003,32.0,1011.24,55.19
2026-01-01 07:14:00,AWS_003,32.29,1012.36,51.48
2026-01-01 07:15:00,AWS_003,31.63,1011.06,57.41
2026-01-01 07:16:00,AWS_003,32.53,1010.93,56.53
2026-01-01 07:17:00,AWS_003,32.05,1011.41,49.21
2026-01-01 07:18:00,AWS_003,32.58,1012.17,56.03
2026-01-01 07:19:00,AWS_003,31.93,1011.61,52.55
2026-01-01 07:20:00,AWS_003,32.02,1011.49,56.59
2026-01-01 07:21:00,AWS_003,32.07,1010.77,55.76
2026-01-01 07:22:00,AWS_003,32.18,1010.66,51.59
2026-01-01 07:23:00,AWS_003,32.67,1012.2,54.93
2026-01-01 07:24:00,AWS_003,31.76,1012.29,52.4
2026-01-01 07:25:00,AWS_003,31.88,1012.27,54.89
2026-01-01 07:26:00,AWS_003,31.91,1012.07,53.93
2026-01-01 07:27:00,AWS_003,30.99,1011.8,52.4
2026-01-01 07:28:00,AWS_003,31.68,1011.8,51.2
2026-01-01 07:29:00,AWS_003,31.7,1011.56,54.35
2026-01-01 07:30:00,AWS_003,32.94,1011.91,54.84
2026-01-01 07:31:00,AWS_003,31.98,1011.43,53.62
2026-01-01 07:32:00,AWS_003,32.07,1011.92,52.41
2026-01-01 07:33:00,AWS_003,31.28,1012.21,53.01
2026-01-01 07:34:00,AWS_003,31.83,1010.47,51.8
2026-01-01 07:35:00,AWS_003,32.22,1012.36,55.49
2026-01-01 07:36:00,AWS_003,32.84,1011.44,49.72
2026-01-01 07:37:00,AWS_003,31.55,1012.66,55.96
2026-01-01 07:38:00,AWS_003,31.09,1012.52,53.93
2026-01-01 07:39:00,AWS_003,31.5,1010.68,55.15
2026-01-01 07:40:00,AWS_003,31.49,1011.51,55.36
2026-01-01 07:41:00,AWS_003,31.49,1010.02,54.38
2026-01-01 07:42:00,AWS_003,32.15,1011.21,53.39
2026-01-01 07:43:00,AWS_003,31.91,1011.81,56.4
2026-01-01 07:44:00,AWS_003,31.31,1012.2,50.78
2026-01-01 07:45:00,AWS_003,32.32,1011.59,56.84
2026-01-01 07:46:00,AWS_003,32.5,1011.89,52.01
2026-01-01 07:47:00,AWS_003,31.05,1010.98,53.63
2026-01-01 07:48:00,AWS_003,32.2,1011.53,57.17
2026-01-01 07:49:00,AWS_003,31.65,1011.08,58.79
2026-01-01 07:50:00,AWS_003,31.33,1011.78,54.72
2026-01-01 07:51:00,AWS_003,31.11,1012.67,51.67
2026-01-01 07:52:00,AWS_003,31.5,1011.52,56.11
2026-01-01 07:53:00,AWS_003,31.46,1010.47,54.35
2026-01-01 07:54:00,AWS_003,31.72,1011.73,52.33
2026-01-01 07:55:00,AWS_003,32.51,1012.14,54.92
2026-01-01 07:56:00,AWS_003,31.44,1010.85,51.89
2026-01-01 07:57:00,AWS_003,31.07,1012.58,54.92
2026-01-01 07:58:00,AWS_003,31.49,1011.11,52.72
2026-01-01 07:59:00,AWS_003,32.03,1010.99,50.65
2026-01-01 08:00:00,AWS_003,31.5,1010.17,51.28
2026-01-01 08:01:00,AWS_003,31.85,1011.82,53.42
2026-01-01 08:02:00,AWS_003,31.65,1013.06,55.66
2026-01-01 08:03:00,AWS_003,31.59,1011.91,57.2
2026-01-01 08:04:00,AWS_003,32.19,1011.03,57.57
2026-01-01 08:05:00,AWS_003,31.16,1012.03,51.72
2026-01-01 08:06:00,AWS_003,31.12,1012.26,54.32
2026-01-01 08:07:00,AWS_003,31.16,1012.56,53.58
2026-01-01 08:08:00,AWS_003,31.65,1010.65,54.61
2026-01-01 08:09:00,AWS_003,31.52,1012.88,57.67
2026-01-01 08:10:00,AWS_003,31.77,1011.81,55.2
2026-01-01 08:11:00,AWS_003,31.44,1013.05,56.64
2026-01-01 08:12:00,AWS_003,31.38,1011.77,59.36
2026-01-01 08:13:00,AWS_003,31.58,1012.12,51.83
2026-01-01 08:14:00,AWS_003,32.12,1010.9,54.04
2026-01-01 08:15:00,AWS_003,30.96,1012.45,56.16
2026-01-01 08:16:00,AWS_003,31.05,1010.8,55.58
2026-01-01 08:17:00,AWS_003,31.42,1011.89,57.18
2026-01-01 08:18:00,AWS_003,32.2,1011.33,54.34
2026-01-01 08:19:00,AWS_003,30.95,1011.61,55.55
2026-01-01 08:20:00,AWS_003,31.36,1012.55,53.66
2026-01-01 08:21:00,AWS_003,31.0,1011.4,57.33
2026-01-01 08:22:00,AWS_003,31.5,1012.58,55.31
2026-01-01 08:23:00,AWS_003,30.5,1011.37,58.07
2026-01-01 08:24:00,AWS_003,30.9,1011.8,58.11
2026-01-01 08:25:00,AWS_003,31.81,1013.42,52.76
2026-01-01 08:26:00,AWS_003,31.29,1011.8,58.48
2026-01-01 08:27:00,AWS_003,30.98,1011.65,57.25
2026-01-01 08:28:00,AWS_003,31.24,1011.83,55.1
2026-01-01 08:29:00,AWS_003,31.22,1011.45,57.13
2026-01-01 08:30:00,AWS_003,31.46,1010.92,54.46
2026-01-01 08:31:00,AWS_003,30.39,1013.37,58.23
2026-01-01 08:32:00,AWS_003,30.79,1011.4,55.74
2026-01-01 08:33:00,AWS_003,30.81,1010.52,57.35
2026-01-01 08:34:00,AWS_003,31.43,1011.61,54.35
2026-01-01 08:35:00,AWS_003,31.17,1012.03,56.2
2026-01-01 08:36:00,AWS_003,31.73,1011.58,57.45
2026-01-01 08:37:00,AWS_003,31.47,1011.71,56.32
2026-01-01 08:38:00,AWS_003,30.99,1011.62,56.86
2026-01-01 08:39:00,AWS_003,31.09,1012.1,54.25
2026-01-01 08:40:00,AWS_003,31.62,1012.42,56.42
2026-01-01 08:41:00,AWS_003,31.66,1011.61,54.33
2026-01-01 08:42:00,AWS_003,31.03,1013.84,55.84
2026-01-01 08:43:00,AWS_003,30.66,1012.6,54.92
2026-01-01 08:44:00,AWS_003,30.2,1011.77,55.53
2026-01-01 08:45:00,AWS_003,30.19,1010.72,52.47
2026-01-01 08:46:00,AWS_003,31.2,1011.87,56.07
2026-01-01 08:47:00,AWS_003,31.18,1012.44,55.83
2026-01-01 08:48:00,AWS_003,30.71,1012.45,53.05
2026-01-01 08:49:00,AWS_003,31.49,1010.31,56.8
2026-01-01 08:50:00,AWS_003,30.87,1011.89,57.8
2026-01-01 08:51:00,AWS_003,30.71,1011.41,56.82
2026-01-01 08:52:00,AWS_003,31.39,1013.0,57.8
2026-01-01 08:53:00,AWS_003,31.33,1011.91,55.21
2026-01-01 08:54:00,AWS_003,30.88,1009.98,55.87
2026-01-01 08:55:00,AWS_003,31.09,1012.11,56.48
2026-01-01 08:56:00,AWS_003,31.12,1010.26,56.66
2026-01-01 08:57:00,AWS_003,31.72,1012.18,51.71
2026-01-01 08:58:00,AWS_003,30.78,1013.89,54.6
2026-01-01 08:59:00,AWS_003,30.35,1012.92,58.48
2026-01-01 09:00:00,AWS_003,31.05,1012.04,54.95
2026-01-01 09:01:00,AWS_003,30.81,1011.31,56.06
2026-01-01 09:02:00,AWS_003,30.82,1012.86,56.48
2026-01-01 09:03:00,AWS_003,30.75,1012.35,53.95
2026-01-01 09:04:00,AWS_003,30.11,1011.63,59.82
2026-01-01 09:05:00,AWS_003,30.83,1011.42,56.64
2026-01-01 09:06:00,AWS_003,30.57,1011.12,55.03
2026-01-01 09:07:00,AWS_003,30.57,1012.15,58.07
2026-01-01 09:08:00,AWS_003,30.52,1011.52,56.22
2026-01-01 09:09:00,AWS_003,30.65,1011.99,56.97
2026-01-01 09:10:00,AWS_003,30.75,1012.6,59.71
2026-01-01 09:11:00,AWS_003,30.62,1011.51,55.85
2026-01-01 09:12:00,AWS_003,31.08,1012.38,59.26
2026-01-01 09:13:00,AWS_003,30.9,1012.85,56.33
2026-01-01 09:14:00,AWS_003,30.55,1012.19,57.19
2026-01-01 09:15:00,AWS_003,30.15,1012.44,57.69
2026-01-01 09:16:00,AWS_003,30.78,1012.2,56.44
2026-01-01 09:17:00,AWS_003,30.41,1011.9,55.13
2026-01-01 09:18:00,AWS_003,30.45,1012.56,58.11
2026-01-01 09:19:00,AWS_003,29.97,1013.18,59.49
2026-01-01 09:20:00,AWS_003,30.65,1012.58,58.54
2026-01-01 09:21:00,AWS_003,31.5,1011.74,58.52
2026-01-01 09:22:00,AWS_003,30.25,1011.77,56.45
2026-01-01 09:23:00,AWS_003,30.68,1011.8,58.78
2026-01-01 09:24:00,AWS_003,30.91,1012.66,58.16
2026-01-01 09:25:00,AWS_003,30.19,1011.49,59.21
2026-01-01 09:26:00,AWS_003,29.41,1011.09,57.73
2026-01-01 09:27:00,AWS_003,30.64,1012.29,58.76
2026-01-01 09:28:00,AWS_003,30.38,1011.93,56.65
2026-01-01 09:29:00,AWS_003,30.45,1013.1,59.04
2026-01-01 09:30:00,AWS_003,30.33,1010.12,55.18
2026-01-01 09:31:00,AWS_003,30.76,1012.09,57.07
2026-01-01 09:32:00,AWS_003,30.24,1011.6,56.38
2026-01-01 09:33:00,AWS_003,31.13,1012.58,64.83
2026-01-01 09:34:00,AWS_003,30.52,1011.71,59.17
2026-01-01 09:35:00,AWS_003,30.63,1011.48,55.74
2026-01-01 09:36:00,AWS_003,30.21,1012.69,55.21
2026-01-01 09:37:00,AWS_003,30.31,1012.96,54.5
2026-01-01 09:38:00,AWS_003,29.5,1011.87,55.75
2026-01-01 09:39:00,AWS_003,29.92,1011.88,56.38
2026-01-01 09:40:00,AWS_003,30.57,1012.97,56.17
2026-01-01 09:41:00,AWS_003,30.09,1012.88,57.23
2026-01-01 09:42:00,AWS_003,29.65,1012.78,59.87
2026-01-01 09:43:00,AWS_003,29.81,1011.64,57.85
2026-01-01 09:44:00,AWS_003,29.79,1011.43,59.72
2026-01-01 09:45:00,AWS_003,30.03,1013.27,56.2
2026-01-01 09:46:00,AWS_003,29.7,1012.45,57.61
2026-01-01 09:47:00,AWS_003,30.58,1011.37,56.54
2026-01-01 09:48:00,AWS_003,30.08,1011.88,59.35
2026-01-01 09:49:00,AWS_003,29.42,1012.04,58.15
2026-01-01 09:50:00,AWS_003,30.57,1011.89,62.1
2026-01-01 09:51:00,AWS_003,29.92,1011.74,57.26
2026-01-01 09:52:00,AWS_003,30.12,1012.96,56.56
2026-01-01 09:53:00,AWS_003,30.02,1012.4,59.28
2026-01-01 09:54:00,AWS_003,30.05,1013.79,58.38
2026-01-01 09:55:00,AWS_003,29.73,1013.02,59.78
2026-01-01 09:56:00,AWS_003,29.98,1012.1,58.7
2026-01-01 09:57:00,AWS_003,29.77,1013.13,58.58
2026-01-01 09:58:00,AWS_003,29.95,1012.28,57.57
2026-01-01 09:59:00,AWS_003,29.71,1013.93,58.42
2026-01-01 10:00:00,AWS_003,29.65,1011.75,55.94
2026-01-01 10:01:00,AWS_003,29.17,1012.36,61.44
2026-01-01 10:02:00,AWS_003,29.73,1011.52,61.63
2026-01-01 10:03:00,AWS_003,29.8,1011.7,61.01
2026-01-01 10:04:00,AWS_003,30.43,1011.73,58.27
2026-01-01 10:05:00,AWS_003,29.87,1013.0,57.97
2026-01-01 10:06:00,AWS_003,29.37,1012.18,60.27
2026-01-01 10:07:00,AWS_003,29.23,1010.05,57.42
2026-01-01 10:08:00,AWS_003,29.72,1012.09,61.64
2026-01-01 10:09:00,AWS_003,29.3,1011.24,54.65
2026-01-01 10:10:00,AWS_003,29.35,1011.67,58.56
2026-01-01 10:11:00,AWS_003,29.26,1012.94,57.38
2026-01-01 10:12:00,AWS_003,29.41,1010.95,62.05
2026-01-01 10:13:00,AWS_003,29.81,1011.04,61.75
2026-01-01 10:14:00,AWS_003,28.7,1010.7,60.77
2026-01-01 10:15:00,AWS_003,30.0,1011.72,63.52
2026-01-01 10:16:00,AWS_003,29.38,1010.68,59.76
2026-01-01 10:17:00,AWS_003,29.19,1010.75,61.05
2026-01-01 10:18:00,AWS_003,29.78,1011.85,56.64
2026-01-01 10:19:00,AWS_003,29.32,1012.29,59.24
2026-01-01 10:20:00,AWS_003,28.96,1011.31,60.15
2026-01-01 10:21:00,AWS_003,28.75,1012.33,58.14
2026-01-01 10:22:00,AWS_003,29.62,1012.13,60.53
2026-01-01 10:23:00,AWS_003,29.63,1012.48,56.13
2026-01-01 10:24:00,AWS_003,29.14,1011.21,61.12
2026-01-01 10:25:00,AWS_003,29.81,1013.64,59.3
2026-01-01 10:26:00,AWS_003,29.28,1011.14,58.64
2026-01-01 10:27:00,AWS_003,29.77,1011.55,61.75
2026-01-01 10:28:00,AWS_003,28.84,1012.47,63.24
2026-01-01 10:29:00,AWS_003,28.77,1012.15,62.14
2026-01-01 10:30:00,AWS_003,28.98,1012.74,58.78
2026-01-01 10:31:00,AWS_003,29.0,1011.81,61.79
2026-01-01 10:32:00,AWS_003,29.6,1011.08,59.99
2026-01-01 10:33:00,AWS_003,29.24,1010.84,62.81
2026-01-01 10:34:00,AWS_003,28.8,1013.49,61.04
2026-01-01 10:35:00,AWS_003,29.09,1011.82,57.7
2026-01-01 10:36:00,AWS_003,28.89,1011.93,60.22
2026-01-01 10:37:00,AWS_003,28.72,1013.51,59.1
2026-01-01 10:38:00,AWS_003,28.99,1011.68,59.24
2026-01-01 10:39:00,AWS_003,28.92,1012.09,60.2
2026-01-01 10:40:00,AWS_003,28.67,1011.25,61.44
2026-01-01 10:41:00,AWS_003,28.65,1011.03,62.76
2026-01-01 10:42:00,AWS_003,29.26,1013.59,59.94
2026-01-01 10:43:00,AWS_003,29.09,1013.6,63.47
2026-01-01 10:44:00,AWS_003,29.27,1012.9,57.69
2026-01-01 10:45:00,AWS_003,28.76,1012.87,59.47
2026-01-01 10:46:00,AWS_003,28.42,1012.69,65.29
2026-01-01 10:47:00,AWS_003,28.61,1011.49,58.96
2026-01-01 10:48:00,AWS_003,29.23,1012.32,63.79
2026-01-01 10:49:00,AWS_003,28.15,1011.68,61.29
2026-01-01 10:50:00,AWS_003,29.35,1010.02,61.25
2026-01-01 10:51:00,AWS_003,28.31,1012.98,63.31
2026-01-01 10:52:00,AWS_003,29.04,1012.53,63.08
2026-01-01 10:53:00,AWS_003,28.3,1011.04,64.21
2026-01-01 10:54:00,AWS_003,28.45,1011.8,61.1
2026-01-01 10:55:00,AWS_003,27.85,1012.94,61.93
2026-01-01 10:56:00,AWS_003,29.39,1012.2,61.19
2026-01-01 10:57:00,AWS_003,28.86,1010.74,59.52
2026-01-01 10:58:00,AWS_003,28.86,1011.13,62.13
2026-01-01 10:59:00,AWS_003,28.39,1013.59,61.51
2026-01-01 11:00:00,AWS_003,28.19,1012.15,58.15
2026-01-01 11:01:00,AWS_003,28.85,1012.95,64.16
2026-01-01 11:02:00,AWS_003,28.04,1013.57,62.29
2026-01-01 11:03:00,AWS_003,28.43,1011.74,60.65
2026-01-01 11:04:00,AWS_003,27.98,1012.39,62.76
2026-01-01 11:05:00,AWS_003,28.51,1010.53,61.1
2026-01-01 11:06:00,AWS_003,27.67,1011.62,62.6
2026-01-01 11:07:00,AWS_003,27.82,1012.57,65.02
2026-01-01 11:08:00,AWS_003,28.05,1011.96,63.1
2026-01-01 11:09:00,AWS_003,28.62,1012.47,61.38
2026-01-01 11:10:00,AWS_003,28.14,1012.85,60.34
2026-01-01 11:11:00,AWS_003,28.72,1012.56,61.03
2026-01-01 11:12:00,AWS_003,28.91,1012.38,64.13
2026-01-01 11:13:00,AWS_003,28.16,1012.27,62.44
2026-01-01 11:14:00,AWS_003,27.67,1011.66,63.73
2026-01-01 11:15:00,AWS_003,28.63,1011.38,62.1
2026-01-01 11:16:00,AWS_003,27.61,1013.2,60.84
2026-01-01 11:17:00,AWS_003,27.84,1012.75,63.96
2026-01-01 11:18:00,AWS_003,27.5,1011.49,61.2
2026-01-01 11:19:00,AWS_003,28.54,1012.17,62.05
2026-01-01 11:20:00,AWS_003,28.37,1011.01,60.47
2026-01-01 11:21:00,AWS_003,28.76,1011.74,61.1
2026-01-01 11:22:00,AWS_003,27.92,1012.55,64.81
2026-01-01 11:23:00,AWS_003,27.74,1012.33,65.17
2026-01-01 11:24:00,AWS_003,27.84,1012.21,65.31
2026-01-01 11:25:00,AWS_003,27.5,1011.42,65.36
2026-01-01 11:26:00,AWS_003,28.58,1011.25,62.52
2026-01-01 11:27:00,AWS_003,29.34,1012.88,64.61
2026-01-01 11:28:00,AWS_003,27.68,1013.48,65.44
2026-01-01 11:29:00,AWS_003,28.18,1012.57,61.64
2026-01-01 11:30:00,AWS_003,27.86,1011.99,63.82
2026-01-01 11:31:00,AWS_003,28.08,1013.11,63.23
2026-01-01 11:32:00,AWS_003,28.3,1011.45,59.79
2026-01-01 11:33:00,AWS_003,27.4,1012.97,64.24
2026-01-01 11:34:00,AWS_003,27.64,1011.65,62.21
2026-01-01 11:35:00,AWS_003,28.29,1011.69,65.8
2026-01-01 11:36:00,AWS_003,28.0,1011.86,62.22
2026-01-01 11:37:00,AWS_003,27.9,1012.05,64.46
2026-01-01 11:38:00,AWS_003,27.95,1012.86,64.07
2026-01-01 11:39:00,AWS_003,27.97,1011.09,60.46
2026-01-01 11:40:00,AWS_003,28.17,1011.65,63.31
2026-01-01 11:41:00,AWS_003,27.98,1012.3,64.72
2026-01-01 11:42:00,AWS_003,27.64,1012.58,66.11
2026-01-01 11:43:00,AWS_003,27.78,1010.77,64.15
2026-01-01 11:44:00,AWS_003,27.59,1011.5,65.98
2026-01-01 11:45:00,AWS_003,27.3,1010.73,65.29
2026-01-01 11:46:00,AWS_003,27.55,1011.57,65.41
2026-01-01 11:47:00,AWS_003,27.51,1011.78,65.55
2026-01-01 11:48:00,AWS_003,26.85,1012.54,63.82
2026-01-01 11:49:00,AWS_003,27.82,1010.3,62.45
2026-01-01 11:50:00,AWS_003,27.87,1012.66,67.62
2026-01-01 11:51:00,AWS_003,27.68,1011.73,66.07
2026-01-01 11:52:00,AWS_003,27.8,1011.86,64.44
2026-01-01 11:53:00,AWS_003,27.35,1012.91,65.87
2026-01-01 11:54:00,AWS_003,27.19,1013.21,65.48
2026-01-01 11:55:00,AWS_003,27.76,1011.61,63.03
2026-01-01 11:56:00,AWS_003,26.93,1011.6,64.11
2026-01-01 11:57:00,AWS_003,26.9,1011.85,67.5
2026-01-01 11:58:00,AWS_003,27.49,1011.6,64.88
2026-01-01 11:59:00,AWS_003,27.46,1010.99,65.7
2026-01-01 12:00:00,AWS_003,27.64,1012.11,67.52
2026-01-01 12:01:00,AWS_003,26.56,1011.61,65.04
2026-01-01 12:02:00,AWS_003,27.19,1012.21,63.24
2026-01-01 12:03:00,AWS_003,26.75,1013.5,65.38
2026-01-01 12:04:00,AWS_003,27.52,1012.05,64.09
2026-01-01 12:05:00,AWS_003,27.69,1011.53,62.48
2026-01-01 12:06:00,AWS_003,27.34,1011.92,66.92
2026-01-01 12:07:00,AWS_003,26.89,1012.24,64.85
2026-01-01 12:08:00,AWS_003,26.8,1012.0,59.45
2026-01-01 12:09:00,AWS_003,26.91,1011.68,65.98
2026-01-01 12:10:00,AWS_003,26.71,1010.81,66.06
2026-01-01 12:11:00,AWS_003,26.97,1012.64,69.48
2026-01-01 12:12:00,AWS_003,26.71,1011.42,65.62
2026-01-01 12:13:00,AWS_003,26.43,1013.3,67.82
2026-01-01 12:14:00,AWS_003,27.12,1011.84,67.03
2026-01-01 12:15:00,AWS_003,27.13,1011.72,64.61
2026-01-01 12:16:00,AWS_003,27.6,1011.75,66.53
2026-01-01 12:17:00,AWS_003,26.73,1012.25,65.56
2026-01-01 12:18:00,AWS_003,26.12,1011.44,64.57
2026-01-01 12:19:00,AWS_003,27.18,1011.59,64.96
2026-01-01 12:20:00,AWS_003,27.2,1012.63,64.74
2026-01-01 12:21:00,AWS_003,27.27,1011.32,66.08
2026-01-01 12:22:00,AWS_003,27.38,1012.57,66.14
2026-01-01 12:23:00,AWS_003,27.36,1012.79,65.1
2026-01-01 12:24:00,AWS_003,26.36,1012.66,65.84
2026-01-01 12:25:00,AWS_003,27.34,1012.32,62.55
2026-01-01 12:26:00,AWS_003,26.57,1010.68,64.34
2026-01-01 12:27:00,AWS_003,27.0,1011.16,65.83
2026-01-01 12:28:00,AWS_003,26.76,1011.04,69.81
2026-01-01 12:29:00,AWS_003,26.25,1011.82,67.78
2026-01-01 12:30:00,AWS_003,27.08,1012.15,64.61
2026-01-01 12:31:00,AWS_003,26.41,1011.17,69.85
2026-01-01 12:32:00,AWS_003,27.32,1011.99,66.67
2026-01-01 12:33:00,AWS_003,26.25,1012.67,64.45
2026-01-01 12:34:00,AWS_003,26.13,1011.32,66.62
2026-01-01 12:35:00,AWS_003,26.24,1011.47,68.8
2026-01-01 12:36:00,AWS_003,27.09,1013.07,64.61
2026-01-01 12:37:00,AWS_003,25.84,1011.38,64.86
2026-01-01 12:38:00,AWS_003,26.81,1012.39,70.59
2026-01-01 12:39:00,AWS_003,27.16,1013.11,67.63
2026-01-01 12:40:00,AWS_003,26.33,1011.17,66.14
2026-01-01 12:41:00,AWS_003,26.22,1011.23,66.92
2026-01-01 12:42:00,AWS_003,26.39,1011.93,67.76
2026-01-01 12:43:00,AWS_003,25.89,1012.17,66.85
2026-01-01 12:44:00,AWS_003,27.37,1011.6,69.99
2026-01-01 12:45:00,AWS_003,26.56,1013.69,67.54
2026-01-01 12:46:00,AWS_003,25.78,1012.55,68.72
2026-01-01 12:47:00,AWS_003,25.93,1011.47,67.61
2026-01-01 12:48:00,AWS_003,26.3,1011.02,67.42
2026-01-01 12:49:00,AWS_003,25.69,1012.06,69.33
2026-01-01 12:50:00,AWS_003,25.59,1012.46,69.43
2026-01-01 12:51:00,AWS_003,26.28,1013.58,64.38
2026-01-01 12:52:00,AWS_003,26.55,1012.17,67.66
2026-01-01 12:53:00,AWS_003,26.49,1011.91,71.85
2026-01-01 12:54:00,AWS_003,26.08,1011.33,66.91
2026-01-01 12:55:00,AWS_003,25.97,1012.4,68.76
2026-01-01 12:56:00,AWS_003,26.08,1012.92,70.4
2026-01-01 12:57:00,AWS_003,26.44,1010.67,65.74
2026-01-01 12:58:00,AWS_003,25.51,1012.16,67.26
2026-01-01 12:59:00,AWS_003,25.69,1011.29,64.91
2026-01-01 13:00:00,AWS_003,25.82,1011.01,68.31
2026-01-01 13:01:00,AWS_003,25.86,1013.45,68.93
2026-01-01 13:02:00,AWS_003,25.91,1012.81,69.49
2026-01-01 13:03:00,AWS_003,25.9,1011.61,71.4
2026-01-01 13:04:00,AWS_003,26.16,1011.97,68.43
2026-01-01 13:05:00,AWS_003,25.16,1011.84,66.05
2026-01-01 13:06:00,AWS_003,25.21,1011.19,66.65
2026-01-01 13:07:00,AWS_003,25.56,1011.66,66.93
2026-01-01 13:08:00,AWS_003,26.15,1012.72,68.92
2026-01-01 13:09:00,AWS_003,25.53,1011.64,73.26
2026-01-01 13:10:00,AWS_003,25.75,1012.46,68.46
2026-01-01 13:11:00,AWS_003,25.8,1011.64,71.41
2026-01-01 13:12:00,AWS_003,25.85,1011.14,68.48
2026-01-01 13:13:00,AWS_003,26.33,1013.04,66.43
2026-01-01 13:14:00,AWS_003,25.96,1010.38,67.17
2026-01-01 13:15:00,AWS_003,26.06,1013.51,67.4
2026-01-01 13:16:00,AWS_003,25.59,1012.88,68.66
2026-01-01 13:17:00,AWS_003,26.21,1012.22,69.77
2026-01-01 13:18:00,AWS_003,25.63,1011.72,67.69
2026-01-01 13:19:00,AWS_003,24.8,1011.78,70.64
2026-01-01 13:20:00,AWS_003,26.54,1012.24,71.2
2026-01-01 13:21:00,AWS_003,25.56,1012.22,68.63
2026-01-01 13:22:00,AWS_003,25.73,1011.3,71.04
2026-01-01 13:23:00,AWS_003,25.07,1012.12,65.37
2026-01-01 13:24:00,AWS_003,26.36,1012.27,64.58
2026-01-01 13:25:00,AWS_003,25.14,1011.83,71.01
2026-01-01 13:26:00,AWS_003,25.28,1013.86,68.55
2026-01-01 13:27:00,AWS_003,24.8,1011.96,73.85
2026-01-01 13:28:00,AWS_003,25.54,1010.65,69.31
2026-01-01 13:29:00,AWS_003,25.26,1011.25,67.54
2026-01-01 13:30:00,AWS_003,24.74,1012.62,72.97
2026-01-01 13:31:00,AWS_003,25.31,1011.48,70.95
2026-01-01 13:32:00,AWS_003,25.35,1011.26,72.79
2026-01-01 13:33:00,AWS_003,25.2,1013.17,68.56
2026-01-01 13:34:00,AWS_003,24.55,1012.19,70.51
2026-01-01 13:35:00,AWS_003,25.37,1011.57,68.08
2026-01-01 13:36:00,AWS_003,24.73,1009.83,66.39
2026-01-01 13:37:00,AWS_003,25.57,1012.54,71.41
2026-01-01 13:38:00,AWS_003,24.97,1012.06,69.06
2026-01-01 13:39:00,AWS_003,25.55,1013.08,68.03
2026-01-01 13:40:00,AWS_003,25.16,1011.16,67.3
2026-01-01 13:41:00,AWS_003,25.16,1011.74,70.48
2026-01-01 13:42:00,AWS_003,25.63,1012.27,70.29
2026-01-01 13:43:00,AWS_003,24.77,1013.04,69.25
2026-01-01 13:44:00,AWS_003,24.64,1012.24,68.91
2026-01-01 13:45:00,AWS_003,25.28,1011.46,71.84
2026-01-01 13:46:00,AWS_003,24.51,1013.07,65.39
2026-01-01 13:47:00,AWS_003,24.7,1011.78,71.66
2026-01-01 13:48:00,AWS_003,24.37,1012.17,71.38
2026-01-01 13:49:00,AWS_003,25.44,1012.62,68.03
2026-01-01 13:50:00,AWS_003,24.56,1013.27,66.67
2026-01-01 13:51:00,AWS_003,24.68,1012.31,71.76
2026-01-01 13:52:00,AWS_003,24.41,1014.09,68.29
2026-01-01 13:53:00,AWS_003,24.75,1011.94,73.83
2026-01-01 13:54:00,AWS_003,24.83,1012.25,74.96
2026-01-01 13:55:00,AWS_003,25.19,1011.51,71.63
2026-01-01 13:56:00,AWS_003,24.32,1012.27,70.61
2026-01-01 13:57:00,AWS_003,24.59,1012.24,70.43
2026-01-01 13:58:00,AWS_003,25.38,1012.84,67.5
2026-01-01 13:59:00,AWS_003,25.2,1012.36,70.38
2026-01-01 14:00:00,AWS_003,24.5,1011.58,70.08
2026-01-01 14:01:00,AWS_003,24.73,1012.2,69.77
2026-01-01 14:02:00,AWS_003,25.52,1011.46,71.87
2026-01-01 14:03:00,AWS_003,24.24,1012.43,71.4
2026-01-01 14:04:00,AWS_003,23.93,1011.54,72.75
2026-01-01 14:05:00,AWS_003,24.46,1010.87,70.34
2026-01-01 14:06:00,AWS_003,24.62,1011.08,72.48
2026-01-01 14:07:00,AWS_003,24.32,1011.04,71.33
2026-01-01 14:08:00,AWS_003,25.01,1011.56,72.55
2026-01-01 14:09:00,AWS_003,24.69,1011.3,71.25
2026-01-01 14:10:00,AWS_003,24.34,1011.96,75.0
2026-01-01 14:11:00,AWS_003,24.35,1011.66,66.61
2026-01-01 14:12:00,AWS_003,24.25,1012.38,72.79
2026-01-01 14:13:00,AWS_003,24.86,1012.27,73.29
2026-01-01 14:14:00,AWS_003,24.32,1011.71,69.09
2026-01-01 14:15:00,AWS_003,24.01,1012.96,75.32
2026-01-01 14:16:00,AWS_003,24.86,1011.22,71.76
2026-01-01 14:17:00,AWS_003,24.34,1012.76,71.5
2026-01-01 14:18:00,AWS_003,23.89,1012.08,72.54
2026-01-01 14:19:00,AWS_003,25.1,1011.64,73.61
2026-01-01 14:20:00,AWS_003,24.65,1012.85,72.15
2026-01-01 14:21:00,AWS_003,24.4,1012.39,72.13
2026-01-01 14:22:00,AWS_003,24.28,1011.08,73.64
2026-01-01 14:23:00,AWS_003,24.24,1012.23,73.95
2026-01-01 14:24:00,AWS_003,24.21,1012.23,72.73
2026-01-01 14:25:00,AWS_003,24.2,1012.74,69.0
2026-01-01 14:26:00,AWS_003,24.06,1012.4,70.1
2026-01-01 14:27:00,AWS_003,24.24,1012.46,74.35
2026-01-01 14:28:00,AWS_003,24.02,1011.57,71.67
2026-01-01 14:29:00,AWS_003,24.33,1011.76,71.07
2026-01-01 14:30:00,AWS_003,24.22,1011.72,73.19
2026-01-01 14:31:00,AWS_003,23.93,1010.64,72.98
2026-01-01 14:32:00,AWS_003,24.16,1012.95,71.95
2026-01-01 14:33:00,AWS_003,24.39,1011.02,73.92
2026-01-01 14:34:00,AWS_003,23.25,1012.13,69.93
2026-01-01 14:35:00,AWS_003,24.37,1011.64,69.05
2026-01-01 14:36:00,AWS_003,23.63,1011.71,75.56
2026-01-01 14:37:00,AWS_003,23.92,1012.44,70.35
2026-01-01 14:38:00,AWS_003,22.96,1011.28,69.68
2026-01-01 14:39:00,AWS_003,24.3,1012.26,72.02
2026-01-01 14:40:00,AWS_003,23.76,1012.27,72.65
2026-01-01 14:41:00,AWS_003,23.84,1011.27,71.8
2026-01-01 14:42:00,AWS_003,24.06,1012.62,72.34
2026-01-01 14:43:00,AWS_003,23.22,1012.98,69.99
2026-01-01 14:44:00,AWS_003,24.01,1013.5,74.3
2026-01-01 14:45:00,AWS_003,24.23,1011.67,69.85
2026-01-01 14:46:00,AWS_003,24.03,1012.03,73.0
2026-01-01 14:47:00,AWS_003,23.78,1012.07,73.46
2026-01-01 14:48:00,AWS_003,23.94,1012.4,74.33
2026-01-01 14:49:00,AWS_003,23.88,1013.26,73.52
2026-01-01 14:50:00,AWS_003,24.19,1012.25,70.93
2026-01-01 14:51:00,AWS_003,24.38,1012.27,72.32
2026-01-01 14:52:00,AWS_003,23.69,1010.98,71.78
2026-01-01 14:53:00,AWS_003,23.94,1013.49,70.08
2026-01-01 14:54:00,AWS_003,23.56,1011.47,74.13
2026-01-01 14:55:00,AWS_003,23.98,1009.72,71.78
2026-01-01 14:56:00,AWS_003,23.98,1010.02,73.63
2026-01-01 14:57:00,AWS_003,23.71,1012.1,73.15
2026-01-01 14:58:00,AWS_003,23.97,1010.82,71.14
2026-01-01 14:59:00,AWS_003,23.75,1011.88,71.04
2026-01-01 15:00:00,AWS_003,23.71,1010.63,72.82
2026-01-01 15:01:00,AWS_003,23.37,1012.07,70.9
2026-01-01 15:02:00,AWS_003,23.77,1012.27,75.54
2026-01-01 15:03:00,AWS_003,23.46,1011.96,76.29
2026-01-01 15:04:00,AWS_003,24.02,1011.26,75.2
2026-01-01 15:05:00,AWS_003,23.32,1012.52,74.37
2026-01-01 15:06:00,AWS_003,23.75,1011.49,73.83
2026-01-01 15:07:00,AWS_003,23.52,1011.66,71.64
2026-01-01 15:08:00,AWS_003,23.72,1011.4,75.43
2026-01-01 15:09:00,AWS_003,23.57,1011.59,76.55
2026-01-01 15:10:00,AWS_003,23.26,1013.29,73.17
2026-01-01 15:11:00,AWS_003,24.01,1011.79,73.81
2026-01-01 15:12:00,AWS_003,23.2,1010.77,72.3
2026-01-01 15:13:00,AWS_003,23.8,1011.02,73.29
2026-01-01 15:14:00,AWS_003,22.85,1011.56,71.47
2026-01-01 15:15:00,AWS_003,23.39,1011.14,73.44
2026-01-01 15:16:00,AWS_003,24.11,1012.53,74.92
2026-01-01 15:17:00,AWS_003,23.37,1010.64,74.74
2026-01-01 15:18:00,AWS_003,23.51,1011.67,74.63
2026-01-01 15:19:00,AWS_003,24.09,1012.57,69.28
2026-01-01 15:20:00,AWS_003,23.38,1011.26,74.29
2026-01-01 15:21:00,AWS_003,23.53,1012.11,75.45
2026-01-01 15:22:00,AWS_003,23.65,1011.72,74.24
2026-01-01 15:23:00,AWS_003,22.85,1011.72,76.56
2026-01-01 15:24:00,AWS_003,23.19,1012.15,74.13
2026-01-01 15:25:00,AWS_003,23.42,1010.25,75.15
2026-01-01 15:26:00,AWS_003,22.72,1012.7,72.39
2026-01-01 15:27:00,AWS_003,23.89,1010.22,75.6
2026-01-01 15:28:00,AWS_003,23.63,1012.64,76.03
2026-01-01 15:29:00,AWS_003,23.56,1012.07,73.06
2026-01-01 15:30:00,AWS_003,23.83,1012.1,71.66
2026-01-01 15:31:00,AWS_003,23.58,1013.01,73.65
2026-01-01 15:32:00,AWS_003,23.18,1012.66,72.59
2026-01-01 15:33:00,AWS_003,22.61,1012.36,75.81
2026-01-01 15:34:00,AWS_003,22.98,1011.47,73.67
2026-01-01 15:35:00,AWS_003,22.98,1011.41,76.11
2026-01-01 15:36:00,AWS_003,23.47,1012.37,71.58
2026-01-01 15:37:00,AWS_003,23.24,1012.06,73.08
2026-01-01 15:38:00,AWS_003,22.57,1011.93,73.24
2026-01-01 15:39:00,AWS_003,23.53,1011.64,75.35
2026-01-01 15:40:00,AWS_003,23.71,1011.36,70.68
2026-01-01 15:41:00,AWS_003,23.75,1010.57,74.31
2026-01-01 15:42:00,AWS_003,22.7,1012.19,74.16
2026-01-01 15:43:00,AWS_003,23.26,1011.53,75.64
2026-01-01 15:44:00,AWS_003,22.72,1011.47,75.05
2026-01-01 15:45:00,AWS_003,23.89,1010.21,73.07
2026-01-01 15:46:00,AWS_003,23.11,1011.73,70.49
2026-01-01 15:47:00,AWS_003,22.94,1010.56,73.49
2026-01-01 15:48:00,AWS_003,22.85,1011.3,72.53
2026-01-01 15:49:00,AWS_003,23.2,1012.28,72.68
2026-01-01 15:50:00,AWS_003,23.26,1011.69,73.65
2026-01-01 15:51:00,AWS_003,22.38,1011.55,76.78
2026-01-01 15:52:00,AWS_003,23.59,1011.05,72.64
2026-01-01 15:53:00,AWS_003,23.21,1011.19,71.49
2026-01-01 15:54:00,AWS_003,23.56,1012.89,74.07
2026-01-01 15:55:00,AWS_003,23.68,1012.24,74.7
2026-01-01 15:56:00,AWS_003,22.94,1011.25,74.6
2026-01-01 15:57:00,AWS_003,23.31,1011.53,73.99
2026-01-01 15:58:00,AWS_003,22.73,1011.81,74.85
2026-01-01 15:59:00,AWS_003,22.76,1011.95,75.8
2026-01-01 16:00:00,AWS_003,23.57,1011.58,73.65
2026-01-01 16:01:00,AWS_003,22.63,1010.18,77.42
2026-01-01 16:02:00,AWS_003,23.0,1011.56,75.08
2026-01-01 16:03:00,AWS_003,22.54,1011.51,77.43
2026-01-01 16:04:00,AWS_003,22.63,1013.23,76.02
2026-01-01 16:05:00,AWS_003,22.68,1013.73,73.0
2026-01-01 16:06:00,AWS_003,23.45,1012.09,71.64
2026-01-01 16:07:00,AWS_003,23.07,1011.03,77.7
2026-01-01 16:08:00,AWS_003,23.19,1012.11,73.77
2026-01-01 16:09:00,AWS_003,22.12,1010.2,75.43
2026-01-01 16:10:00,AWS_003,22.85,1011.13,74.44
2026-01-01 16:11:00,AWS_003,22.67,1010.25,78.35
2026-01-01 16:12:00,AWS_003,23.01,1011.99,75.54
2026-01-01 16:13:00,AWS_003,23.77,1010.57,72.96
2026-01-01 16:14:00,AWS_003,21.84,1011.31,75.21
2026-01-01 16:15:00,AWS_003,22.94,1011.5,78.01
2026-01-01 16:16:00,AWS_003,23.66,1011.5,74.05
2026-01-01 16:17:00,AWS_003,22.56,1011.14,72.68
2026-01-01 16:18:00,AWS_003,22.82,1011.79,77.29
2026-01-01 16:19:00,AWS_003,23.02,1010.51,73.9
2026-01-01 16:20:00,AWS_003,21.88,1012.9,72.48
2026-01-01 16:21:00,AWS_003,22.83,1010.68,74.01
2026-01-01 16:22:00,AWS_003,22.4,1011.53,76.36
2026-01-01 16:23:00,AWS_003,23.53,1011.99,76.71
2026-01-01 16:24:00,AWS_003,22.62,1012.04,76.65
2026-01-01 16:25:00,AWS_003,22.41,1012.1,73.83
2026-01-01 16:26:00,AWS_003,23.02,1010.21,77.7
2026-01-01 16:27:00,AWS_003,22.87,1010.74,77.39
2026-01-01 16:28:00,AWS_003,23.03,1011.58,76.91
2026-01-01 16:29:00,AWS_003,23.42,1011.85,73.86
2026-01-01 16:30:00,AWS_003,22.42,1012.47,74.78
2026-01-01 16:31:00,AWS_003,23.33,1011.04,76.67
2026-01-01 16:32:00,AWS_003,23.38,1010.73,77.22
2026-01-01 16:33:00,AWS_003,22.32,1011.01,74.05
2026-01-01 16:34:00,AWS_003,22.35,1013.25,79.6
2026-01-01 16:35:00,AWS_003,22.63,1012.64,75.84
2026-01-01 16:36:00,AWS_003,22.52,1011.3,78.04
2026-01-01 16:37:00,AWS_003,23.28,1012.45,73.68
2026-01-01 16:38:00,AWS_003,22.24,1010.96,76.59
2026-01-01 16:39:00,AWS_003,22.68,1012.18,73.67
2026-01-01 16:40:00,AWS_003,22.26,1010.31,76.52
2026-01-01 16:41:00,AWS_003,22.61,1011.69,77.16
2026-01-01 16:42:00,AWS_003,23.41,1012.22,77.29
2026-01-01 16:43:00,AWS_003,23.28,1011.13,74.79
2026-01-01 16:44:00,AWS_003,22.69,1011.88,72.65
2026-01-01 16:45:00,AWS_003,22.79,1010.94,76.95
2026-01-01 16:46:00,AWS_003,22.72,1011.62,75.52
2026-01-01 16:47:00,AWS_003,22.4,1010.99,75.54
2026-01-01 16:48:00,AWS_003,23.28,1012.03,74.51
2026-01-01 16:49:00,AWS_003,23.04,1010.35,76.26
2026-01-01 16:50:00,AWS_003,22.59,1010.55,76.38
2026-01-01 16:51:00,AWS_003,22.41,1012.4,78.51
2026-01-01 16:52:00,AWS_003,22.43,1009.38,72.38
2026-01-01 16:53:00,AWS_003,22.62,1010.83,73.79
2026-01-01 16:54:00,AWS_003,22.46,1011.23,77.37
2026-01-01 16:55:00,AWS_003,22.92,1011.62,72.06
2026-01-01 16:56:00,AWS_003,22.65,1010.95,75.03
2026-01-01 16:57:00,AWS_003,22.08,1010.42,81.24
2026-01-01 16:58:00,AWS_003,21.99,1012.3,75.95
2026-01-01 16:59:00,AWS_003,22.84,1012.16,77.92
2026-01-01 17:00:00,AWS_003,21.98,1011.0,73.17
2026-01-01 17:01:00,AWS_003,22.29,1009.87,77.94
2026-01-01 17:02:00,AWS_003,22.25,1011.54,75.8
2026-01-01 17:03:00,AWS_003,21.93,1011.44,77.15
2026-01-01 17:04:00,AWS_003,22.54,1010.75,77.7
2026-01-01 17:05:00,AWS_003,22.36,1009.72,75.57
2026-01-01 17:06:00,AWS_003,22.15,1011.06,77.58
2026-01-01 17:07:00,AWS_003,23.24,1011.88,74.38
2026-01-01 17:08:00,AWS_003,21.42,1012.0,76.74
2026-01-01 17:09:00,AWS_003,22.05,1011.22,77.68
2026-01-01 17:10:00,AWS_003,22.16,1010.76,75.58
2026-01-01 17:11:00,AWS_003,21.84,1011.84,74.74
2026-01-01 17:12:00,AWS_003,23.28,1010.33,75.77
2026-01-01 17:13:00,AWS_003,23.27,1010.15,78.87
2026-01-01 17:14:00,AWS_003,22.1,1011.16,78.57
2026-01-01 17:15:00,AWS_003,22.87,1012.46,78.23
2026-01-01 17:16:00,AWS_003,22.6,1012.49,79.8
2026-01-01 17:17:00,AWS_003,23.02,1010.16,76.8
2026-01-01 17:18:00,AWS_003,22.31,1010.86,77.15
2026-01-01 17:19:00,AWS_003,22.52,1013.15,72.82
2026-01-01 17:20:00,AWS_003,22.91,1010.65,75.0
2026-01-01 17:21:00,AWS_003,22.84,1012.49,77.85
2026-01-01 17:22:00,AWS_003,22.4,1011.97,78.57
2026-01-01 17:23:00,AWS_003,21.96,1012.13,74.26
2026-01-01 17:24:00,AWS_003,22.03,1010.82,76.67
2026-01-01 17:25:00,AWS_003,21.59,1010.84,81.18
2026-01-01 17:26:00,AWS_003,22.64,1010.44,76.69
2026-01-01 17:27:00,AWS_003,22.41,1011.8,79.77
2026-01-01 17:28:00,AWS_003,22.43,1009.84,77.58
2026-01-01 17:29:00,AWS_003,22.3,1011.02,78.01
2026-01-01 17:30:00,AWS_003,21.85,1012.45,75.08
2026-01-01 17:31:00,AWS_003,22.43,1011.61,73.69
2026-01-01 17:32:00,AWS_003,22.55,1011.93,78.36
2026-01-01 17:33:00,AWS_003,21.96,1009.81,77.53
2026-01-01 17:34:00,AWS_003,22.29,1010.32,77.04
2026-01-01 17:35:00,AWS_003,22.04,1012.06,74.27
2026-01-01 17:36:00,AWS_003,22.21,1011.21,76.22
2026-01-01 17:37:00,AWS_003,21.84,1010.27,75.71
2026-01-01 17:38:00,AWS_003,22.18,1011.6,75.91
2026-01-01 17:39:00,AWS_003,22.94,1010.66,77.41
2026-01-01 17:40:00,AWS_003,22.09,1013.11,78.37
2026-01-01 17:41:00,AWS_003,22.01,1011.56,77.53
2026-01-01 17:42:00,AWS_003,22.04,1010.33,77.35
2026-01-01 17:43:00,AWS_003,22.21,1011.77,77.19
2026-01-01 17:44:00,AWS_003,23.0,1012.35,76.62
2026-01-01 17:45:00,AWS_003,22.84,1011.05,75.31
2026-01-01 17:46:00,AWS_003,22.22,1010.43,77.07
2026-01-01 17:47:00,AWS_003,22.02,1011.08,78.48
2026-01-01 17:48:00,AWS_003,21.57,1010.55,76.75
2026-01-01 17:49:00,AWS_003,21.91,1010.82,75.15
2026-01-01 17:50:00,AWS_003,21.48,1009.91,74.6
2026-01-01 17:51:00,AWS_003,22.57,1011.72,75.08
2026-01-01 17:52:00,AWS_003,22.81,1010.09,74.71
2026-01-01 17:53:00,AWS_003,22.12,1011.49,82.78
2026-01-01 17:54:00,AWS_003,22.42,1010.76,75.24
2026-01-01 17:55:00,AWS_003,21.83,1011.17,76.92
2026-01-01 17:56:00,AWS_003,21.49,1010.61,76.82
2026-01-01 17:57:00,AWS_003,22.29,1011.14,79.83
2026-01-01 17:58:00,AWS_003,22.42,1011.32,77.86
2026-01-01 17:59:00,AWS_003,22.95,1010.69,77.85
2026-01-01 18:00:00,AWS_003,23.09,1009.58,77.35
2026-01-01 18:01:00,AWS_003,22.16,1011.23,77.55
2026-01-01 18:02:00,AWS_003,22.63,1011.26,77.64
2026-01-01 18:03:00,AWS_003,22.4,1009.8,75.74
2026-01-01 18:04:00,AWS_003,22.27,1010.15,75.16
2026-01-01 18:05:00,AWS_003,22.26,1010.65,77.11
2026-01-01 18:06:00,AWS_003,22.21,1009.09,75.92
2026-01-01 18:07:00,AWS_003,22.23,1011.49,77.36
2026-01-01 18:08:00,AWS_003,22.93,1010.52,74.83
2026-01-01 18:09:00,AWS_003,22.36,1011.14,74.04
2026-01-01 18:10:00,AWS_003,22.97,1010.05,74.43
2026-01-01 18:11:00,AWS_003,21.92,1012.51,76.84
2026-01-01 18:12:00,AWS_003,21.14,1009.75,73.75
2026-01-01 18:13:00,AWS_003,22.09,1010.48,80.88
2026-01-01 18:14:00,AWS_003,21.94,1011.83,80.88
2026-01-01 18:15:00,AWS_003,21.68,1009.95,78.75
2026-01-01 18:16:00,AWS_003,22.8,1010.94,76.23
2026-01-01 18:17:00,AWS_003,21.75,1011.36,76.0
2026-01-01 18:18:00,AWS_003,22.52,1009.64,77.56
2026-01-01 18:19:00,AWS_003,23.09,1010.31,78.15
2026-01-01 18:20:00,AWS_003,21.83,1010.99,77.55
2026-01-01 18:21:00,AWS_003,22.2,1011.19,74.33
2026-01-01 18:22:00,AWS_003,22.83,1010.17,76.56
2026-01-01 18:23:00,AWS_003,22.13,1012.29,78.01
2026-01-01 18:24:00,AWS_003,22.43,1011.2,72.21
2026-01-01 18:25:00,AWS_003,22.55,1011.43,74.72
2026-01-01 18:26:00,AWS_003,22.37,1011.37,77.97
2026-01-01 18:27:00,AWS_003,22.12,1009.54,76.29
2026-01-01 18:28:00,AWS_003,21.99,1010.69,76.29
2026-01-01 18:29:00,AWS_003,21.87,1010.77,79.12
2026-01-01 18:30:00,AWS_003,22.55,1010.57,76.79
2026-01-01 18:31:00,AWS_003,22.05,1010.93,75.94
2026-01-01 18:32:00,AWS_003,22.8,1009.07,76.27
2026-01-01 18:33:00,AWS_003,22.96,1010.85,76.32
2026-01-01 18:34:00,AWS_003,21.86,1010.5,75.2
2026-01-01 18:35:00,AWS_003,22.62,1009.05,76.42
2026-01-01 18:36:00,AWS_003,23.15,1011.07,74.57
2026-01-01 18:37:00,AWS_003,21.99,1009.78,76.18
2026-01-01 18:38:00,AWS_003,22.82,1010.41,75.8
2026-01-01 18:39:00,AWS_003,22.57,1010.51,77.29
2026-01-01 18:40:00,AWS_003,22.73,1009.23,79.85
2026-01-01 18:41:00,AWS_003,22.05,1009.31,77.33
2026-01-01 18:42:00,AWS_003,23.11,1011.13,77.01
2026-01-01 18:43:00,AWS_003,22.09,1010.2,77.26
2026-01-01 18:44:00,AWS_003,22.62,1010.36,75.05
2026-01-01 18:45:00,AWS_003,22.34,1010.73,78.17
2026-01-01 18:46:00,AWS_003,22.58,1009.26,77.57
2026-01-01 18:47:00,AWS_003,21.98,1010.33,76.66
2026-01-01 18:48:00,AWS_003,21.89,1010.56,77.45
2026-01-01 18:49:00,AWS_003,22.5,1012.06,77.38
2026-01-01 18:50:00,AWS_003,22.24,1009.9,77.37
2026-01-01 18:51:00,AWS_003,22.23,1011.26,78.69
2026-01-01 18:52:00,AWS_003,22.62,1010.62,75.18
2026-01-01 18:53:00,AWS_003,21.8,1009.71,79.3
2026-01-01 18:54:00,AWS_003,22.89,1010.1,73.46
2026-01-01 18:55:00,AWS_003,22.46,1011.3,77.98
2026-01-01 18:56:00,AWS_003,22.72,1011.22,76.98
2026-01-01 18:57:00,AWS_003,22.63,1010.17,74.7
2026-01-01 18:58:00,AWS_003,22.66,1010.86,78.68
2026-01-01 18:59:00,AWS_003,21.95,1009.75,72.98
2026-01-01 19:00:00,AWS_003,22.91,1010.43,79.84
2026-01-01 19:01:00,AWS_003,22.55,1010.22,81.09
2026-01-01 19:02:00,AWS_003,22.26,1011.3,76.24
2026-01-01 19:03:00,AWS_003,22.41,1010.92,74.49
2026-01-01 19:04:00,AWS_003,22.61,1010.0,75.38
2026-01-01 19:05:00,AWS_003,22.54,1010.07,78.47
2026-01-01 19:06:00,AWS_003,22.71,1010.5,75.86
2026-01-01 19:07:00,AWS_003,23.14,1010.39,70.62
2026-01-01 19:08:00,AWS_003,22.07,1010.29,77.24
2026-01-01 19:09:00,AWS_003,22.79,1010.23,78.25
2026-01-01 19:10:00,AWS_003,22.46,1011.6,77.47
2026-01-01 19:11:00,AWS_003,22.96,1010.13,77.78
2026-01-01 19:12:00,AWS_003,23.16,1010.73,79.62
2026-01-01 19:13:00,AWS_003,22.6,1012.42,75.97
2026-01-01 19:14:00,AWS_003,22.78,1009.79,79.82
2026-01-01 19:15:00,AWS_003,23.02,1010.62,76.05
2026-01-01 19:16:00,AWS_003,22.94,1010.65,78.6
2026-01-01 19:17:00,AWS_003,23.05,1010.44,76.04
2026-01-01 19:18:00,AWS_003,22.44,1010.48,80.39
2026-01-01 19:19:00,AWS_003,22.36,1009.73,77.59
2026-01-01 19:20:00,AWS_003,22.12,1010.72,76.08
2026-01-01 19:21:00,AWS_003,22.5,1008.95,73.86
2026-01-01 19:22:00,AWS_003,22.55,1011.85,76.65
2026-01-01 19:23:00,AWS_003,22.54,1011.78,74.58
2026-01-01 19:24:00,AWS_003,22.8,1010.14,77.08
2026-01-01 19:25:00,AWS_003,22.82,1011.23,77.5
2026-01-01 19:26:00,AWS_003,22.59,1010.15,78.25
2026-01-01 19:27:00,AWS_003,22.76,1010.39,77.22
2026-01-01 19:28:00,AWS_003,22.96,1009.83,76.29
2026-01-01 19:29:00,AWS_003,22.32,1011.02,78.76
2026-01-01 19:30:00,AWS_003,23.02,1009.89,78.97
2026-01-01 19:31:00,AWS_003,22.41,1010.98,73.96
2026-01-01 19:32:00,AWS_003,23.24,1010.31,79.57
2026-01-01 19:33:00,AWS_003,22.74,1010.32,78.48
2026-01-01 19:34:00,AWS_003,22.71,1009.13,74.3
2026-01-01 19:35:00,AWS_003,21.98,1010.37,72.23
2026-01-01 19:36:00,AWS_003,22.96,1009.4,78.37
2026-01-01 19:37:00,AWS_003,22.75,1010.36,76.35
2026-01-01 19:38:00,AWS_003,22.79,1011.85,75.01
2026-01-01 19:39:00,AWS_003,22.69,1009.18,76.53
2026-01-01 19:40:00,AWS_003,22.99,1010.17,78.25
2026-01-01 19:41:00,AWS_003,23.08,1009.77,71.79
2026-01-01 19:42:00,AWS_003,22.95,1009.44,76.08
2026-01-01 19:43:00,AWS_003,23.29,1009.63,75.92
2026-01-01 19:44:00,AWS_003,22.49,1011.43,78.78
2026-01-01 19:45:00,AWS_003,22.55,1011.64,77.42
2026-01-01 19:46:00,AWS_003,22.96,1009.4,77.38
2026-01-01 19:47:00,AWS_003,23.07,1010.55,74.83
2026-01-01 19:48:00,AWS_003,23.02,1009.49,77.03
2026-01-01 19:49:00,AWS_003,22.31,1009.67,74.7
2026-01-01 19:50:00,AWS_003,22.35,1008.57,75.43
2026-01-01 19:51:00,AWS_003,22.77,1011.91,76.77
2026-01-01 19:52:00,AWS_003,22.14,1011.07,75.77
2026-01-01 19:53:00,AWS_003,22.97,1009.67,76.2
2026-01-01 19:54:00,AWS_003,22.85,1010.41,78.17
2026-01-01 19:55:00,AWS_003,22.52,1009.85,74.79
2026-01-01 19:56:00,AWS_003,22.68,1010.92,73.42
2026-01-01 19:57:00,AWS_003,22.95,1009.88,73.66
2026-01-01 19:58:00,AWS_003,22.32,1009.99,73.2
2026-01-01 19:59:00,AWS_003,22.69,1009.61,78.63
2026-01-01 20:00:00,AWS_003,22.83,1010.62,76.7
2026-01-01 20:01:00,AWS_003,22.83,1011.89,77.51
2026-01-01 20:02:00,AWS_003,22.85,1009.89,77.12
2026-01-01 20:03:00,AWS_003,23.52,1009.88,74.92
2026-01-01 20:04:00,AWS_003,23.36,1010.08,78.55
2026-01-01 20:05:00,AWS_003,22.74,1010.3,73.88
2026-01-01 20:06:00,AWS_003,22.59,1009.85,79.26
2026-01-01 20:07:00,AWS_003,22.85,1009.77,75.45
2026-01-01 20:08:00,AWS_003,23.52,1010.14,78.75
2026-01-01 20:09:00,AWS_003,22.19,1008.67,73.05
2026-01-01 20:10:00,AWS_003,23.09,1009.62,74.26
2026-01-01 20:11:00,AWS_003,22.94,1008.45,71.89
2026-01-01 20:12:00,AWS_003,23.56,1009.65,77.15
2026-01-01 20:13:00,AWS_003,23.48,1009.28,75.54
2026-01-01 20:14:00,AWS_003,22.51,1010.53,79.04
2026-01-01 20:15:00,AWS_003,23.59,1009.43,74.01
2026-01-01 20:16:00,AWS_003,22.19,1009.72,77.62
2026-01-01 20:17:00,AWS_003,23.38,1008.29,75.08
2026-01-01 20:18:00,AWS_003,23.43,1010.81,74.7
2026-01-01 20:19:00,AWS_003,23.84,1009.12,74.28
2026-01-01 20:20:00,AWS_003,23.26,1009.6,73.14
2026-01-01 20:21:00,AWS_003,22.92,1010.6,75.55
2026-01-01 20:22:00,AWS_003,22.8,1010.59,75.19
2026-01-01 20:23:00,AWS_003,23.8,1009.07,71.59
2026-01-01 20:24:00,AWS_003,23.9,1010.37,69.69
2026-01-01 20:25:00,AWS_003,23.06,1009.02,74.05
2026-01-01 20:26:00,AWS_003,23.26,1010.12,76.97
2026-01-01 20:27:00,AWS_003,23.81,1009.3,75.06
2026-01-01 20:28:00,AWS_003,23.58,1009.11,71.98
2026-01-01 20:29:00,AWS_003,23.21,1009.94,71.0
2026-01-01 20:30:00,AWS_003,23.0,1009.32,76.83
2026-01-01 20:31:00,AWS_003,22.98,1011.51,71.18
2026-01-01 20:32:00,AWS_003,23.71,1009.39,75.97
2026-01-01 20:33:00,AWS_003,23.2,1008.93,75.56
2026-01-01 20:34:00,AWS_003,23.19,1009.15,77.66
2026-01-01 20:35:00,AWS_003,23.61,1009.85,73.1
2026-01-01 20:36:00,AWS_003,23.42,1009.95,76.2
2026-01-01 20:37:00,AWS_003,23.55,1010.1,77.09
2026-01-01 20:38:00,AWS_003,23.28,1010.57,71.59
2026-01-01 20:39:00,AWS_003,23.28,1008.5,74.49
2026-01-01 20:40:00,AWS_003,23.15,1010.59,74.11
2026-01-01 20:41:00,AWS_003,23.74,1009.09,72.03
2026-01-01 20:42:00,AWS_003,23.5,1010.13,74.65
2026-01-01 20:43:00,AWS_003,23.6,1011.18,71.75
2026-01-01 20:44:00,AWS_003,23.09,1009.15,74.82
2026-01-01 20:45:00,AWS_003,23.79,1009.11,78.37
2026-01-01 20:46:00,AWS_003,23.65,1008.96,73.58
2026-01-01 20:47:00,AWS_003,23.83,1009.5,73.76
2026-01-01 20:48:00,AWS_003,23.69,1010.77,76.75
2026-01-01 20:49:00,AWS_003,23.68,1008.86,76.4
2026-01-01 20:50:00,AWS_003,22.85,1009.35,72.61
2026-01-01 20:51:00,AWS_003,24.05,1010.52,75.19
2026-01-01 20:52:00,AWS_003,23.08,1010.23,67.87
2026-01-01 20:53:00,AWS_003,24.04,1009.32,71.73
2026-01-01 20:54:00,AWS_003,23.61,1009.54,75.84
2026-01-01 20:55:00,AWS_003,23.01,1010.44,72.65
2026-01-01 20:56:00,AWS_003,23.64,1010.96,73.23
2026-01-01 20:57:00,AWS_003,23.09,1011.05,71.75
2026-01-01 20:58:00,AWS_003,24.15,1010.79,71.39
2026-01-01 20:59:00,AWS_003,23.51,1009.14,68.53
2026-01-01 21:00:00,AWS_003,23.32,1011.12,72.76
2026-01-01 21:01:00,AWS_003,24.01,1009.07,74.38
2026-01-01 21:02:00,AWS_003,23.75,1008.33,73.9
2026-01-01 21:03:00,AWS_003,23.99,1009.73,71.71
2026-01-01 21:04:00,AWS_003,23.75,1010.81,70.48
2026-01-01 21:05:00,AWS_003,24.27,1010.16,72.55
2026-01-01 21:06:00,AWS_003,23.67,1009.56,70.6
2026-01-01 21:07:00,AWS_003,23.21,1009.84,71.69
2026-01-01 21:08:00,AWS_003,23.42,1010.03,73.44
2026-01-01 21:09:00,AWS_003,24.05,1009.71,71.4
2026-01-01 21:10:00,AWS_003,23.63,1009.35,75.68
2026-01-01 21:11:00,AWS_003,24.42,1008.98,70.98
2026-01-01 21:12:00,AWS_003,23.46,1009.66,71.82
2026-01-01 21:13:00,AWS_003,24.35,1009.46,74.69
2026-01-01 21:14:00,AWS_003,23.78,1009.55,74.33
2026-01-01 21:15:00,AWS_003,24.5,1010.38,73.95
2026-01-01 21:16:00,AWS_003,24.19,1009.34,71.6
2026-01-01 21:17:00,AWS_003,24.08,1009.36,74.0
2026-01-01 21:18:00,AWS_003,24.29,1009.67,74.38
2026-01-01 21:19:00,AWS_003,24.53,1011.61,73.64
2026-01-01 21:20:00,AWS_003,24.03,1008.63,72.65
2026-01-01 21:21:00,AWS_003,23.32,1010.37,73.83
2026-01-01 21:22:00,AWS_003,24.57,1009.25,72.48
2026-01-01 21:23:00,AWS_003,24.0,1009.43,73.4
2026-01-01 21:24:00,AWS_003,25.15,1008.42,72.7
2026-01-01 21:25:00,AWS_003,23.9,1010.97,69.49
2026-01-01 21:26:00,AWS_003,24.0,1009.63,71.3
2026-01-01 21:27:00,AWS_003,24.47,1009.97,76.59
2026-01-01 21:28:00,AWS_003,24.5,1008.24,68.51
2026-01-01 21:29:00,AWS_003,24.38,1008.91,75.45
2026-01-01 21:30:00,AWS_003,24.0,1009.75,73.56
2026-01-01 21:31:00,AWS_003,23.78,1009.28,72.33
2026-01-01 21:32:00,AWS_003,23.99,1009.76,68.86
2026-01-01 21:33:00,AWS_003,23.67,1011.08,72.18
2026-01-01 21:34:00,AWS_003,25.12,1009.79,70.65
2026-01-01 21:35:00,AWS_003,23.9,1009.02,74.47
2026-01-01 21:36:00,AWS_003,24.21,1008.85,70.72
2026-01-01 21:37:00,AWS_003,24.62,1008.75,71.46
2026-01-01 21:38:00,AWS_003,24.37,1009.01,72.46
2026-01-01 21:39:00,AWS_003,24.15,1009.04,70.64
2026-01-01 21:40:00,AWS_003,24.34,1009.43,73.8
2026-01-01 21:41:00,AWS_003,24.18,1009.75,71.25
2026-01-01 21:42:00,AWS_003,24.34,1009.67,68.04
2026-01-01 21:43:00,AWS_003,24.61,1009.42,72.06
2026-01-01 21:44:00,AWS_003,24.06,1009.47,73.33
2026-01-01 21:45:00,AWS_003,24.92,1011.32,74.54
2026-01-01 21:46:00,AWS_003,24.54,1008.71,72.73
2026-01-01 21:47:00,AWS_003,24.29,1009.25,73.89
2026-01-01 21:48:00,AWS_003,24.42,1007.84,72.52
2026-01-01 21:49:00,AWS_003,25.03,1008.96,69.57
2026-01-01 21:50:00,AWS_003,24.91,1008.53,69.89
2026-01-01 21:51:00,AWS_003,24.7,1008.66,66.81
2026-01-01 21:52:00,AWS_003,24.38,1008.29,70.93
2026-01-01 21:53:00,AWS_003,24.87,1008.15,72.62
2026-01-01 21:54:00,AWS_003,24.66,1009.32,68.11
2026-01-01 21:55:00,AWS_003,25.37,1009.78,73.81
2026-01-01 21:56:00,AWS_003,24.68,1008.59,70.97
2026-01-01 21:57:00,AWS_003,25.39,1007.57,69.34
2026-01-01 21:58:00,AWS_003,24.81,1009.28,67.92
2026-01-01 21:59:00,AWS_003,24.34,1009.55,74.37
2026-01-01 22:00:00,AWS_003,26.09,1009.71,73.36
2026-01-01 22:01:00,AWS_003,24.21,1008.34,70.15
2026-01-01 22:02:00,AWS_003,24.02,1008.67,72.77
2026-01-01 22:03:00,AWS_003,24.0,1008.26,70.44
2026-01-01 22:04:00,AWS_003,25.94,1008.54,69.61
2026-01-01 22:05:00,AWS_003,25.71,1008.5,69.47
2026-01-01 22:06:00,AWS_003,24.94,1008.71,70.26
2026-01-01 22:07:00,AWS_003,25.08,1008.91,69.88
2026-01-01 22:08:00,AWS_003,25.02,1009.19,70.76
2026-01-01 22:09:00,AWS_003,24.23,1008.42,73.8
2026-01-01 22:10:00,AWS_003,25.54,1008.97,75.1
2026-01-01 22:11:00,AWS_003,25.51,1008.35,68.09
2026-01-01 22:12:00,AWS_003,24.51,1007.66,71.37
2026-01-01 22:13:00,AWS_003,25.15,1009.49,70.82
2026-01-01 22:14:00,AWS_003,25.01,1008.52,71.42
2026-01-01 22:15:00,AWS_003,24.97,1007.66,69.41
2026-01-01 22:16:00,AWS_003,24.81,1009.48,71.35
2026-01-01 22:17:00,AWS_003,25.05,1008.83,67.45
2026-01-01 22:18:00,AWS_003,24.91,1009.38,76.93
2026-01-01 22:19:00,AWS_003,25.56,1009.34,70.7
2026-01-01 22:20:00,AWS_003,25.15,1008.12,71.53
2026-01-01 22:21:00,AWS_003,24.9,1009.74,67.79
2026-01-01 22:22:00,AWS_003,25.19,1007.52,68.59
2026-01-01 22:23:00,AWS_003,25.16,1008.66,66.99
2026-01-01 22:24:00,AWS_003,25.16,1008.6,72.79
2026-01-01 22:25:00,AWS_003,25.53,1008.34,67.61
2026-01-01 22:26:00,AWS_003,25.16,1009.93,69.41
2026-01-01 22:27:00,AWS_003,25.07,1009.18,69.45
2026-01-01 22:28:00,AWS_003,24.77,1007.81,70.64
2026-01-01 22:29:00,AWS_003,25.33,1007.91,67.06
2026-01-01 22:30:00,AWS_003,25.85,1010.64,71.31
2026-01-01 22:31:00,AWS_003,25.33,1008.52,72.03
2026-01-01 22:32:00,AWS_003,25.2,1008.26,68.18
2026-01-01 22:33:00,AWS_003,25.11,1009.81,69.37
2026-01-01 22:34:00,AWS_003,24.75,1007.46,70.65
2026-01-01 22:35:00,AWS_003,25.93,1009.98,69.86
2026-01-01 22:36:00,AWS_003,25.67,1008.23,67.3
2026-01-01 22:37:00,AWS_003,25.81,1009.27,70.65
2026-01-01 22:38:00,AWS_003,25.62,1008.46,72.23
2026-01-01 22:39:00,AWS_003,25.22,1007.58,72.17
2026-01-01 22:40:00,AWS_003,25.43,1008.97,70.25
2026-01-01 22:41:00,AWS_003,25.38,1009.58,70.59
2026-01-01 22:42:00,AWS_003,25.43,1006.93,68.23
2026-01-01 22:43:00,AWS_003,25.46,1007.88,67.12
2026-01-01 22:44:00,AWS_003,26.08,1009.79,68.77
2026-01-01 22:45:00,AWS_003,26.47,1009.1,73.39
2026-01-01 22:46:00,AWS_003,25.33,1009.15,67.75
2026-01-01 22:47:00,AWS_003,25.64,1009.51,69.63
2026-01-01 22:48:00,AWS_003,25.81,1009.13,69.46
2026-01-01 22:49:00,AWS_003,25.35,1008.87,67.91
2026-01-01 22:50:00,AWS_003,25.79,1009.64,71.58
2026-01-01 22:51:00,AWS_003,25.93,1008.42,71.74
2026-01-01 22:52:00,AWS_003,25.78,1008.71,73.84
2026-01-01 22:53:00,AWS_003,26.08,1009.38,66.86
2026-01-01 22:54:00,AWS_003,25.85,1008.1,69.22
2026-01-01 22:55:00,AWS_003,24.72,1009.84,68.54
2026-01-01 22:56:00,AWS_003,25.51,1008.92,66.93
2026-01-01 22:57:00,AWS_003,26.48,1007.76,66.92
2026-01-01 22:58:00,AWS_003,26.14,1008.52,68.54
2026-01-01 22:59:00,AWS_003,24.81,1007.56,67.22
2026-01-01 23:00:00,AWS_003,25.37,1008.73,66.15
2026-01-01 23:01:00,AWS_003,26.28,1008.35,68.3
2026-01-01 23:02:00,AWS_003,25.79,1007.95,65.79
2026-01-01 23:03:00,AWS_003,24.96,1007.21,67.02
2026-01-01 23:04:00,AWS_003,26.48,1007.99,68.63
2026-01-01 23:05:00,AWS_003,26.37,1008.47,67.58
2026-01-01 23:06:00,AWS_003,25.77,1008.31,67.29
2026-01-01 23:07:00,AWS_003,26.62,1007.46,71.37
2026-01-01 23:08:00,AWS_003,25.83,1008.6,70.5
2026-01-01 23:09:00,AWS_003,25.92,1007.79,67.81
2026-01-01 23:10:00,AWS_003,25.99,1009.31,65.57
2026-01-01 23:11:00,AWS_003,25.45,1009.42,69.17
2026-01-01 23:12:00,AWS_003,26.39,1008.35,72.55
2026-01-01 23:13:00,AWS_003,26.46,1009.8,70.17
2026-01-01 23:14:00,AWS_003,26.09,1008.42,64.79
2026-01-01 23:15:00,AWS_003,26.58,1007.49,66.95
2026-01-01 23:16:00,AWS_003,25.68,1009.47,65.82
2026-01-01 23:17:00,AWS_003,26.61,1009.8,65.39
2026-01-01 23:18:00,AWS_003,26.49,1009.3,69.46
2026-01-01 23:19:00,AWS_003,26.1,1007.88,69.36
2026-01-01 23:20:00,AWS_003,26.57,1007.49,70.63
2026-01-01 23:21:00,AWS_003,26.07,1008.19,68.39
2026-01-01 23:22:00,AWS_003,26.89,1010.45,66.89
2026-01-01 23:23:00,AWS_003,26.68,1007.52,67.3
2026-01-01 23:24:00,AWS_003,26.63,1009.11,65.07
2026-01-01 23:25:00,AWS_003,26.32,1008.37,69.57
2026-01-01 23:26:00,AWS_003,26.84,1009.19,65.29
2026-01-01 23:27:00,AWS_003,27.03,1007.41,65.9
2026-01-01 23:28:00,AWS_003,27.22,1008.21,66.06
2026-01-01 23:29:00,AWS_003,26.38,1007.69,60.48
2026-01-01 23:30:00,AWS_003,26.94,1007.72,68.3
2026-01-01 23:31:00,AWS_003,27.2,1008.98,64.62
2026-01-01 23:32:00,AWS_003,26.56,1007.48,67.84
2026-01-01 23:33:00,AWS_003,27.24,1008.6,65.51
2026-01-01 23:34:00,AWS_003,26.77,1008.41,65.44
2026-01-01 23:35:00,AWS_003,26.32,1007.59,64.09
2026-01-01 23:36:00,AWS_003,26.46,1007.75,69.03
2026-01-01 23:37:00,AWS_003,26.19,1008.6,69.42
2026-01-01 23:38:00,AWS_003,26.77,1008.31,68.15
2026-01-01 23:39:00,AWS_003,26.75,1008.35,66.63
2026-01-01 23:40:00,AWS_003,26.91,1008.12,66.32
2026-01-01 23:41:00,AWS_003,27.4,1008.06,68.17
2026-01-01 23:42:00,AWS_003,26.87,1008.27,65.69
2026-01-01 23:43:00,AWS_003,26.79,1009.43,68.52
2026-01-01 23:44:00,AWS_003,26.84,1008.7,63.91
2026-01-01 23:45:00,AWS_003,26.2,1008.16,67.75
2026-01-01 23:46:00,AWS_003,27.24,1007.39,68.3
2026-01-01 23:47:00,AWS_003,26.93,1007.91,63.48
2026-01-01 23:48:00,AWS_003,27.04,1007.5,63.95
2026-01-01 23:49:00,AWS_003,26.95,1007.59,65.49
2026-01-01 23:50:00,AWS_003,27.1,1006.73,66.37
2026-01-01 23:51:00,AWS_003,26.55,1008.2,64.24
2026-01-01 23:52:00,AWS_003,27.09,1009.86,65.6
2026-01-01 23:53:00,AWS_003,26.87,1008.35,61.23
2026-01-01 23:54:00,AWS_003,27.15,1008.77,66.84
2026-01-01 23:55:00,AWS_003,26.75,1008.95,66.89
2026-01-01 23:56:00,AWS_003,27.37,1007.94,68.25
2026-01-01 23:57:00,AWS_003,27.21,1007.98,66.3
2026-01-01 23:58:00,AWS_003,26.71,1007.03,64.36
2026-01-01 23:59:00,AWS_003,27.63,1008.3,63.02
2026-01-02 00:00:00,AWS_003,27.06,1008.18,63.37
2026-01-02 00:01:00,AWS_003,27.15,1007.44,64.77
2026-01-02 00:02:00,AWS_003,27.63,1009.04,63.2
2026-01-02 00:03:00,AWS_003,27.76,1007.49,63.31
2026-01-02 00:04:00,AWS_003,27.17,1010.38,64.72
2026-01-02 00:05:00,AWS_003,27.42,1008.41,61.52
2026-01-02 00:06:00,AWS_003,27.67,1008.06,62.7
2026-01-02 00:07:00,AWS_003,27.93,1009.62,65.07
2026-01-02 00:08:00,AWS_003,27.48,1006.24,65.11
2026-01-02 00:09:00,AWS_003,27.65,1007.83,66.26
2026-01-02 00:10:00,AWS_003,27.12,1007.7,64.79
2026-01-02 00:11:00,AWS_003,26.9,1007.89,64.49
2026-01-02 00:12:00,AWS_003,27.75,1008.21,65.65
2026-01-02 00:13:00,AWS_003,27.23,1007.85,64.7
2026-01-02 00:14:00,AWS_003,27.2,1009.13,62.32
2026-01-02 00:15:00,AWS_003,27.85,1008.35,62.62
2026-01-02 00:16:00,AWS_003,27.56,1008.38,67.52
2026-01-02 00:17:00,AWS_003,27.73,1008.36,70.54
2026-01-02 00:18:00,AWS_003,27.15,1006.95,65.53
2026-01-02 00:19:00,AWS_003,27.32,1008.13,61.99
2026-01-02 00:20:00,AWS_003,28.36,1008.15,67.75
2026-01-02 00:21:00,AWS_003,27.46,1007.05,63.04
2026-01-02 00:22:00,AWS_003,27.67,1008.65,64.7
2026-01-02 00:23:00,AWS_003,27.87,1006.3,63.76
2026-01-02 00:24:00,AWS_003,27.36,1009.94,64.12
2026-01-02 00:25:00,AWS_003,28.35,1007.89,62.81
2026-01-02 00:26:00,AWS_003,27.84,1007.22,66.24
2026-01-02 00:27:00,AWS_003,27.76,1008.39,63.22
2026-01-02 00:28:00,AWS_003,28.31,1008.39,64.76
2026-01-02 00:29:00,AWS_003,28.26,1009.52,64.67
2026-01-02 00:30:00,AWS_003,28.71,1009.3,63.21
2026-01-02 00:31:00,AWS_003,27.77,1006.8,60.37
2026-01-02 00:32:00,AWS_003,28.84,1007.64,61.68
2026-01-02 00:33:00,AWS_003,28.25,1007.12,64.7
2026-01-02 00:34:00,AWS_003,28.68,1008.43,63.84
2026-01-02 00:35:00,AWS_003,28.42,1008.96,61.54
2026-01-02 00:36:00,AWS_003,27.79,1006.77,63.21
2026-01-02 00:37:00,AWS_003,27.74,1007.76,63.49
2026-01-02 00:38:00,AWS_003,27.37,1007.3,64.18
2026-01-02 00:39:00,AWS_003,27.31,1008.47,66.61
2026-01-02 00:40:00,AWS_003,27.89,1008.11,58.35
2026-01-02 00:41:00,AWS_003,28.67,1008.72,65.29
2026-01-02 00:42:00,AWS_003,27.98,1007.43,63.25
2026-01-02 00:43:00,AWS_003,27.93,1007.67,60.7
2026-01-02 00:44:00,AWS_003,28.5,1008.07,63.04
2026-01-02 00:45:00,AWS_003,27.9,1007.53,65.55
2026-01-02 00:46:00,AWS_003,29.0,1007.97,66.1
2026-01-02 00:47:00,AWS_003,28.18,1008.74,60.51
2026-01-02 00:48:00,AWS_003,28.68,1009.42,60.81
2026-01-02 00:49:00,AWS_003,28.25,1007.32,59.87
2026-01-02 00:50:00,AWS_003,28.36,1009.42,62.87
2026-01-02 00:51:00,AWS_003,28.82,1007.29,62.92
2026-01-02 00:52:00,AWS_003,28.49,1008.38,64.28
2026-01-02 00:53:00,AWS_003,29.01,1007.28,63.13
2026-01-02 00:54:00,AWS_003,28.12,1006.84,63.99
2026-01-02 00:55:00,AWS_003,27.94,1008.63,59.37
2026-01-02 00:56:00,AWS_003,27.78,1007.61,65.6
2026-01-02 00:57:00,AWS_003,29.0,1008.67,64.64
2026-01-02 00:58:00,AWS_003,28.88,1008.23,60.94
2026-01-02 00:59:00,AWS_003,28.44,1007.95,60.37
2026-01-02 01:00:00,AWS_003,28.68,1008.05,63.39
2026-01-02 01:01:00,AWS_003,29.01,1008.47,58.72
2026-01-02 01:02:00,AWS_003,28.53,1008.34,60.32
2026-01-02 01:03:00,AWS_003,27.92,1007.26,59.69
2026-01-02 01:04:00,AWS_003,27.95,1007.92,61.5
2026-01-02 01:05:00,AWS_003,28.23,1008.77,60.75
2026-01-02 01:06:00,AWS_003,28.73,1007.6,60.02
2026-01-02 01:07:00,AWS_003,28.33,1007.16,59.77
2026-01-02 01:08:00,AWS_003,29.14,1007.05,60.21
2026-01-02 01:09:00,AWS_003,28.24,1008.21,59.06
2026-01-02 01:10:00,AWS_003,28.5,1007.33,62.48
2026-01-02 01:11:00,AWS_003,28.06,1007.81,63.59
2026-01-02 01:12:00,AWS_003,28.64,1007.28,62.09
2026-01-02 01:13:00,AWS_003,28.84,1008.44,64.01
2026-01-02 01:14:00,AWS_003,29.29,1007.61,59.51
2026-01-02 01:15:00,AWS_003,28.92,1008.63,59.65
2026-01-02 01:16:00,AWS_003,29.19,1008.59,61.98
2026-01-02 01:17:00,AWS_003,29.32,1007.4,62.19
2026-01-02 01:18:00,AWS_003,29.1,1008.52,61.02
2026-01-02 01:19:00,AWS_003,28.6,1007.18,60.9
2026-01-02 01:20:00,AWS_003,29.14,1007.65,58.76
2026-01-02 01:21:00,AWS_003,29.59,1006.81,55.53
2026-01-02 01:22:00,AWS_003,28.89,1007.9,61.91
2026-01-02 01:23:00,AWS_003,29.26,1007.66,62.71
2026-01-02 01:24:00,AWS_003,29.27,1007.82,59.83
2026-01-02 01:25:00,AWS_003,28.93,1006.31,59.55
2026-01-02 01:26:00,AWS_003,29.48,1005.8,59.28
2026-01-02 01:27:00,AWS_003,28.97,1006.47,59.8
2026-01-02 01:28:00,AWS_003,29.32,1007.77,62.52
2026-01-02 01:29:00,AWS_003,29.07,1007.9,58.59
2026-01-02 01:30:00,AWS_003,29.2,1008.26,61.7
2026-01-02 01:31:00,AWS_003,29.58,1007.02,59.36
2026-01-02 01:32:00,AWS_003,28.44,1007.5,56.32
2026-01-02 01:33:00,AWS_003,29.49,1006.77,59.58
2026-01-02 01:34:00,AWS_003,29.55,1008.41,63.49
2026-01-02 01:35:00,AWS_003,29.05,1006.74,58.8
2026-01-02 01:36:00,AWS_003,29.29,1008.25,59.64
2026-01-02 01:37:00,AWS_003,28.93,1007.09,60.09
2026-01-02 01:38:00,AWS_003,29.02,1008.55,60.42
2026-01-02 01:39:00,AWS_003,29.47,1007.42,63.06
2026-01-02 01:40:00,AWS_003,30.43,1007.4,58.34
2026-01-02 01:41:00,AWS_003,29.67,1006.66,59.9
2026-01-02 01:42:00,AWS_003,29.08,1008.99,61.35
2026-01-02 01:43:00,AWS_003,29.75,1008.04,58.36
2026-01-02 01:44:00,AWS_003,29.69,1007.64,59.89
2026-01-02 01:45:00,AWS_003,28.79,1007.42,61.66
2026-01-02 01:46:00,AWS_003,29.37,1006.69,58.61
2026-01-02 01:47:00,AWS_003,29.46,1007.75,59.25
2026-01-02 01:48:00,AWS_003,29.59,1007.15,57.25
2026-01-02 01:49:00,AWS_003,29.55,1007.24,61.4
2026-01-02 01:50:00,AWS_003,29.64,1007.9,59.78
2026-01-02 01:51:00,AWS_003,29.22,1007.4,58.56
2026-01-02 01:52:00,AWS_003,29.49,1007.18,58.75
2026-01-02 01:53:00,AWS_003,29.53,1008.31,59.3
2026-01-02 01:54:00,AWS_003,30.12,1006.49,59.94
2026-01-02 01:55:00,AWS_003,29.4,1005.82,57.92
2026-01-02 01:56:00,AWS_003,29.6,1006.5,58.03
2026-01-02 01:57:00,AWS_003,29.57,1007.25,58.61
2026-01-02 01:58:00,AWS_003,30.37,1007.67,59.39
2026-01-02 01:59:00,AWS_003,30.02,1006.51,62.26
2026-01-02 02:00:00,AWS_003,29.4,1010.05,57.39
2026-01-02 02:01:00,AWS_003,29.95,1007.24,55.65
2026-01-02 02:02:00,AWS_003,29.4,1007.2,61.71
2026-01-02 02:03:00,AWS_003,29.93,1006.04,57.11
2026-01-02 02:04:00,AWS_003,30.39,1005.91,61.75
2026-01-02 02:05:00,AWS_003,29.08,1005.63,61.26
2026-01-02 02:06:00,AWS_003,29.48,1008.15,59.82
2026-01-02 02:07:00,AWS_003,29.96,1008.01,61.12
2026-01-02 02:08:00,AWS_003,29.76,1007.03,54.98
2026-01-02 02:09:00,AWS_003,30.02,1006.05,55.89
2026-01-02 02:10:00,AWS_003,29.92,1006.79,59.12
2026-01-02 02:11:00,AWS_003,29.3,1008.14,57.73
2026-01-02 02:12:00,AWS_003,30.24,1006.6,56.89
2026-01-02 02:13:00,AWS_003,29.48,1006.27,60.04
2026-01-02 02:14:00,AWS_003,30.11,1006.68,58.89
2026-01-02 02:15:00,AWS_003,29.87,1006.74,60.43
2026-01-02 02:16:00,AWS_003,31.03,1007.56,57.55
2026-01-02 02:17:00,AWS_003,30.03,1005.19,58.21
2026-01-02 02:18:00,AWS_003,30.24,1007.08,61.28
2026-01-02 02:19:00,AWS_003,30.34,1006.38,55.59
2026-01-02 02:20:00,AWS_003,30.27,1006.5,57.94
2026-01-02 02:21:00,AWS_003,30.14,1007.53,56.33
2026-01-02 02:22:00,AWS_003,29.78,1005.87,61.42
2026-01-02 02:23:00,AWS_003,30.15,1007.05,62.8
2026-01-02 02:24:00,AWS_003,29.46,1007.28,58.37
2026-01-02 02:25:00,AWS_003,30.42,1007.35,58.89
2026-01-02 02:26:00,AWS_003,31.41,1007.45,57.65
2026-01-02 02:27:00,AWS_003,30.33,1007.33,57.54
2026-01-02 02:28:00,AWS_003,30.41,1007.44,57.95
2026-01-02 02:29:00,AWS_003,29.67,1006.15,55.04
2026-01-02 02:30:00,AWS_003,29.99,1007.94,59.02
2026-01-02 02:31:00,AWS_003,30.69,1005.89,55.68
2026-01-02 02:32:00,AWS_003,29.77,1007.13,56.9
2026-01-02 02:33:00,AWS_003,30.07,1006.28,57.64
2026-01-02 02:34:00,AWS_003,30.61,1005.44,56.01
2026-01-02 02:35:00,AWS_003,30.72,1006.35,58.68
2026-01-02 02:36:00,AWS_003,30.37,1006.7,56.5
2026-01-02 02:37:00,AWS_003,30.48,1007.9,59.54
2026-01-02 02:38:00,AWS_003,30.5,1008.24,55.62
2026-01-02 02:39:00,AWS_003,29.97,1006.67,56.99
2026-01-02 02:40:00,AWS_003,30.45,1005.66,55.14
2026-01-02 02:41:00,AWS_003,30.6,1005.71,59.21
2026-01-02 02:42:00,AWS_003,30.48,1007.37,56.58
2026-01-02 02:43:00,AWS_003,29.76,1007.31,56.05
2026-01-02 02:44:00,AWS_003,31.16,1006.25,56.75
2026-01-02 02:45:00,AWS_003,30.13,1005.79,56.87
2026-01-02 02:46:00,AWS_003,30.61,1007.51,57.86
2026-01-02 02:47:00,AWS_003,30.73,1005.73,58.09
2026-01-02 02:48:00,AWS_003,30.43,1006.35,56.67
2026-01-02 02:49:00,AWS_003,30.73,1007.07,56.85
2026-01-02 02:50:00,AWS_003,30.34,1005.08,50.68
2026-01-02 02:51:00,AWS_003,31.52,1007.44,55.95
2026-01-02 02:52:00,AWS_003,30.57,1008.57,59.68
2026-01-02 02:53:00,AWS_003,31.05,1006.75,57.68
2026-01-02 02:54:00,AWS_003,30.27,1006.62,54.59
2026-01-02 02:55:00,AWS_003,31.02,1006.68,55.93
2026-01-02 02:56:00,AWS_003,30.46,1006.82,55.47
2026-01-02 02:57:00,AWS_003,30.2,1006.04,58.77
2026-01-02 02:58:00,AWS_003,30.35,1005.72,58.53
2026-01-02 02:59:00,AWS_003,30.45,1006.33,54.99
2026-01-02 03:00:00,AWS_003,30.85,1006.73,56.53
2026-01-02 03:01:00,AWS_003,31.97,1005.8,54.21
2026-01-02 03:02:00,AWS_003,31.93,1005.51,55.19
2026-01-02 03:03:00,AWS_003,30.72,1006.23,55.22
2026-01-02 03:04:00,AWS_003,31.25,1005.5,54.96
2026-01-02 03:05:00,AWS_003,30.38,1007.1,57.06
2026-01-02 03:06:00,AWS_003,30.05,1003.8,58.99
2026-01-02 03:07:00,AWS_003,30.92,1005.61,56.14
2026-01-02 03:08:00,AWS_003,31.14,1007.67,54.11
2026-01-02 03:09:00,AWS_003,31.25,1006.35,56.6
2026-01-02 03:10:00,AWS_003,31.39,1006.67,56.57
2026-01-02 03:11:00,AWS_003,30.84,1006.41,55.74
2026-01-02 03:12:00,AWS_003,31.01,1006.01,59.8
2026-01-02 03:13:00,AWS_003,31.33,1007.38,56.54
2026-01-02 03:14:00,AWS_003,31.49,1006.03,57.16
2026-01-02 03:15:00,AWS_003,30.67,1005.82,51.49
2026-01-02 03:16:00,AWS_003,31.13,1007.0,54.02
2026-01-02 03:17:00,AWS_003,31.32,1004.92,56.94
2026-01-02 03:18:00,AWS_003,31.13,1006.23,56.44
2026-01-02 03:19:00,AWS_003,30.84,1006.04,55.08
2026-01-02 03:20:00,AWS_003,31.1,1006.2,56.71
2026-01-02 03:21:00,AWS_003,31.33,1006.05,57.63
2026-01-02 03:22:00,AWS_003,30.82,1006.73,54.79
2026-01-02 03:23:00,AWS_003,30.66,1007.3,54.46
2026-01-02 03:24:00,AWS_003,31.98,1006.78,55.16
2026-01-02 03:25:00,AWS_003,31.24,1006.14,56.64
2026-01-02 03:26:00,AWS_003,31.56,1006.9,54.46
2026-01-02 03:27:00,AWS_003,31.28,1006.99,57.28
2026-01-02 03:28:00,AWS_003,31.63,1006.67,54.58
2026-01-02 03:29:00,AWS_003,31.25,1007.21,54.39
2026-01-02 03:30:00,AWS_003,31.47,1004.49,60.17
2026-01-02 03:31:00,AWS_003,30.81,1006.38,52.98
2026-01-02 03:32:00,AWS_003,30.56,1006.6,56.98
2026-01-02 03:33:00,AWS_003,31.08,1005.16,51.77
2026-01-02 03:34:00,AWS_003,30.72,1006.51,56.67
2026-01-02 03:35:00,AWS_003,30.45,1007.06,60.71
2026-01-02 03:36:00,AWS_003,31.43,1006.14,57.41
2026-01-02 03:37:00,AWS_003,30.62,1006.84,57.94
2026-01-02 03:38:00,AWS_003,31.72,1007.12,55.04
2026-01-02 03:39:00,AWS_003,31.93,1007.37,57.08
2026-01-02 03:40:00,AWS_003,30.79,1007.22,55.67
2026-01-02 03:41:00,AWS_003,31.49,1007.37,59.19
2026-01-02 03:42:00,AWS_003,32.13,1005.87,52.9
2026-01-02 03:43:00,AWS_003,31.21,1005.95,57.46
2026-01-02 03:44:00,AWS_003,31.66,1004.28,55.91
2026-01-02 03:45:00,AWS_003,32.38,1005.4,53.2
2026-01-02 03:46:00,AWS_003,30.77,1007.22,54.44
2026-01-02 03:47:00,AWS_003,31.04,1005.75,51.76
2026-01-02 03:48:00,AWS_003,31.69,1006.54,48.41
2026-01-02 03:49:00,AWS_003,32.34,1006.41,52.51
2026-01-02 03:50:00,AWS_003,31.2,1007.2,54.1
2026-01-02 03:51:00,AWS_003,32.47,1004.59,55.01
2026-01-02 03:52:00,AWS_003,31.56,1006.48,52.2
2026-01-02 03:53:00,AWS_003,30.73,1006.46,54.16
2026-01-02 03:54:00,AWS_003,32.17,1005.49,55.24
2026-01-02 03:55:00,AWS_003,31.36,1006.94,53.59
2026-01-02 03:56:00,AWS_003,31.73,1005.05,52.55
2026-01-02 03:57:00,AWS_003,30.9,1007.01,53.22
2026-01-02 03:58:00,AWS_003,31.28,1004.43,57.33
2026-01-02 03:59:00,AWS_003,30.99,1005.42,51.18
2026-01-02 04:00:00,AWS_003,30.96,1006.02,56.92
2026-01-02 04:01:00,AWS_003,31.65,1006.3,57.31
2026-01-02 04:02:00,AWS_003,31.85,1004.63,53.84
2026-01-02 04:03:00,AWS_003,31.41,1006.95,55.45
2026-01-02 04:04:00,AWS_003,31.07,1006.71,52.94
2026-01-02 04:05:00,AWS_003,31.14,1007.62,55.01
2026-01-02 04:06:00,AWS_003,31.81,1006.65,58.91
2026-01-02 04:07:00,AWS_003,31.72,1005.49,56.97
2026-01-02 04:08:00,AWS_003,31.84,1005.22,53.4
2026-01-02 04:09:00,AWS_003,32.32,1005.73,51.74
2026-01-02 04:10:00,AWS_003,31.93,1007.8,53.77
2026-01-02 04:11:00,AWS_003,31.88,1006.09,54.88
2026-01-02 04:12:00,AWS_003,32.67,1006.12,55.75
2026-01-02 04:13:00,AWS_003,31.62,1007.14,54.07
2026-01-02 04:14:00,AWS_003,32.7,1005.1,57.83
2026-01-02 04:15:00,AWS_003,32.32,1006.45,54.3
2026-01-02 04:16:00,AWS_003,31.64,1006.43,53.26
2026-01-02 04:17:00,AWS_003,32.09,1006.77,55.24
2026-01-02 04:18:00,AWS_003,31.7,1006.68,55.57
2026-01-02 04:19:00,AWS_003,31.22,1005.95,52.62
2026-01-02 04:20:00,AWS_003,31.8,1004.88,52.25
2026-01-02 04:21:00,AWS_003,31.22,1005.53,50.82
2026-01-02 04:22:00,AWS_003,31.91,1006.64,53.5
2026-01-02 04:23:00,AWS_003,32.15,1007.45,56.49
2026-01-02 04:24:00,AWS_003,31.75,1004.98,55.37
2026-01-02 04:25:00,AWS_003,31.94,1004.92,56.26
2026-01-02 04:26:00,AWS_003,31.94,1004.68,52.69
2026-01-02 04:27:00,AWS_003,32.2,1005.32,53.65
2026-01-02 04:28:00,AWS_003,31.91,1006.68,50.14
2026-01-02 04:29:00,AWS_003,31.75,1006.97,55.95
2026-01-02 04:30:00,AWS_003,32.21,1004.25,56.6
2026-01-02 04:31:00,AWS_003,31.96,1004.94,51.76
2026-01-02 04:32:00,AWS_003,31.05,1004.78,57.13
2026-01-02 04:33:00,AWS_003,31.77,1005.2,53.39
2026-01-02 04:34:00,AWS_003,31.71,1005.71,51.67
2026-01-02 04:35:00,AWS_003,31.99,1005.56,53.18
2026-01-02 04:36:00,AWS_003,31.95,1006.28,55.05
2026-01-02 04:37:00,AWS_003,31.16,1004.32,53.67
2026-01-02 04:38:00,AWS_003,31.36,1005.44,52.6
2026-01-02 04:39:00,AWS_003,31.58,1006.94,54.93
2026-01-02 04:40:00,AWS_003,31.99,1006.96,55.09
2026-01-02 04:41:00,AWS_003,32.4,1007.16,53.36
2026-01-02 04:42:00,AWS_003,31.34,1006.14,52.97
2026-01-02 04:43:00,AWS_003,31.72,1005.29,52.58
2026-01-02 04:44:00,AWS_003,31.98,1005.95,54.61
2026-01-02 04:45:00,AWS_003,31.63,1007.83,50.43
2026-01-02 04:46:00,AWS_003,32.05,1005.37,52.09
2026-01-02 04:47:00,AWS_003,32.27,1007.26,53.28
2026-01-02 04:48:00,AWS_003,31.72,1003.83,52.01
2026-01-02 04:49:00,AWS_003,32.16,1006.23,54.08
2026-01-02 04:50:00,AWS_003,31.99,1006.29,53.88
2026-01-02 04:51:00,AWS_003,31.58,1006.06,58.5
2026-01-02 04:52:00,AWS_003,31.99,1006.11,52.0
2026-01-02 04:53:00,AWS_003,32.24,1006.17,53.49
2026-01-02 04:54:00,AWS_003,32.63,1006.2,51.58
2026-01-02 04:55:00,AWS_003,32.73,1005.47,57.36
2026-01-02 04:56:00,AWS_003,31.85,1005.51,56.87
2026-01-02 04:57:00,AWS_003,31.83,1004.63,50.31
2026-01-02 04:58:00,AWS_003,32.1,1006.3,53.11
2026-01-02 04:59:00,AWS_003,31.88,1006.75,53.49
2026-01-02 05:00:00,AWS_003,32.58,1007.1,52.73
2026-01-02 05:01:00,AWS_003,32.14,1005.04,52.43
2026-01-02 05:02:00,AWS_003,32.13,1004.31,54.92
2026-01-02 05:03:00,AWS_003,32.37,1005.98,56.94
2026-01-02 05:04:00,AWS_003,32.18,1004.75,54.97
2026-01-02 05:05:00,AWS_003,32.25,1006.12,55.07
2026-01-02 05:06:00,AWS_003,32.24,1003.89,52.62
2026-01-02 05:07:00,AWS_003,32.08,1006.52,55.35
2026-01-02 05:08:00,AWS_003,31.78,1005.77,55.34
2026-01-02 05:09:00,AWS_003,32.85,1004.1,52.35
2026-01-02 05:10:00,AWS_003,31.79,1005.87,52.82
2026-01-02 05:11:00,AWS_003,32.82,1005.7,50.12
2026-01-02 05:12:00,AWS_003,32.3,1006.04,50.56
2026-01-02 05:13:00,AWS_003,31.92,1006.25,52.38
2026-01-02 05:14:00,AWS_003,32.39,1003.67,51.1
2026-01-02 05:15:00,AWS_003,32.49,1005.22,54.84
2026-01-02 05:16:00,AWS_003,32.86,1005.52,52.9
2026-01-02 05:17:00,AWS_003,31.66,1005.35,54.28
2026-01-02 05:18:00,AWS_003,32.13,1005.3,50.76
2026-01-02 05:19:00,AWS_003,32.74,1006.41,55.79
2026-01-02 05:20:00,AWS_003,32.49,1004.18,54.16
2026-01-02 05:21:00,AWS_003,32.39,1005.32,53.98
2026-01-02 05:22:00,AWS_003,32.79,1005.38,55.06
2026-01-02 05:23:00,AWS_003,32.13,1005.46,53.79
2026-01-02 05:24:00,AWS_003,31.25,1004.75,51.12
2026-01-02 05:25:00,AWS_003,32.06,1007.24,54.39
2026-01-02 05:26:00,AWS_003,33.02,1006.31,51.56
2026-01-02 05:27:00,AWS_003,32.34,1007.29,53.55
2026-01-02 05:28:00,AWS_003,31.88,1006.02,51.57
2026-01-02 05:29:00,AWS_003,32.76,1006.11,56.43
2026-01-02 05:30:00,AWS_003,32.56,1005.49,54.44
2026-01-02 05:31:00,AWS_003,32.29,1006.74,55.11
2026-01-02 05:32:00,AWS_003,32.47,1005.94,51.57
2026-01-02 05:33:00,AWS_003,31.83,1005.33,53.68
2026-01-02 05:34:00,AWS_003,32.09,1006.95,53.46
2026-01-02 05:35:00,AWS_003,32.21,1004.42,53.29
2026-01-02 05:36:00,AWS_003,32.68,1004.87,49.19
2026-01-02 05:37:00,AWS_003,32.02,1007.7,56.99
2026-01-02 05:38:00,AWS_003,32.24,1005.98,52.98
2026-01-02 05:39:00,AWS_003,32.82,1003.33,54.05
2026-01-02 05:40:00,AWS_003,33.26,1006.25,50.42
2026-01-02 05:41:00,AWS_003,31.9,1004.61,55.97
2026-01-02 05:42:00,AWS_003,32.31,1004.96,55.8
2026-01-02 05:43:00,AWS_003,31.65,1007.45,54.74
2026-01-02 05:44:00,AWS_003,32.25,1006.73,53.57
2026-01-02 05:45:00,AWS_003,32.14,1007.0,57.7
2026-01-02 05:46:00,AWS_003,32.76,1004.91,54.99
2026-01-02 05:47:00,AWS_003,31.79,1005.15,50.29
2026-01-02 05:48:00,AWS_003,31.74,1005.56,53.47
2026-01-02 05:49:00,AWS_003,32.87,1006.07,54.18
2026-01-02 05:50:00,AWS_003,32.01,1005.09,53.22
2026-01-02 05:51:00,AWS_003,32.34,1006.86,54.16
2026-01-02 05:52:00,AWS_003,32.38,1005.75,55.89
2026-01-02 05:53:00,AWS_003,31.95,1006.54,52.63
2026-01-02 05:54:00,AWS_003,31.95,1004.72,52.24
2026-01-02 05:55:00,AWS_003,32.72,1005.0,50.83
2026-01-02 05:56:00,AWS_003,32.54,1005.53,49.27
2026-01-02 05:57:00,AWS_003,32.26,1004.96,52.38
2026-01-02 05:58:00,AWS_003,32.21,1006.16,51.65
2026-01-02 05:59:00,AWS_003,32.4,1006.17,52.59
2026-01-02 06:00:00,AWS_003,32.42,1005.11,51.83
2026-01-02 06:01:00,AWS_003,32.77,1005.83,50.85
2026-01-02 06:02:00,AWS_003,32.26,1006.93,51.9
2026-01-02 06:03:00,AWS_003,32.45,1006.12,54.03
2026-01-02 06:04:00,AWS_003,32.56,1005.8,51.93
2026-01-02 06:05:00,AWS_003,32.56,1006.31,52.63
2026-01-02 06:06:00,AWS_003,32.85,1006.61,57.19
2026-01-02 06:07:00,AWS_003,32.26,1006.48,55.16
2026-01-02 06:08:00,AWS_003,32.04,1005.2,53.46
2026-01-02 06:09:00,AWS_003,32.12,1005.97,53.53
2026-01-02 06:10:00,AWS_003,32.52,1005.01,51.59
2026-01-02 06:11:00,AWS_003,32.22,1005.2,52.17
2026-01-02 06:12:00,AWS_003,33.18,1005.62,52.46
2026-01-02 06:13:00,AWS_003,32.27,1004.07,53.23
2026-01-02 06:14:00,AWS_003,31.88,1005.52,52.93
2026-01-02 06:15:00,AWS_003,32.39,1004.66,50.77
2026-01-02 06:16:00,AWS_003,32.87,1004.26,54.22
2026-01-02 06:17:00,AWS_003,31.93,1005.84,51.89
2026-01-02 06:18:00,AWS_003,31.92,1004.99,56.88
2026-01-02 06:19:00,AWS_003,32.18,1005.37,55.54
2026-01-02 06:20:00,AWS_003,31.99,1005.0,49.72
2026-01-02 06:21:00,AWS_003,31.71,1004.69,52.54
2026-01-02 06:22:00,AWS_003,31.63,1005.27,56.27
2026-01-02 06:23:00,AWS_003,32.34,1004.08,54.39
2026-01-02 06:24:00,AWS_003,32.53,1005.09,53.24
2026-01-02 06:25:00,AWS_003,31.96,1006.74,48.42
2026-01-02 06:26:00,AWS_003,32.21,1004.19,52.64
2026-01-02 06:27:00,AWS_003,32.31,1006.29,53.5
2026-01-02 06:28:00,AWS_003,31.79,1006.81,48.98
2026-01-02 06:29:00,AWS_003,32.57,1004.5,54.32
2026-01-02 06:30:00,AWS_003,32.31,1005.39,51.7
2026-01-02 06:31:00,AWS_003,32.43,1004.08,53.71
2026-01-02 06:32:00,AWS_003,32.49,1003.96,53.38
2026-01-02 06:33:00,AWS_003,33.19,1005.24,52.61
2026-01-02 06:34:00,AWS_003,31.8,1005.43,54.71
2026-01-02 06:35:00,AWS_003,31.85,1004.65,53.7
2026-01-02 06:36:00,AWS_003,32.88,1004.19,58.58
2026-01-02 06:37:00,AWS_003,32.47,1004.46,56.71
2026-01-02 06:38:00,AWS_003,32.23,1005.79,51.14
2026-01-02 06:39:00,AWS_003,32.01,1005.79,55.55
2026-01-02 06:40:00,AWS_003,32.1,1005.58,51.71
2026-01-02 06:41:00,AWS_003,32.1,1004.76,50.84
2026-01-02 06:42:00,AWS_003,31.59,1004.2,50.25
2026-01-02 06:43:00,AWS_003,32.57,1006.1,52.49
2026-01-02 06:44:00,AWS_003,31.37,1006.36,55.23
2026-01-02 06:45:00,AWS_003,31.83,1004.62,53.55
2026-01-02 06:46:00,AWS_003,32.0,1004.91,54.26
2026-01-02 06:47:00,AWS_003,33.02,1003.86,46.8
2026-01-02 06:48:00,AWS_003,32.12,1005.45,52.8
2026-01-02 06:49:00,AWS_003,32.28,1006.68,51.17
2026-01-02 06:50:00,AWS_003,31.8,1005.77,50.12
2026-01-02 06:51:00,AWS_003,32.49,1006.78,50.89
2026-01-02 06:52:00,AWS_003,33.32,1004.69,53.45
2026-01-02 06:53:00,AWS_003,32.33,1003.95,54.63
2026-01-02 06:54:00,AWS_003,32.0,1006.2,51.51
2026-01-02 06:55:00,AWS_003,31.31,1005.13,54.52
2026-01-02 06:56:00,AWS_003,32.4,1004.27,54.99
2026-01-02 06:57:00,AWS_003,31.72,1006.48,54.03
2026-01-02 06:58:00,AWS_003,31.81,1004.49,51.67
2026-01-02 06:59:00,AWS_003,32.48,1004.07,52.4
2026-01-02 07:00:00,AWS_003,31.91,1005.44,54.06
2026-01-02 07:01:00,AWS_003,32.06,1003.91,51.99
2026-01-02 07:02:00,AWS_003,32.39,1005.77,54.73
2026-01-02 07:03:00,AWS_003,31.8,1004.02,51.23
2026-01-02 07:04:00,AWS_003,31.56,1005.14,54.23
2026-01-02 07:05:00,AWS_003,32.26,1005.19,55.29
2026-01-02 07:06:00,AWS_003,32.37,1005.14,53.88
2026-01-02 07:07:00,AWS_003,31.83,1003.89,51.53
2026-01-02 07:08:00,AWS_003,31.8,1004.76,50.26
2026-01-02 07:09:00,AWS_003,31.6,1006.01,51.33
2026-01-02 07:10:00,AWS_003,32.32,1004.75,54.53
2026-01-02 07:11:00,AWS_003,32.8,1003.98,53.16
2026-01-02 07:12:00,AWS_003,32.4,1004.54,52.39
2026-01-02 07:13:00,AWS_003,31.98,1003.89,54.4
2026-01-02 07:14:00,AWS_003,32.3,1003.14,49.65
2026-01-02 07:15:00,AWS_003,31.67,1004.74,53.11
2026-01-02 07:16:00,AWS_003,32.14,1004.96,51.44
2026-01-02 07:17:00,AWS_003,31.56,1005.43,50.97
2026-01-02 07:18:00,AWS_003,31.93,1005.24,52.66
2026-01-02 07:19:00,AWS_003,32.41,1005.35,58.65
2026-01-02 07:20:00,AWS_003,32.29,1004.83,54.99
2026-01-02 07:21:00,AWS_003,32.19,1006.55,51.48
2026-01-02 07:22:00,AWS_003,32.12,1004.17,56.18
2026-01-02 07:23:00,AWS_003,31.65,1004.59,51.17
2026-01-02 07:24:00,AWS_003,31.99,1006.16,56.83
2026-01-02 07:25:00,AWS_003,32.24,1004.52,52.05
2026-01-02 07:26:00,AWS_003,31.82,1004.74,54.05
2026-01-02 07:27:00,AWS_003,31.83,1005.15,58.03
2026-01-02 07:28:00,AWS_003,31.72,1005.75,53.17
2026-01-02 07:29:00,AWS_003,31.78,1004.93,57.57
2026-01-02 07:30:00,AWS_003,31.58,1004.1,53.77
2026-01-02 07:31:00,AWS_003,31.89,1004.48,53.76
2026-01-02 07:32:00,AWS_003,31.74,1005.23,52.18
2026-01-02 07:33:00,AWS_003,31.27,1004.56,56.8
2026-01-02 07:34:00,AWS_003,32.89,1004.42,53.0
2026-01-02 07:35:00,AWS_003,31.43,1004.04,57.83
2026-01-02 07:36:00,AWS_003,31.78,1005.73,52.78
2026-01-02 07:37:00,AWS_003,31.85,1004.68,53.15
2026-01-02 07:38:00,AWS_003,31.61,1004.68,56.09
2026-01-02 07:39:00,AWS_003,31.77,1005.31,53.89
2026-01-02 07:40:00,AWS_003,31.47,1003.67,54.7
2026-01-02 07:41:00,AWS_003,32.08,1004.79,51.53
2026-01-02 07:42:00,AWS_003,31.77,1005.96,54.39
2026-01-02 07:43:00,AWS_003,32.06,1004.7,54.93
2026-01-02 07:44:00,AWS_003,32.35,1004.92,57.66
2026-01-02 07:45:00,AWS_003,31.64,1004.9,53.28
2026-01-02 07:46:00,AWS_003,32.05,1005.58,54.94
2026-01-02 07:47:00,AWS_003,32.35,1004.89,56.7
2026-01-02 07:48:00,AWS_003,31.67,1006.7,54.39
2026-01-02 07:49:00,AWS_003,31.99,1004.9,56.5
2026-01-02 07:50:00,AWS_003,31.52,1004.37,59.35
2026-01-02 07:51:00,AWS_003,32.17,1005.92,54.44
2026-01-02 07:52:00,AWS_003,31.48,1004.54,57.05
2026-01-02 07:53:00,AWS_003,31.95,1004.22,55.46
2026-01-02 07:54:00,AWS_003,32.06,1003.75,56.17
2026-01-02 07:55:00,AWS_003,31.18,1005.08,55.89
2026-01-02 07:56:00,AWS_003,31.38,1004.32,56.64
2026-01-02 07:57:00,AWS_003,31.35,1004.06,56.53
2026-01-02 07:58:00,AWS_003,32.05,1004.23,54.42
2026-01-02 07:59:00,AWS_003,31.14,1004.38,53.47
2026-01-02 08:00:00,AWS_003,31.73,1005.34,55.46
2026-01-02 08:01:00,AWS_003,31.88,1005.05,51.73
2026-01-02 08:02:00,AWS_003,31.65,1004.55,55.9
2026-01-02 08:03:00,AWS_003,32.08,1005.11,56.18
2026-01-02 08:04:00,AWS_003,30.79,1004.57,54.36
2026-01-02 08:05:00,AWS_003,31.79,1004.81,54.83
2026-01-02 08:06:00,AWS_003,31.46,1004.11,56.59
2026-01-02 08:07:00,AWS_003,30.92,1004.11,56.29
2026-01-02 08:08:00,AWS_003,31.08,1004.76,56.68
2026-01-02 08:09:00,AWS_003,32.12,1004.75,56.41
2026-01-02 08:10:00,AWS_003,31.74,1005.44,55.09
2026-01-02 08:11:00,AWS_003,31.8,1005.02,54.88
2026-01-02 08:12:00,AWS_003,31.85,1004.23,55.78
2026-01-02 08:13:00,AWS_003,30.91,1003.59,57.87
2026-01-02 08:14:00,AWS_003,31.54,1005.32,55.52
2026-01-02 08:15:00,AWS_003,31.87,1004.87,57.63
2026-01-02 08:16:00,AWS_003,31.25,1005.38,50.99
2026-01-02 08:17:00,AWS_003,31.95,1004.97,55.72
2026-01-02 08:18:00,AWS_003,31.14,1006.04,55.28
2026-01-02 08:19:00,AWS_003,31.43,1004.42,51.81
2026-01-02 08:20:00,AWS_003,31.52,1004.62,52.14
2026-01-02 08:21:00,AWS_003,31.65,1005.21,56.12
2026-01-02 08:22:00,AWS_003,31.22,1005.27,55.44
2026-01-02 08:23:00,AWS_003,31.73,1004.84,56.84
2026-01-02 08:24:00,AWS_003,31.49,1003.3,50.1
2026-01-02 08:25:00,AWS_003,30.65,1003.15,57.46
2026-01-02 08:26:00,AWS_003,32.02,1004.25,57.51
2026-01-02 08:27:00,AWS_003,30.89,1004.58,52.62
2026-01-02 08:28:00,AWS_003,32.03,1003.06,58.23
2026-01-02 08:29:00,AWS_003,31.19,1004.53,59.03
2026-01-02 08:30:00,AWS_003,31.1,1005.07,52.81
2026-01-02 08:31:00,AWS_003,31.38,1004.5,55.73
2026-01-02 08:32:00,AWS_003,30.93,1004.78,55.94
2026-01-02 08:33:00,AWS_003,30.44,1005.01,51.98
2026-01-02 08:34:00,AWS_003,31.14,1003.25,54.95
2026-01-02 08:35:00,AWS_003,31.32,1005.05,58.45
2026-01-02 08:36:00,AWS_003,31.77,1003.94,53.95
2026-01-02 08:37:00,AWS_003,30.66,1004.33,59.36
2026-01-02 08:38:00,AWS_003,31.36,1003.99,56.48
2026-01-02 08:39:00,AWS_003,31.07,1005.37,54.19
2026-01-02 08:40:00,AWS_003,31.11,1003.57,55.9
2026-01-02 08:41:00,AWS_003,31.47,1005.61,52.91
2026-01-02 08:42:00,AWS_003,30.87,1006.42,56.73
2026-01-02 08:43:00,AWS_003,31.12,1003.26,55.52
2026-01-02 08:44:00,AWS_003,31.48,1004.03,55.09
2026-01-02 08:45:00,AWS_003,31.44,1004.98,53.09
2026-01-02 08:46:00,AWS_003,30.53,1003.69,55.85
2026-01-02 08:47:00,AWS_003,30.75,1004.27,56.46
2026-01-02 08:48:00,AWS_003,30.93,1004.62,53.34
2026-01-02 08:49:00,AWS_003,31.3,1003.91,58.28
2026-01-02 08:50:00,AWS_003,30.86,1004.54,56.71
2026-01-02 08:51:00,AWS_003,30.97,1005.23,54.49
2026-01-02 08:52:00,AWS_003,31.43,1004.4,56.03
2026-01-02 08:53:00,AWS_003,30.78,1003.63,57.93
2026-01-02 08:54:00,AWS_003,31.49,1005.39,59.03
2026-01-02 08:55:00,AWS_003,30.24,1005.57,59.51
2026-01-02 08:56:00,AWS_003,30.71,1004.75,59.97
2026-01-02 08:57:00,AWS_003,30.3,1003.66,53.74
2026-01-02 08:58:00,AWS_003,30.88,1003.74,55.02
2026-01-02 08:59:00,AWS_003,31.12,1002.55,53.68
2026-01-02 09:00:00,AWS_003,30.74,1003.97,58.7
2026-01-02 09:01:00,AWS_003,30.6,1005.29,56.21
2026-01-02 09:02:00,AWS_003,30.23,1003.89,59.11
2026-01-02 09:03:00,AWS_003,31.43,1003.66,53.79
2026-01-02 09:04:00,AWS_003,30.73,1005.24,55.29
2026-01-02 09:05:00,AWS_003,30.55,1005.34,55.11
2026-01-02 09:06:00,AWS_003,31.34,1003.99,59.22
2026-01-02 09:07:00,AWS_003,30.55,1004.82,58.18
2026-01-02 09:08:00,AWS_003,30.32,1003.72,52.76
2026-01-02 09:09:00,AWS_003,30.38,1004.14,55.92
2026-01-02 09:10:00,AWS_003,30.3,1002.95,58.81
2026-01-02 09:11:00,AWS_003,30.2,1004.69,59.16
2026-01-02 09:12:00,AWS_003,30.34,1004.32,57.8
2026-01-02 09:13:00,AWS_003,31.56,1003.86,57.37
2026-01-02 09:14:00,AWS_003,30.12,1004.32,55.19
2026-01-02 09:15:00,AWS_003,29.97,1004.22,59.23
2026-01-02 09:16:00,AWS_003,30.66,1003.73,54.73
2026-01-02 09:17:00,AWS_003,30.5,1004.7,53.94
2026-01-02 09:18:00,AWS_003,30.78,1004.14,57.62
2026-01-02 09:19:00,AWS_003,30.28,1004.27,56.36
2026-01-02 09:20:00,AWS_003,30.14,1003.21,58.73
2026-01-02 09:21:00,AWS_003,31.14,1004.27,58.3
2026-01-02 09:22:00,AWS_003,29.8,1004.23,60.78
2026-01-02 09:23:00,AWS_003,30.58,1003.71,58.22
2026-01-02 09:24:00,AWS_003,30.69,1004.79,59.57
2026-01-02 09:25:00,AWS_003,30.73,1002.67,55.79
2026-01-02 09:26:00,AWS_003,30.26,1003.97,58.95
2026-01-02 09:27:00,AWS_003,29.87,1004.6,57.02
2026-01-02 09:28:00,AWS_003,30.95,1006.03,56.62
2026-01-02 09:29:00,AWS_003,30.15,1003.26,55.85
2026-01-02 09:30:00,AWS_003,30.92,1004.42,60.78
2026-01-02 09:31:00,AWS_003,30.44,1004.78,57.72
2026-01-02 09:32:00,AWS_003,30.08,1004.39,56.2
2026-01-02 09:33:00,AWS_003,30.42,1003.35,59.18
2026-01-02 09:34:00,AWS_003,30.7,1003.95,56.98
2026-01-02 09:35:00,AWS_003,30.26,1002.38,56.31
2026-01-02 09:36:00,AWS_003,29.91,1004.33,63.75
2026-01-02 09:37:00,AWS_003,29.48,1003.19,55.57
2026-01-02 09:38:00,AWS_003,30.0,1004.69,61.76
2026-01-02 09:39:00,AWS_003,30.48,1003.8,56.45
2026-01-02 09:40:00,AWS_003,29.73,1003.72,59.37
2026-01-02 09:41:00,AWS_003,30.39,1004.45,57.96
2026-01-02 09:42:00,AWS_003,30.11,1004.52,59.68
2026-01-02 09:43:00,AWS_003,30.38,1005.01,55.48
2026-01-02 09:44:00,AWS_003,29.13,1004.1,55.28
2026-01-02 09:45:00,AWS_003,29.48,1004.22,59.87
2026-01-02 09:46:00,AWS_003,29.84,1003.2,54.82
2026-01-02 09:47:00,AWS_003,30.76,1005.46,56.08
2026-01-02 09:48:00,AWS_003,29.69,1003.55,58.28
2026-01-02 09:49:00,AWS_003,29.92,1004.88,55.92
2026-01-02 09:50:00,AWS_003,30.82,1004.88,56.22
2026-01-02 09:51:00,AWS_003,30.11,1004.61,57.77
2026-01-02 09:52:00,AWS_003,30.26,1004.1,54.27
2026-01-02 09:53:00,AWS_003,29.64,1004.0,55.88
2026-01-02 09:54:00,AWS_003,30.35,1004.23,61.41
2026-01-02 09:55:00,AWS_003,30.4,1002.76,60.69
2026-01-02 09:56:00,AWS_003,30.05,1004.26,63.35
2026-01-02 09:57:00,AWS_003,29.79,1005.47,60.05
2026-01-02 09:58:00,AWS_003,30.03,1004.09,61.51
2026-01-02 09:59:00,AWS_003,29.14,1004.25,58.11
2026-01-02 10:00:00,AWS_003,30.2,1003.45,58.63
2026-01-02 10:01:00,AWS_003,29.41,1004.42,59.87
2026-01-02 10:02:00,AWS_003,29.62,1003.64,55.3
2026-01-02 10:03:00,AWS_003,30.24,1004.94,60.23
2026-01-02 10:04:00,AWS_003,30.13,1005.18,57.93
2026-01-02 10:05:00,AWS_003,29.03,1005.35,58.32
2026-01-02 10:06:00,AWS_003,29.28,1003.1,61.27
2026-01-02 10:07:00,AWS_003,29.89,1004.83,56.22
2026-01-02 10:08:00,AWS_003,28.92,1004.77,59.48
2026-01-02 10:09:00,AWS_003,30.16,1003.92,60.31
2026-01-02 10:10:00,AWS_003,29.63,1005.2,58.4
2026-01-02 10:11:00,AWS_003,30.12,1004.58,59.58
2026-01-02 10:12:00,AWS_003,29.24,1005.34,59.72
2026-01-02 10:13:00,AWS_003,29.26,1003.23,61.39
2026-01-02 10:14:00,AWS_003,29.91,1003.67,59.28
2026-01-02 10:15:00,AWS_003,29.36,1004.31,57.19
2026-01-02 10:16:00,AWS_003,28.96,1005.18,58.58
2026-01-02 10:17:00,AWS_003,29.67,1004.6,59.09
2026-01-02 10:18:00,AWS_003,28.78,1003.47,58.23
2026-01-02 10:19:00,AWS_003,29.98,1005.65,60.26
2026-01-02 10:20:00,AWS_003,29.46,1003.99,60.21
2026-01-02 10:21:00,AWS_003,29.01,1003.49,60.16
2026-01-02 10:22:00,AWS_003,29.8,1003.61,58.23
2026-01-02 10:23:00,AWS_003,29.79,1003.16,60.33
2026-01-02 10:24:00,AWS_003,29.3,1002.42,62.7
2026-01-02 10:25:00,AWS_003,30.19,1004.13,60.76
2026-01-02 10:26:00,AWS_003,30.16,1002.97,62.36
2026-01-02 10:27:00,AWS_003,29.37,1004.47,60.48
2026-01-02 10:28:00,AWS_003,29.65,1005.0,59.04
2026-01-02 10:29:00,AWS_003,29.73,1004.51,62.08
2026-01-02 10:30:00,AWS_003,28.73,1004.25,57.59
2026-01-02 10:31:00,AWS_003,29.28,1002.98,59.34
2026-01-02 10:32:00,AWS_003,28.87,1004.88,60.22
2026-01-02 10:33:00,AWS_003,28.79,1005.76,61.86
2026-01-02 10:34:00,AWS_003,29.15,1005.33,63.15
2026-01-02 10:35:00,AWS_003,29.16,1003.14,62.34
2026-01-02 10:36:00,AWS_003,28.42,1004.14,62.19
2026-01-02 10:37:00,AWS_003,29.18,1003.97,62.48
2026-01-02 10:38:00,AWS_003,28.92,1003.88,62.81
2026-01-02 10:39:00,AWS_003,29.56,1004.22,58.57
2026-01-02 10:40:00,AWS_003,29.44,1005.93,65.31
2026-01-02 10:41:00,AWS_003,28.62,1004.28,63.16
2026-01-02 10:42:00,AWS_003,29.46,1003.84,60.63
2026-01-02 10:43:00,AWS_003,29.13,1004.43,61.79
2026-01-02 10:44:00,AWS_003,28.81,1003.14,58.47
2026-01-02 10:45:00,AWS_003,28.67,1003.62,60.62
2026-01-02 10:46:00,AWS_003,28.4,1004.98,60.51
2026-01-02 10:47:00,AWS_003,28.35,1004.34,60.39
2026-01-02 10:48:00,AWS_003,28.08,1005.87,62.92
2026-01-02 10:49:00,AWS_003,28.8,1004.4,61.55
2026-01-02 10:50:00,AWS_003,27.95,1003.18,59.0
2026-01-02 10:51:00,AWS_003,28.41,1002.91,59.09
2026-01-02 10:52:00,AWS_003,28.99,1004.98,57.56
2026-01-02 10:53:00,AWS_003,29.31,1003.34,63.3
2026-01-02 10:54:00,AWS_003,28.23,1003.27,61.14
2026-01-02 10:55:00,AWS_003,28.91,1003.76,63.15
2026-01-02 10:56:00,AWS_003,28.52,1004.97,67.97
2026-01-02 10:57:00,AWS_003,28.42,1003.88,59.95
2026-01-02 10:58:00,AWS_003,28.67,1003.5,62.45
2026-01-02 10:59:00,AWS_003,28.32,1005.14,64.73
2026-01-02 11:00:00,AWS_003,28.53,1005.0,60.92
2026-01-02 11:01:00,AWS_003,28.57,1005.5,61.27
2026-01-02 11:02:00,AWS_003,28.99,1005.25,63.06
2026-01-02 11:03:00,AWS_003,29.05,1005.01,67.13
2026-01-02 11:04:00,AWS_003,28.24,1003.56,63.37
2026-01-02 11:05:00,AWS_003,28.35,1004.69,60.46
2026-01-02 11:06:00,AWS_003,28.76,1005.13,60.75
2026-01-02 11:07:00,AWS_003,28.34,1005.65,61.27
2026-01-02 11:08:00,AWS_003,28.68,1004.3,58.66
2026-01-02 11:09:00,AWS_003,28.73,1003.77,62.03
2026-01-02 11:10:00,AWS_003,28.76,1003.45,62.42
2026-01-02 11:11:00,AWS_003,28.37,1004.94,62.55
2026-01-02 11:12:00,AWS_003,27.84,1003.62,59.61
2026-01-02 11:13:00,AWS_003,28.22,1004.24,63.25
2026-01-02 11:14:00,AWS_003,28.06,1003.45,60.64
2026-01-02 11:15:00,AWS_003,28.56,1004.03,62.18
2026-01-02 11:16:00,AWS_003,28.83,1004.5,61.23
2026-01-02 11:17:00,AWS_003,28.82,1004.37,65.07
2026-01-02 11:18:00,AWS_003,28.53,1004.74,61.44
2026-01-02 11:19:00,AWS_003,27.78,1003.05,65.56
2026-01-02 11:20:00,AWS_003,28.7,1004.06,63.19
2026-01-02 11:21:00,AWS_003,28.29,1003.77,63.81
2026-01-02 11:22:00,AWS_003,27.76,1003.36,63.19
2026-01-02 11:23:00,AWS_003,28.42,1003.55,61.37
2026-01-02 11:24:00,AWS_003,27.96,1003.43,63.93
2026-01-02 11:25:00,AWS_003,27.25,1004.43,62.31
2026-01-02 11:26:00,AWS_003,27.62,1004.47,63.86
2026-01-02 11:27:00,AWS_003,27.96,1004.85,64.49
2026-01-02 11:28:00,AWS_003,27.92,1004.41,67.14
2026-01-02 11:29:00,AWS_003,27.52,1004.27,64.32
2026-01-02 11:30:00,AWS_003,28.22,1004.21,65.35
2026-01-02 11:31:00,AWS_003,28.11,1004.68,64.81
2026-01-02 11:32:00,AWS_003,27.3,1002.46,63.09
2026-01-02 11:33:00,AWS_003,28.91,1004.09,64.95
2026-01-02 11:34:00,AWS_003,27.35,1004.39,63.39
2026-01-02 11:35:00,AWS_003,27.63,1005.57,62.87
2026-01-02 11:36:00,AWS_003,27.94,1003.25,61.57
2026-01-02 11:37:00,AWS_003,27.59,1003.22,65.1
2026-01-02 11:38:00,AWS_003,28.33,1002.32,62.71
2026-01-02 11:39:00,AWS_003,27.66,1003.03,65.16
2026-01-02 11:40:00,AWS_003,27.34,1004.02,63.96
2026-01-02 11:41:00,AWS_003,27.93,1003.56,63.44
2026-01-02 11:42:00,AWS_003,26.5,1003.54,62.33
2026-01-02 11:43:00,AWS_003,27.85,1004.16,66.71
2026-01-02 11:44:00,AWS_003,28.13,1004.6,63.38
2026-01-02 11:45:00,AWS_003,26.67,1004.15,67.39
2026-01-02 11:46:00,AWS_003,27.41,1004.16,62.63
2026-01-02 11:47:00,AWS_003,26.89,1004.46,67.34
2026-01-02 11:48:00,AWS_003,27.54,1002.67,64.54
2026-01-02 11:49:00,AWS_003,28.41,1004.24,66.15
2026-01-02 11:50:00,AWS_003,27.58,1004.08,61.88
2026-01-02 11:51:00,AWS_003,27.38,1004.13,61.92
2026-01-02 11:52:00,AWS_003,26.31,1003.67,65.1
2026-01-02 11:53:00,AWS_003,26.98,1003.97,62.61
2026-01-02 11:54:00,AWS_003,27.35,1004.46,67.34
2026-01-02 11:55:00,AWS_003,27.42,1005.42,65.47
2026-01-02 11:56:00,AWS_003,27.49,1002.78,63.5
2026-01-02 11:57:00,AWS_003,27.64,1004.59,63.0
2026-01-02 11:58:00,AWS_003,26.95,1005.11,64.32
2026-01-02 11:59:00,AWS_003,27.31,1003.12,63.81
2026-01-02 12:00:00,AWS_003,27.07,1003.99,65.99
2026-01-02 12:01:00,AWS_003,26.87,1004.36,64.9
2026-01-02 12:02:00,AWS_003,26.88,1005.74,67.44
2026-01-02 12:03:00,AWS_003,27.42,1005.87,66.42
2026-01-02 12:04:00,AWS_003,26.16,1003.12,63.48
2026-01-02 12:05:00,AWS_003,26.42,1003.89,64.41
2026-01-02 12:06:00,AWS_003,28.41,1004.29,63.59
2026-01-02 12:07:00,AWS_003,26.85,1004.58,63.64
2026-01-02 12:08:00,AWS_003,27.68,1004.3,61.83
2026-01-02 12:09:00,AWS_003,27.05,1003.38,67.35
2026-01-02 12:10:00,AWS_003,26.83,1003.34,68.11
2026-01-02 12:11:00,AWS_003,27.29,1002.9,63.6
2026-01-02 12:12:00,AWS_003,27.04,1002.52,63.45
2026-01-02 12:13:00,AWS_003,26.91,1002.88,66.8
2026-01-02 12:14:00,AWS_003,26.95,1005.07,64.09
2026-01-02 12:15:00,AWS_003,27.1,1004.7,68.33
2026-01-02 12:16:00,AWS_003,26.65,1004.58,64.4
2026-01-02 12:17:00,AWS_003,26.71,1003.96,61.61
2026-01-02 12:18:00,AWS_003,26.49,1004.1,65.68
2026-01-02 12:19:00,AWS_003,26.37,1003.92,64.81
2026-01-02 12:20:00,AWS_003,27.57,1002.87,66.34
2026-01-02 12:21:00,AWS_003,26.45,1004.66,65.4
2026-01-02 12:22:00,AWS_003,27.19,1004.82,67.3
2026-01-02 12:23:00,AWS_003,26.63,1003.22,67.05
2026-01-02 12:24:00,AWS_003,26.96,1003.22,66.91
2026-01-02 12:25:00,AWS_003,26.72,1004.42,66.69
2026-01-02 12:26:00,AWS_003,25.99,1004.42,66.36
2026-01-02 12:27:00,AWS_003,26.69,1004.73,63.62
2026-01-02 12:28:00,AWS_003,26.9,1005.27,67.24
2026-01-02 12:29:00,AWS_003,26.26,1003.3,67.98
2026-01-02 12:30:00,AWS_003,27.55,1004.08,67.26
2026-01-02 12:31:00,AWS_003,26.92,1003.34,66.22
2026-01-02 12:32:00,AWS_003,26.9,1003.4,67.85
2026-01-02 12:33:00,AWS_003,26.92,1003.8,67.2
2026-01-02 12:34:00,AWS_003,25.6,1005.3,68.19
2026-01-02 12:35:00,AWS_003,26.79,1005.03,66.65
2026-01-02 12:36:00,AWS_003,27.4,1004.09,64.02
2026-01-02 12:37:00,AWS_003,26.77,1002.42,66.57
2026-01-02 12:38:00,AWS_003,26.34,1004.46,65.08
2026-01-02 12:39:00,AWS_003,25.98,1004.44,66.1
2026-01-02 12:40:00,AWS_003,25.92,1003.4,67.26
2026-01-02 12:41:00,AWS_003,25.85,1004.82,69.12
2026-01-02 12:42:00,AWS_003,26.2,1003.39,68.52
2026-01-02 12:43:00,AWS_003,25.91,1004.81,67.66
2026-01-02 12:44:00,AWS_003,26.25,1004.35,69.79
2026-01-02 12:45:00,AWS_003,26.38,1002.99,67.44
2026-01-02 12:46:00,AWS_003,25.58,1003.87,67.8
2026-01-02 12:47:00,AWS_003,25.94,1004.27,66.69
2026-01-02 12:48:00,AWS_003,26.0,1004.4,65.36
2026-01-02 12:49:00,AWS_003,25.97,1004.98,68.66
2026-01-02 12:50:00,AWS_003,26.19,1005.08,64.46
2026-01-02 12:51:00,AWS_003,26.22,1003.97,65.79
2026-01-02 12:52:00,AWS_003,25.97,1004.61,68.05
2026-01-02 12:53:00,AWS_003,25.85,1005.45,66.05
2026-01-02 12:54:00,AWS_003,26.09,1003.35,67.84
2026-01-02 12:55:00,AWS_003,26.66,1003.68,68.15
2026-01-02 12:56:00,AWS_003,25.48,1002.84,66.78
2026-01-02 12:57:00,AWS_003,26.49,1003.66,68.06
2026-01-02 12:58:00,AWS_003,25.36,1004.33,68.09
2026-01-02 12:59:00,AWS_003,26.14,1002.47,65.77
2026-01-02 13:00:00,AWS_003,26.39,1004.52,69.2
2026-01-02 13:01:00,AWS_003,25.42,1003.79,64.09
2026-01-02 13:02:00,AWS_003,26.07,1004.12,71.96
2026-01-02 13:03:00,AWS_003,25.49,1003.24,69.33
2026-01-02 13:04:00,AWS_003,26.36,1004.09,70.35
2026-01-02 13:05:00,AWS_003,25.23,1005.52,69.68
2026-01-02 13:06:00,AWS_003,25.49,1003.86,68.32
2026-01-02 13:07:00,AWS_003,25.88,1002.41,66.91
2026-01-02 13:08:00,AWS_003,26.09,1005.15,68.46
2026-01-02 13:09:00,AWS_003,25.82,1004.61,70.23
2026-01-02 13:10:00,AWS_003,25.96,1004.26,66.96
2026-01-02 13:11:00,AWS_003,25.53,1004.64,68.97
2026-01-02 13:12:00,AWS_003,25.29,1004.25,65.09
2026-01-02 13:13:00,AWS_003,26.29,1005.5,67.14
2026-01-02 13:14:00,AWS_003,25.88,1004.79,67.09
2026-01-02 13:15:00,AWS_003,25.47,1003.82,72.22
2026-01-02 13:16:00,AWS_003,24.98,1005.38,66.23
2026-01-02 13:17:00,AWS_003,26.11,1005.65,69.75
2026-01-02 13:18:00,AWS_003,26.11,1004.92,72.19
2026-01-02 13:19:00,AWS_003,25.49,1004.52,71.07
2026-01-02 13:20:00,AWS_003,25.29,1003.51,72.15
2026-01-02 13:21:00,AWS_003,25.43,1004.75,72.49
2026-01-02 13:22:00,AWS_003,25.43,1004.51,69.31
2026-01-02 13:23:00,AWS_003,25.81,1004.18,70.2
2026-01-02 13:24:00,AWS_003,25.02,1004.76,69.69
2026-01-02 13:25:00,AWS_003,25.22,1004.27,70.31
2026-01-02 13:26:00,AWS_003,25.36,1004.64,70.24
2026-01-02 13:27:00,AWS_003,25.52,1005.04,72.88
2026-01-02 13:28:00,AWS_003,25.74,1003.14,70.08
2026-01-02 13:29:00,AWS_003,25.5,1003.39,67.64
2026-01-02 13:30:00,AWS_003,26.06,1003.48,70.78
2026-01-02 13:31:00,AWS_003,24.94,1005.77,71.1
2026-01-02 13:32:00,AWS_003,25.9,1004.72,68.04
2026-01-02 13:33:00,AWS_003,24.91,1004.8,68.01
2026-01-02 13:34:00,AWS_003,25.12,1005.12,71.69
2026-01-02 13:35:00,AWS_003,25.41,1003.38,68.77
2026-01-02 13:36:00,AWS_003,25.71,1002.59,69.05
2026-01-02 13:37:00,AWS_003,25.06,1004.17,69.01
2026-01-02 13:38:00,AWS_003,25.35,1004.94,70.47
2026-01-02 13:39:00,AWS_003,25.05,1004.07,72.23
2026-01-02 13:40:00,AWS_003,24.24,1003.13,71.41
2026-01-02 13:41:00,AWS_003,25.12,1003.51,69.19
2026-01-02 13:42:00,AWS_003,24.62,1003.29,72.84
2026-01-02 13:43:00,AWS_003,25.61,1003.75,71.95
2026-01-02 13:44:00,AWS_003,25.59,1003.31,72.25
2026-01-02 13:45:00,AWS_003,24.72,1004.36,72.23
2026-01-02 13:46:00,AWS_003,24.64,1003.8,69.33
2026-01-02 13:47:00,AWS_003,24.77,1004.75,68.56
2026-01-02 13:48:00,AWS_003,25.21,1003.46,69.77
2026-01-02 13:49:00,AWS_003,25.19,1004.45,72.48
2026-01-02 13:50:00,AWS_003,26.32,1004.22,68.18
2026-01-02 13:51:00,AWS_003,24.82,1004.57,67.96
2026-01-02 13:52:00,AWS_003,24.96,1004.68,67.01
2026-01-02 13:53:00,AWS_003,25.68,1004.77,68.17
2026-01-02 13:54:00,AWS_003,25.0,1004.92,69.15
2026-01-02 13:55:00,AWS_003,24.43,1004.69,71.02
2026-01-02 13:56:00,AWS_003,24.98,1004.5,68.51
2026-01-02 13:57:00,AWS_003,25.11,1003.73,72.19
2026-01-02 13:58:00,AWS_003,24.67,1004.95,71.0
2026-01-02 13:59:00,AWS_003,25.11,1003.71,66.87
2026-01-02 14:00:00,AWS_003,25.05,1004.04,70.96
2026-01-02 14:01:00,AWS_003,24.57,1003.58,71.33
2026-01-02 14:02:00,AWS_003,25.35,1003.57,74.92
2026-01-02 14:03:00,AWS_003,24.4,1004.02,71.62
2026-01-02 14:04:00,AWS_003,24.87,1004.09,67.64
2026-01-02 14:05:00,AWS_003,24.43,1003.63,71.68
2026-01-02 14:06:00,AWS_003,23.98,1004.3,71.62
2026-01-02 14:07:00,AWS_003,24.78,1004.41,72.52
2026-01-02 14:08:00,AWS_003,25.39,1003.85,76.63
2026-01-02 14:09:00,AWS_003,24.58,1006.12,70.33
2026-01-02 14:10:00,AWS_003,23.99,1004.56,70.14
2026-01-02 14:11:00,AWS_003,24.65,1004.39,72.43
2026-01-02 14:12:00,AWS_003,24.22,1003.76,75.19
2026-01-02 14:13:00,AWS_003,24.95,1004.41,72.92
2026-01-02 14:14:00,AWS_003,24.42,1004.5,70.94
2026-01-02 14:15:00,AWS_003,23.78,1004.3,73.64
2026-01-02 14:16:00,AWS_003,24.68,1005.44,75.3
2026-01-02 14:17:00,AWS_003,24.54,1002.95,70.22
2026-01-02 14:18:00,AWS_003,24.32,1004.01,69.8
2026-01-02 14:19:00,AWS_003,24.0,1004.89,71.95
2026-01-02 14:20:00,AWS_003,25.12,1003.6,72.49
2026-01-02 14:21:00,AWS_003,24.2,1003.09,74.69
2026-01-02 14:22:00,AWS_003,24.72,1003.91,71.03
2026-01-02 14:23:00,AWS_003,24.16,1005.16,72.81
2026-01-02 14:24:00,AWS_003,24.6,1003.63,75.17
2026-01-02 14:25:00,AWS_003,24.33,1004.05,72.54
2026-01-02 14:26:00,AWS_003,24.31,1004.67,71.35
2026-01-02 14:27:00,AWS_003,23.95,1003.88,73.32
2026-01-02 14:28:00,AWS_003,24.47,1003.99,71.56
2026-01-02 14:29:00,AWS_003,24.8,1003.82,72.94
2026-01-02 14:30:00,AWS_003,23.81,1003.89,71.93
2026-01-02 14:31:00,AWS_003,23.88,1003.42,72.06
2026-01-02 14:32:00,AWS_003,25.37,1004.15,71.58
2026-01-02 14:33:00,AWS_003,23.77,1005.21,71.28
2026-01-02 14:34:00,AWS_003,23.93,1005.62,74.46
2026-01-02 14:35:00,AWS_003,24.69,1005.36,72.89
2026-01-02 14:36:00,AWS_003,24.69,1004.47,75.1
2026-01-02 14:37:00,AWS_003,23.13,1005.69,68.09
2026-01-02 14:38:00,AWS_003,24.39,1006.21,71.59
2026-01-02 14:39:00,AWS_003,23.99,1004.52,71.19
2026-01-02 14:40:00,AWS_003,24.0,1003.58,72.21
2026-01-02 14:41:00,AWS_003,24.5,1005.43,70.69
2026-01-02 14:42:00,AWS_003,23.88,1003.42,69.58
2026-01-02 14:43:00,AWS_003,23.8,1003.68,74.18
2026-01-02 14:44:00,AWS_003,23.86,1002.72,71.69
2026-01-02 14:45:00,AWS_003,23.83,1004.97,74.02
2026-01-02 14:46:00,AWS_003,24.1,1002.54,70.59
2026-01-02 14:47:00,AWS_003,24.47,1005.19,69.72
2026-01-02 14:48:00,AWS_003,24.09,1005.85,73.51
2026-01-02 14:49:00,AWS_003,23.9,1005.79,74.33
2026-01-02 14:50:00,AWS_003,24.11,1003.39,71.88
2026-01-02 14:51:00,AWS_003,24.19,1002.92,71.11
2026-01-02 14:52:00,AWS_003,24.09,1003.9,75.68
2026-01-02 14:53:00,AWS_003,23.58,1005.12,73.11
2026-01-02 14:54:00,AWS_003,24.0,1005.38,71.26
2026-01-02 14:55:00,AWS_003,22.96,1004.95,70.3
2026-01-02 14:56:00,AWS_003,24.41,1004.85,71.96
2026-01-02 14:57:00,AWS_003,24.39,1006.32,72.58
2026-01-02 14:58:00,AWS_003,24.12,1004.05,74.94
2026-01-02 14:59:00,AWS_003,24.25,1003.81,73.41
2026-01-02 15:00:00,AWS_003,23.7,1003.49,73.21
2026-01-02 15:01:00,AWS_003,23.42,1004.79,71.69
2026-01-02 15:02:00,AWS_003,23.2,1004.3,76.32
2026-01-02 15:03:00,AWS_003,24.09,1005.11,75.55
2026-01-02 15:04:00,AWS_003,23.37,1004.09,75.43
2026-01-02 15:05:00,AWS_003,23.51,1004.96,73.55
2026-01-02 15:06:00,AWS_003,23.73,1004.15,74.51
2026-01-02 15:07:00,AWS_003,23.61,1004.33,68.59
2026-01-02 15:08:00,AWS_003,23.72,1004.41,74.18
2026-01-02 15:09:00,AWS_003,22.87,1003.11,77.66
2026-01-02 15:10:00,AWS_003,23.49,1004.36,72.69
2026-01-02 15:11:00,AWS_003,23.9,1004.93,71.91
2026-01-02 15:12:00,AWS_003,23.38,1003.69,73.63
2026-01-02 15:13:00,AWS_003,23.19,1006.01,72.23
2026-01-02 15:14:00,AWS_003,23.91,1004.49,72.14
2026-01-02 15:15:00,AWS_003,23.34,1003.99,74.55
2026-01-02 15:16:00,AWS_003,23.57,1003.97,75.71
2026-01-02 15:17:00,AWS_003,23.4,1005.59,74.64
2026-01-02 15:18:00,AWS_003,23.47,1003.84,71.83
2026-01-02 15:19:00,AWS_003,24.06,1004.74,72.82
2026-01-02 15:20:00,AWS_003,23.67,1005.22,74.83
2026-01-02 15:21:00,AWS_003,22.94,1004.96,75.54
2026-01-02 15:22:00,AWS_003,23.26,1004.07,73.84
2026-01-02 15:23:00,AWS_003,23.23,1005.19,72.51
2026-01-02 15:24:00,AWS_003,23.47,1004.65,75.87
2026-01-02 15:25:00,AWS_003,23.73,1003.15,77.98
2026-01-02 15:26:00,AWS_003,23.37,1005.51,76.64
2026-01-02 15:27:00,AWS_003,23.34,1004.04,78.39
2026-01-02 15:28:00,AWS_003,22.44,1004.4,73.21
2026-01-02 15:29:00,AWS_003,23.85,1004.79,76.55
2026-01-02 15:30:00,AWS_003,23.24,1004.12,77.1
2026-01-02 15:31:00,AWS_003,23.39,1005.16,73.58
2026-01-02 15:32:00,AWS_003,23.38,1003.67,72.93
2026-01-02 15:33:00,AWS_003,22.96,1004.1,72.69
2026-01-02 15:34:00,AWS_003,23.15,1005.54,74.46
2026-01-02 15:35:00,AWS_003,22.93,1004.59,71.67
2026-01-02 15:36:00,AWS_003,23.78,1003.73,78.09
2026-01-02 15:37:00,AWS_003,22.32,1004.64,72.17
2026-01-02 15:38:00,AWS_003,22.82,1004.9,75.61
2026-01-02 15:39:00,AWS_003,23.06,1003.31,70.27
2026-01-02 15:40:00,AWS_003,23.77,1005.91,78.92
2026-01-02 15:41:00,AWS_003,23.44,1006.02,77.36
2026-01-02 15:42:00,AWS_003,22.49,1004.69,71.7
2026-01-02 15:43:00,AWS_003,23.09,1004.44,75.53
2026-01-02 15:44:00,AWS_003,23.41,1004.62,74.47
2026-01-02 15:45:00,AWS_003,24.0,1005.32,75.29
2026-01-02 15:46:00,AWS_003,22.96,1004.97,76.28
2026-01-02 15:47:00,AWS_003,22.61,1004.81,73.43
2026-01-02 15:48:00,AWS_003,23.2,1005.73,74.96
2026-01-02 15:49:00,AWS_003,23.05,1005.53,71.47
2026-01-02 15:50:00,AWS_003,23.24,1003.86,75.29
2026-01-02 15:51:00,AWS_003,23.32,1005.34,71.03
2026-01-02 15:52:00,AWS_003,23.16,1005.56,77.79
2026-01-02 15:53:00,AWS_003,23.23,1004.86,72.27
2026-01-02 15:54:00,AWS_003,23.66,1005.12,75.82
2026-01-02 15:55:00,AWS_003,22.88,1004.4,76.92
2026-01-02 15:56:00,AWS_003,22.49,1003.69,79.01
2026-01-02 15:57:00,AWS_003,23.1,1006.17,78.86
2026-01-02 15:58:00,AWS_003,22.45,1003.59,78.13
2026-01-02 15:59:00,AWS_003,22.5,1006.01,75.33
2026-01-02 16:00:00,AWS_003,22.61,1004.62,77.62
2026-01-02 16:01:00,AWS_003,22.43,1005.67,75.97
2026-01-02 16:02:00,AWS_003,23.38,1004.7,76.17
2026-01-02 16:03:00,AWS_003,22.93,1005.43,74.23
2026-01-02 16:04:00,AWS_003,23.18,1005.05,78.98
2026-01-02 16:05:00,AWS_003,23.09,1004.16,73.91
2026-01-02 16:06:00,AWS_003,22.79,1004.8,73.4
2026-01-02 16:07:00,AWS_003,23.25,1004.59,76.39
2026-01-02 16:08:00,AWS_003,22.66,1005.22,72.01
2026-01-02 16:09:00,AWS_003,22.78,1004.82,75.85
2026-01-02 16:10:00,AWS_003,22.55,1004.94,78.91
2026-01-02 16:11:00,AWS_003,23.38,1003.9,76.5
2026-01-02 16:12:00,AWS_003,22.77,1003.7,75.76
2026-01-02 16:13:00,AWS_003,23.04,1004.79,74.04
2026-01-02 16:14:00,AWS_003,22.56,1004.88,72.73
2026-01-02 16:15:00,AWS_003,23.12,1003.9,77.49
2026-01-02 16:16:00,AWS_003,23.08,1005.2,75.84
2026-01-02 16:17:00,AWS_003,22.12,1005.24,77.06
2026-01-02 16:18:00,AWS_003,22.76,1004.88,71.45
2026-01-02 16:19:00,AWS_003,22.79,1004.77,77.32
2026-01-02 16:20:00,AWS_003,22.62,1003.75,79.85
2026-01-02 16:21:00,AWS_003,23.28,1003.74,78.58
2026-01-02 16:22:00,AWS_003,22.23,1005.09,76.51
2026-01-02 16:23:00,AWS_003,22.53,1004.11,73.85
2026-01-02 16:24:00,AWS_003,22.36,1004.17,76.21
2026-01-02 16:25:00,AWS_003,23.1,1005.01,76.29
2026-01-02 16:26:00,AWS_003,22.27,1006.42,75.01
2026-01-02 16:27:00,AWS_003,21.94,1004.48,75.19
2026-01-02 16:28:00,AWS_003,22.84,1006.44,80.24
2026-01-02 16:29:00,AWS_003,22.6,1004.74,74.13
2026-01-02 16:30:00,AWS_003,23.07,1005.26,75.23
2026-01-02 16:31:00,AWS_003,22.97,1005.58,77.23
2026-01-02 16:32:00,AWS_003,22.62,1005.64,80.49
2026-01-02 16:33:00,AWS_003,22.05,1005.09,75.54
2026-01-02 16:34:00,AWS_003,22.14,1004.64,72.57
2026-01-02 16:35:00,AWS_003,21.9,1005.5,71.91
2026-01-02 16:36:00,AWS_003,22.55,1005.18,81.24
2026-01-02 16:37:00,AWS_003,22.33,1004.49,72.4
2026-01-02 16:38:00,AWS_003,22.51,1005.98,76.39
2026-01-02 16:39:00,AWS_003,22.65,1005.22,73.23
2026-01-02 16:40:00,AWS_003,23.33,1004.26,74.7
2026-01-02 16:41:00,AWS_003,22.8,1004.17,75.0
2026-01-02 16:42:00,AWS_003,22.58,1006.44,72.4
2026-01-02 16:43:00,AWS_003,21.92,1004.48,78.77
2026-01-02 16:44:00,AWS_003,22.55,1005.48,77.21
2026-01-02 16:45:00,AWS_003,22.89,1005.18,75.51
2026-01-02 16:46:00,AWS_003,22.68,1005.46,75.23
2026-01-02 16:47:00,AWS_003,22.1,1006.42,78.57
2026-01-02 16:48:00,AWS_003,22.36,1005.7,76.59
2026-01-02 16:49:00,AWS_003,22.54,1005.57,80.6
2026-01-02 16:50:00,AWS_003,22.34,1004.75,75.55
2026-01-02 16:51:00,AWS_003,22.25,1004.38,77.31
2026-01-02 16:52:00,AWS_003,21.63,1006.85,74.01
2026-01-02 16:53:00,AWS_003,22.17,1004.89,75.62
2026-01-02 16:54:00,AWS_003,22.58,1004.84,78.58
2026-01-02 16:55:00,AWS_003,22.82,1005.17,78.88
2026-01-02 16:56:00,AWS_003,22.49,1005.09,80.22
2026-01-02 16:57:00,AWS_003,22.88,1006.22,77.44
2026-01-02 16:58:00,AWS_003,22.42,1005.38,79.04
2026-01-02 16:59:00,AWS_003,22.09,1003.91,77.83
2026-01-02 17:00:00,AWS_003,22.25,1004.43,75.77
2026-01-02 17:01:00,AWS_003,22.63,1004.98,73.58
2026-01-02 17:02:00,AWS_003,22.32,1005.79,76.15
2026-01-02 17:03:00,AWS_003,22.17,1003.76,74.34
2026-01-02 17:04:00,AWS_003,21.79,1005.38,78.75
2026-01-02 17:05:00,AWS_003,22.06,1005.57,78.88
2026-01-02 17:06:00,AWS_003,22.25,1005.7,74.64
2026-01-02 17:07:00,AWS_003,22.17,1004.93,78.9
2026-01-02 17:08:00,AWS_003,22.01,1005.84,74.33
2026-01-02 17:09:00,AWS_003,23.02,1004.36,79.59
2026-01-02 17:10:00,AWS_003,22.63,1005.77,76.39
2026-01-02 17:11:00,AWS_003,23.26,1004.97,77.64
2026-01-02 17:12:00,AWS_003,21.74,1005.06,79.64
2026-01-02 17:13:00,AWS_003,22.5,1005.06,77.94
2026-01-02 17:14:00,AWS_003,22.2,1005.56,76.49
2026-01-02 17:15:00,AWS_003,22.37,1004.16,78.52
2026-01-02 17:16:00,AWS_003,23.1,1005.76,74.84
2026-01-02 17:17:00,AWS_003,21.66,1005.75,72.93
2026-01-02 17:18:00,AWS_003,22.12,1004.82,79.09
2026-01-02 17:19:00,AWS_003,22.05,1005.07,74.18
2026-01-02 17:20:00,AWS_003,22.12,1004.38,78.66
2026-01-02 17:21:00,AWS_003,21.5,1004.15,77.11
2026-01-02 17:22:00,AWS_003,22.85,1005.24,76.81
2026-01-02 17:23:00,AWS_003,22.86,1005.25,74.95
2026-01-02 17:24:00,AWS_003,22.56,1004.82,75.95
2026-01-02 17:25:00,AWS_003,21.79,1004.1,76.89
2026-01-02 17:26:00,AWS_003,22.44,1005.47,77.27
2026-01-02 17:27:00,AWS_003,22.67,1004.82,75.07
2026-01-02 17:28:00,AWS_003,22.47,1004.52,78.37
2026-01-02 17:29:00,AWS_003,22.3,1006.14,78.5
2026-01-02 17:30:00,AWS_003,22.88,1004.35,77.87
2026-01-02 17:31:00,AWS_003,22.03,1005.58,76.03
2026-01-02 17:32:00,AWS_003,22.24,1003.94,78.63
2026-01-02 17:33:00,AWS_003,22.55,1004.0,78.16
2026-01-02 17:34:00,AWS_003,22.43,1005.54,73.01
2026-01-02 17:35:00,AWS_003,22.52,1004.89,77.35
2026-01-02 17:36:00,AWS_003,22.51,1004.23,80.8
2026-01-02 17:37:00,AWS_003,22.5,1005.93,78.88
2026-01-02 17:38:00,AWS_003,22.15,1005.47,79.25
2026-01-02 17:39:00,AWS_003,22.01,1003.48,75.55
2026-01-02 17:40:00,AWS_003,22.34,1005.95,77.21
2026-01-02 17:41:00,AWS_003,22.89,1004.34,76.59
2026-01-02 17:42:00,AWS_003,22.27,1003.83,76.96
2026-01-02 17:43:00,AWS_003,22.52,1004.55,75.94
2026-01-02 17:44:00,AWS_003,22.33,1005.18,74.5
2026-01-02 17:45:00,AWS_003,23.09,1005.28,77.1
2026-01-02 17:46:00,AWS_003,22.22,1003.91,75.42
2026-01-02 17:47:00,AWS_003,22.52,1004.1,78.15
2026-01-02 17:48:00,AWS_003,21.99,1004.62,76.92
2026-01-02 17:49:00,AWS_003,21.83,1004.68,73.13
2026-01-02 17:50:00,AWS_003,22.27,1005.85,79.75
2026-01-02 17:51:00,AWS_003,22.75,1004.92,77.86
2026-01-02 17:52:00,AWS_003,22.53,1005.85,76.08
2026-01-02 17:53:00,AWS_003,21.44,1006.14,76.32
2026-01-02 17:54:00,AWS_003,22.56,1005.71,74.54
2026-01-02 17:55:00,AWS_003,21.66,1002.82,76.87
2026-01-02 17:56:00,AWS_003,22.61,1005.04,78.36
2026-01-02 17:57:00,AWS_003,22.49,1005.15,80.49
2026-01-02 17:58:00,AWS_003,22.21,1005.25,76.82
2026-01-02 17:59:00,AWS_003,22.56,1003.63,77.1
2026-01-02 18:00:00,AWS_003,22.16,1004.69,79.39
2026-01-02 18:01:00,AWS_003,22.33,1004.22,74.68
2026-01-02 18:02:00,AWS_003,21.69,1004.58,77.29
2026-01-02 18:03:00,AWS_003,22.17,1005.12,75.49
2026-01-02 18:04:00,AWS_003,22.64,1004.74,77.26
2026-01-02 18:05:00,AWS_003,21.74,1004.65,78.87
2026-01-02 18:06:00,AWS_003,22.6,1005.19,73.69
2026-01-02 18:07:00,AWS_003,21.46,1004.96,79.22
2026-01-02 18:08:00,AWS_003,21.8,1005.52,77.71
2026-01-02 18:09:00,AWS_003,22.15,1005.03,77.27
2026-01-02 18:10:00,AWS_003,22.34,1004.11,79.68
2026-01-02 18:11:00,AWS_003,22.05,1004.55,75.4
2026-01-02 18:12:00,AWS_003,22.04,1005.12,74.3
2026-01-02 18:13:00,AWS_003,22.72,1005.03,74.93
2026-01-02 18:14:00,AWS_003,22.75,1004.26,78.04
2026-01-02 18:15:00,AWS_003,22.11,1005.94,75.98
2026-01-02 18:16:00,AWS_003,22.12,1005.66,75.22
2026-01-02 18:17:00,AWS_003,22.17,1004.93,75.01
2026-01-02 18:18:00,AWS_003,23.17,1005.29,77.31
2026-01-02 18:19:00,AWS_003,22.29,1004.57,76.9
2026-01-02 18:20:00,AWS_003,22.92,1006.11,74.12
2026-01-02 18:21:00,AWS_003,22.58,1007.09,74.18
2026-01-02 18:22:00,AWS_003,22.25,1004.93,75.89
2026-01-02 18:23:00,AWS_003,22.04,1006.43,78.78
2026-01-02 18:24:00,AWS_003,22.61,1004.77,76.08
2026-01-02 18:25:00,AWS_003,21.98,1005.04,73.98
2026-01-02 18:26:00,AWS_003,22.15,1006.62,76.75
2026-01-02 18:27:00,AWS_003,22.57,1005.38,76.99
2026-01-02 18:28:00,AWS_003,22.21,1006.03,73.94
2026-01-02 18:29:00,AWS_003,22.15,1005.28,74.47
2026-01-02 18:30:00,AWS_003,22.19,1004.06,78.39
2026-01-02 18:31:00,AWS_003,22.04,1007.37,74.43
2026-01-02 18:32:00,AWS_003,22.5,1005.34,78.46
2026-01-02 18:33:00,AWS_003,22.34,1005.64,73.78
2026-01-02 18:34:00,AWS_003,21.78,1004.94,73.85
2026-01-02 18:35:00,AWS_003,22.13,1006.15,76.91
2026-01-02 18:36:00,AWS_003,22.18,1006.1,75.34
2026-01-02 18:37:00,AWS_003,22.18,1004.3,75.77
2026-01-02 18:38:00,AWS_003,22.58,1005.69,77.14
2026-01-02 18:39:00,AWS_003,22.06,1006.26,75.7
2026-01-02 18:40:00,AWS_003,23.43,1006.52,74.92
2026-01-02 18:41:00,AWS_003,22.9,1006.09,77.79
2026-01-02 18:42:00,AWS_003,22.91,1006.16,77.16
2026-01-02 18:43:00,AWS_003,21.94,1005.15,76.88
2026-01-02 18:44:00,AWS_003,21.55,1004.61,76.74
2026-01-02 18:45:00,AWS_003,22.23,1005.35,75.17
2026-01-02 18:46:00,AWS_003,22.49,1004.6,74.74
2026-01-02 18:47:00,AWS_003,22.31,1005.02,76.06
2026-01-02 18:48:00,AWS_003,22.17,1005.01,75.17
2026-01-02 18:49:00,AWS_003,21.69,1004.87,76.7
2026-01-02 18:50:00,AWS_003,22.12,1006.06,75.93
2026-01-02 18:51:00,AWS_003,22.3,1004.83,76.74
2026-01-02 18:52:00,AWS_003,22.2,1007.11,76.51
2026-01-02 18:53:00,AWS_003,22.2,1006.44,80.21
2026-01-02 18:54:00,AWS_003,22.09,1006.61,73.9
2026-01-02 18:55:00,AWS_003,23.07,1005.11,76.28
2026-01-02 18:56:00,AWS_003,22.7,1005.83,74.43
2026-01-02 18:57:00,AWS_003,22.81,1004.84,75.66
2026-01-02 18:58:00,AWS_003,22.54,1005.86,74.98
2026-01-02 18:59:00,AWS_003,21.9,1004.28,77.88
2026-01-02 19:00:00,AWS_003,22.73,1006.55,73.64
2026-01-02 19:01:00,AWS_003,22.98,1005.19,78.14
2026-01-02 19:02:00,AWS_003,23.05,1005.96,77.62
2026-01-02 19:03:00,AWS_003,22.71,1006.11,80.66
2026-01-02 19:04:00,AWS_003,22.46,1005.28,80.14
2026-01-02 19:05:00,AWS_003,22.47,1005.1,74.92
2026-01-02 19:06:00,AWS_003,22.68,1005.65,78.98
2026-01-02 19:07:00,AWS_003,21.82,1006.39,75.84
2026-01-02 19:08:00,AWS_003,22.74,1005.64,77.08
2026-01-02 19:09:00,AWS_003,22.3,1006.24,79.9
2026-01-02 19:10:00,AWS_003,23.38,1006.4,74.93
2026-01-02 19:11:00,AWS_003,22.39,1005.62,76.54
2026-01-02 19:12:00,AWS_003,22.59,1005.69,72.52
2026-01-02 19:13:00,AWS_003,22.58,1005.9,78.17
2026-01-02 19:14:00,AWS_003,22.25,1006.71,80.59
2026-01-02 19:15:00,AWS_003,22.72,1005.53,77.51
2026-01-02 19:16:00,AWS_003,22.68,1006.72,79.08
2026-01-02 19:17:00,AWS_003,22.96,1006.02,78.61
2026-01-02 19:18:00,AWS_003,22.84,1005.24,74.9
2026-01-02 19:19:00,AWS_003,22.64,1005.8,76.94
2026-01-02 19:20:00,AWS_003,22.24,1004.94,77.26
2026-01-02 19:21:00,AWS_003,22.26,1004.77,73.93
2026-01-02 19:22:00,AWS_003,23.25,1006.34,79.13
2026-01-02 19:23:00,AWS_003,22.63,1006.5,75.21
2026-01-02 19:24:00,AWS_003,23.43,1005.84,75.77
2026-01-02 19:25:00,AWS_003,22.28,1005.91,75.66
2026-01-02 19:26:00,AWS_003,23.49,1005.42,76.24
2026-01-02 19:27:00,AWS_003,22.25,1006.03,82.01
2026-01-02 19:28:00,AWS_003,22.46,1007.48,74.91
2026-01-02 19:29:00,AWS_003,22.82,1006.71,73.01
2026-01-02 19:30:00,AWS_003,23.05,1005.85,76.41
2026-01-02 19:31:00,AWS_003,22.93,1005.79,74.34
2026-01-02 19:32:00,AWS_003,21.9,1005.63,75.23
2026-01-02 19:33:00,AWS_003,22.45,1004.81,77.27
2026-01-02 19:34:00,AWS_003,22.23,1005.56,73.83
2026-01-02 19:35:00,AWS_003,22.14,1006.49,75.26
2026-01-02 19:36:00,AWS_003,22.69,1005.21,76.55
2026-01-02 19:37:00,AWS_003,21.87,1005.74,74.38
2026-01-02 19:38:00,AWS_003,23.12,1005.08,75.84
2026-01-02 19:39:00,AWS_003,23.03,1006.61,76.48
2026-01-02 19:40:00,AWS_003,23.39,1004.97,75.64
2026-01-02 19:41:00,AWS_003,22.32,1006.47,76.17
2026-01-02 19:42:00,AWS_003,22.37,1006.82,76.54
2026-01-02 19:43:00,AWS_003,23.19,1005.75,74.46
2026-01-02 19:44:00,AWS_003,23.23,1005.47,72.85
2026-01-02 19:45:00,AWS_003,23.32,1006.4,73.69
2026-01-02 19:46:00,AWS_003,23.26,1007.31,73.34
2026-01-02 19:47:00,AWS_003,22.89,1007.11,78.18
2026-01-02 19:48:00,AWS_003,22.63,1005.99,72.22
2026-01-02 19:49:00,AWS_003,23.12,1005.35,76.92
2026-01-02 19:50:00,AWS_003,22.66,1005.87,74.28
2026-01-02 19:51:00,AWS_003,22.89,1004.72,77.69
2026-01-02 19:52:00,AWS_003,22.7,1005.63,74.75
2026-01-02 19:53:00,AWS_003,22.97,1006.44,75.63
2026-01-02 19:54:00,AWS_003,23.37,1005.8,76.58
2026-01-02 19:55:00,AWS_003,22.75,1005.62,78.03
2026-01-02 19:56:00,AWS_003,22.7,1006.06,74.36
2026-01-02 19:57:00,AWS_003,22.86,1005.9,74.24
2026-01-02 19:58:00,AWS_003,22.45,1006.72,76.47
2026-01-02 19:59:00,AWS_003,23.19,1005.07,72.24
2026-01-02 20:00:00,AWS_003,22.99,1006.56,71.96
2026-01-02 20:01:00,AWS_003,22.94,1006.11,76.1
2026-01-02 20:02:00,AWS_003,23.09,1006.5,76.68
2026-01-02 20:03:00,AWS_003,22.38,1005.05,75.98
2026-01-02 20:04:00,AWS_003,23.54,1006.87,75.09
2026-01-02 20:05:00,AWS_003,22.79,1006.61,74.18
2026-01-02 20:06:00,AWS_003,22.86,1007.52,78.41
2026-01-02 20:07:00,AWS_003,23.36,1005.52,78.64
2026-01-02 20:08:00,AWS_003,23.27,1005.73,75.39
2026-01-02 20:09:00,AWS_003,23.84,1004.78,73.78
2026-01-02 20:10:00,AWS_003,22.67,1005.55,73.1
2026-01-02 20:11:00,AWS_003,22.69,1007.37,75.95
2026-01-02 20:12:00,AWS_003,22.6,1006.46,72.61
2026-01-02 20:13:00,AWS_003,23.14,1005.65,72.62
2026-01-02 20:14:00,AWS_003,22.99,1006.35,74.04
2026-01-02 20:15:00,AWS_003,22.83,1006.2,75.99
2026-01-02 20:16:00,AWS_003,23.1,1004.73,77.89
2026-01-02 20:17:00,AWS_003,22.72,1004.88,75.42
2026-01-02 20:18:00,AWS_003,23.77,1007.16,75.88
2026-01-02 20:19:00,AWS_003,22.88,1006.87,76.83
2026-01-02 20:20:00,AWS_003,22.94,1005.1,76.61
2026-01-02 20:21:00,AWS_003,22.23,1006.19,73.7
2026-01-02 20:22:00,AWS_003,22.54,1005.73,76.51
2026-01-02 20:23:00,AWS_003,22.98,1007.18,76.8
2026-01-02 20:24:00,AWS_003,23.1,1006.68,75.33
2026-01-02 20:25:00,AWS_003,23.52,1005.44,74.95
2026-01-02 20:26:00,AWS_003,22.65,1006.43,75.85
2026-01-02 20:27:00,AWS_003,23.44,1006.31,75.61
2026-01-02 20:28:00,AWS_003,23.53,1006.32,70.86
2026-01-02 20:29:00,AWS_003,23.56,1005.95,75.41
2026-01-02 20:30:00,AWS_003,23.72,1006.39,76.88
2026-01-02 20:31:00,AWS_003,22.85,1005.69,76.47
2026-01-02 20:32:00,AWS_003,23.55,1005.43,75.21
2026-01-02 20:33:00,AWS_003,24.05,1005.39,74.72
2026-01-02 20:34:00,AWS_003,23.92,1005.56,73.6
2026-01-02 20:35:00,AWS_003,24.13,1006.74,74.13
2026-01-02 20:36:00,AWS_003,23.48,1006.77,75.78
2026-01-02 20:37:00,AWS_003,23.16,1007.59,75.06
2026-01-02 20:38:00,AWS_003,22.4,1006.25,76.07
2026-01-02 20:39:00,AWS_003,22.93,1007.0,73.19
2026-01-02 20:40:00,AWS_003,23.23,1006.48,76.36
2026-01-02 20:41:00,AWS_003,23.31,1006.69,72.92
2026-01-02 20:42:00,AWS_003,23.15,1007.11,74.53
2026-01-02 20:43:00,AWS_003,23.62,1006.93,72.97
2026-01-02 20:44:00,AWS_003,23.57,1006.56,73.86
2026-01-02 20:45:00,AWS_003,23.53,1005.99,78.09
2026-01-02 20:46:00,AWS_003,23.84,1006.71,75.01
2026-01-02 20:47:00,AWS_003,23.35,1007.59,74.4
2026-01-02 20:48:00,AWS_003,23.99,1006.65,76.74
2026-01-02 20:49:00,AWS_003,23.09,1006.2,68.75
2026-01-02 20:50:00,AWS_003,23.46,1007.18,73.53
2026-01-02 20:51:00,AWS_003,23.72,1005.42,72.81
2026-01-02 20:52:00,AWS_003,22.84,1006.25,72.06
2026-01-02 20:53:00,AWS_003,23.43,1005.76,70.68
2026-01-02 20:54:00,AWS_003,23.93,1006.46,73.27
2026-01-02 20:55:00,AWS_003,23.49,1007.56,75.06
2026-01-02 20:56:00,AWS_003,22.94,1007.08,73.34
2026-01-02 20:57:00,AWS_003,23.33,1005.09,75.19
2026-01-02 20:58:00,AWS_003,23.16,1006.09,73.7
2026-01-02 20:59:00,AWS_003,23.92,1005.4,75.85
2026-01-02 21:00:00,AWS_003,23.78,1007.45,72.48
2026-01-02 21:01:00,AWS_003,23.12,1006.15,69.7
2026-01-02 21:02:00,AWS_003,23.11,1006.68,70.25
2026-01-02 21:03:00,AWS_003,23.49,1006.73,72.38
2026-01-02 21:04:00,AWS_003,23.81,1006.8,71.58
2026-01-02 21:05:00,AWS_003,23.54,1004.33,72.12
2026-01-02 21:06:00,AWS_003,23.97,1006.94,75.54
2026-01-02 21:07:00,AWS_003,23.97,1006.22,70.22
2026-01-02 21:08:00,AWS_003,24.07,1007.35,76.2
2026-01-02 21:09:00,AWS_003,23.31,1006.84,71.53
2026-01-02 21:10:00,AWS_003,23.78,1007.19,70.62
2026-01-02 21:11:00,AWS_003,24.34,1006.11,72.79
2026-01-02 21:12:00,AWS_003,23.65,1005.8,76.03
2026-01-02 21:13:00,AWS_003,23.61,1007.42,71.57
2026-01-02 21:14:00,AWS_003,23.76,1007.17,71.75
2026-01-02 21:15:00,AWS_003,23.77,1006.9,71.84
2026-01-02 21:16:00,AWS_003,24.04,1006.91,75.17
2026-01-02 21:17:00,AWS_003,23.77,1007.08,71.94
2026-01-02 21:18:00,AWS_003,23.21,1005.72,73.69
2026-01-02 21:19:00,AWS_003,24.51,1007.62,72.99
2026-01-02 21:20:00,AWS_003,24.26,1006.64,72.49
2026-01-02 21:21:00,AWS_003,24.13,1006.67,71.68
2026-01-02 21:22:00,AWS_003,24.05,1006.45,76.57
2026-01-02 21:23:00,AWS_003,23.98,1004.82,78.18
2026-01-02 21:24:00,AWS_003,23.8,1007.26,70.78
2026-01-02 21:25:00,AWS_003,23.39,1006.01,70.37
2026-01-02 21:26:00,AWS_003,24.81,1006.9,72.55
2026-01-02 21:27:00,AWS_003,24.18,1006.17,67.88
2026-01-02 21:28:00,AWS_003,23.55,1006.56,72.48
2026-01-02 21:29:00,AWS_003,23.8,1006.52,76.36
2026-01-02 21:30:00,AWS_003,24.35,1006.17,71.11
2026-01-02 21:31:00,AWS_003,24.36,1006.68,74.42
2026-01-02 21:32:00,AWS_003,23.96,1006.48,75.16
2026-01-02 21:33:00,AWS_003,23.85,1006.04,70.46
2026-01-02 21:34:00,AWS_003,24.07,1007.82,72.49
2026-01-02 21:35:00,AWS_003,23.54,1006.25,72.8
2026-01-02 21:36:00,AWS_003,24.14,1007.35,73.51
2026-01-02 21:37:00,AWS_003,24.16,1007.44,73.61
2026-01-02 21:38:00,AWS_003,24.98,1007.65,74.21
2026-01-02 21:39:00,AWS_003,24.2,1006.49,70.36
2026-01-02 21:40:00,AWS_003,24.5,1006.77,72.23
2026-01-02 21:41:00,AWS_003,25.06,1006.81,74.8
2026-01-02 21:42:00,AWS_003,24.01,1007.37,74.98
2026-01-02 21:43:00,AWS_003,24.21,1006.76,72.2
2026-01-02 21:44:00,AWS_003,24.26,1007.33,70.65
2026-01-02 21:45:00,AWS_003,23.82,1006.77,73.74
2026-01-02 21:46:00,AWS_003,24.4,1007.88,72.7
2026-01-02 21:47:00,AWS_003,24.99,1006.98,72.61
2026-01-02 21:48:00,AWS_003,24.88,1006.89,73.09
2026-01-02 21:49:00,AWS_003,25.04,1007.28,69.59
2026-01-02 21:50:00,AWS_003,24.33,1008.32,73.14
2026-01-02 21:51:00,AWS_003,24.15,1006.54,71.71
2026-01-02 21:52:00,AWS_003,25.52,1007.86,73.64
2026-01-02 21:53:00,AWS_003,24.72,1006.39,71.36
2026-01-02 21:54:00,AWS_003,24.01,1007.08,72.44
2026-01-02 21:55:00,AWS_003,25.7,1006.42,72.14
2026-01-02 21:56:00,AWS_003,24.66,1006.77,70.09
2026-01-02 21:57:00,AWS_003,23.53,1006.53,69.33
2026-01-02 21:58:00,AWS_003,25.31,1007.64,72.7
2026-01-02 21:59:00,AWS_003,23.83,1006.69,69.33
2026-01-02 22:00:00,AWS_003,24.88,1007.52,70.33
2026-01-02 22:01:00,AWS_003,25.13,1006.69,70.22
2026-01-02 22:02:00,AWS_003,25.08,1007.11,71.64
2026-01-02 22:03:00,AWS_003,25.45,1008.29,72.21
2026-01-02 22:04:00,AWS_003,25.25,1006.54,67.7
2026-01-02 22:05:00,AWS_003,25.61,1006.56,69.32
2026-01-02 22:06:00,AWS_003,24.85,1006.95,69.18
2026-01-02 22:07:00,AWS_003,24.74,1007.14,70.22
2026-01-02 22:08:00,AWS_003,24.78,1007.66,66.65
2026-01-02 22:09:00,AWS_003,25.49,1007.21,72.85
2026-01-02 22:10:00,AWS_003,24.7,1007.38,70.66
2026-01-02 22:11:00,AWS_003,25.32,1006.27,70.23
2026-01-02 22:12:00,AWS_003,24.66,1007.44,71.96
2026-01-02 22:13:00,AWS_003,24.68,1007.47,71.44
2026-01-02 22:14:00,AWS_003,25.51,1007.76,71.37
2026-01-02 22:15:00,AWS_003,25.23,1006.96,70.28
2026-01-02 22:16:00,AWS_003,24.21,1007.23,70.47
2026-01-02 22:17:00,AWS_003,24.76,1007.81,71.9
2026-01-02 22:18:00,AWS_003,24.09,1006.4,71.23
2026-01-02 22:19:00,AWS_003,24.99,1005.82,73.58
2026-01-02 22:20:00,AWS_003,25.05,1006.38,70.35
2026-01-02 22:21:00,AWS_003,24.99,1006.77,71.33
2026-01-02 22:22:00,AWS_003,25.68,1008.14,69.73
2026-01-02 22:23:00,AWS_003,25.38,1008.92,70.58
2026-01-02 22:24:00,AWS_003,26.22,1006.58,70.63
2026-01-02 22:25:00,AWS_003,25.47,1007.24,68.95
2026-01-02 22:26:00,AWS_003,25.5,1006.9,68.49
2026-01-02 22:27:00,AWS_003,25.4,1007.71,71.02
2026-01-02 22:28:00,AWS_003,25.21,1007.56,70.6
2026-01-02 22:29:00,AWS_003,25.08,1006.64,72.58
2026-01-02 22:30:00,AWS_003,25.26,1006.86,69.6
2026-01-02 22:31:00,AWS_003,25.3,1007.25,67.55
2026-01-02 22:32:00,AWS_003,25.36,1008.36,69.52
2026-01-02 22:33:00,AWS_003,25.67,1006.86,70.99
2026-01-02 22:34:00,AWS_003,25.56,1006.15,65.15
2026-01-02 22:35:00,AWS_003,25.25,1008.44,69.34
2026-01-02 22:36:00,AWS_003,25.18,1007.8,70.63
2026-01-02 22:37:00,AWS_003,25.59,1006.48,69.72
2026-01-02 22:38:00,AWS_003,25.15,1007.67,68.49
2026-01-02 22:39:00,AWS_003,25.37,1008.08,66.75
2026-01-02 22:40:00,AWS_003,25.35,1007.51,69.08
2026-01-02 22:41:00,AWS_003,26.55,1008.54,66.61
2026-01-02 22:42:00,AWS_003,25.09,1007.9,70.35
2026-01-02 22:43:00,AWS_003,25.3,1007.71,69.08
2026-01-02 22:44:00,AWS_003,25.42,1007.64,71.9
2026-01-02 22:45:00,AWS_003,25.48,1007.59,64.95
2026-01-02 22:46:00,AWS_003,26.08,1008.19,68.13
2026-01-02 22:47:00,AWS_003,25.6,1007.38,70.22
2026-01-02 22:48:00,AWS_003,25.19,1008.27,70.99
2026-01-02 22:49:00,AWS_003,26.32,1007.77,70.21
2026-01-02 22:50:00,AWS_003,25.87,1007.61,66.7
2026-01-02 22:51:00,AWS_003,25.95,1007.29,67.6
2026-01-02 22:52:00,AWS_003,26.07,1007.3,64.04
2026-01-02 22:53:00,AWS_003,25.34,1007.81,68.55
2026-01-02 22:54:00,AWS_003,25.85,1008.37,70.73
2026-01-02 22:55:00,AWS_003,26.2,1007.97,68.37
2026-01-02 22:56:00,AWS_003,25.63,1007.01,69.46
2026-01-02 22:57:00,AWS_003,26.03,1006.31,69.36
2026-01-02 22:58:00,AWS_003,26.15,1008.19,67.57
2026-01-02 22:59:00,AWS_003,25.37,1009.75,63.29
2026-01-02 23:00:00,AWS_003,25.56,1007.39,70.79
2026-01-02 23:01:00,AWS_003,25.08,1007.25,68.92
2026-01-02 23:02:00,AWS_003,26.11,1008.29,65.5
2026-01-02 23:03:00,AWS_003,26.79,1006.95,68.7
2026-01-02 23:04:00,AWS_003,25.78,1008.84,68.3
2026-01-02 23:05:00,AWS_003,26.0,1007.99,70.47
2026-01-02 23:06:00,AWS_003,26.51,1007.64,68.75
2026-01-02 23:07:00,AWS_003,26.23,1007.05,68.7
2026-01-02 23:08:00,AWS_003,25.75,1008.39,68.1
2026-01-02 23:09:00,AWS_003,26.78,1007.34,66.11
2026-01-02 23:10:00,AWS_003,26.27,1008.27,68.94
2026-01-02 23:11:00,AWS_003,26.12,1008.03,67.5
2026-01-02 23:12:00,AWS_003,26.17,1008.75,65.59
2026-01-02 23:13:00,AWS_003,26.49,1007.85,66.13
2026-01-02 23:14:00,AWS_003,26.03,1010.23,65.12
2026-01-02 23:15:00,AWS_003,26.92,1008.19,69.46
2026-01-02 23:16:00,AWS_003,26.82,1007.87,71.25
2026-01-02 23:17:00,AWS_003,26.34,1007.45,69.55
2026-01-02 23:18:00,AWS_003,26.38,1008.47,67.94
2026-01-02 23:19:00,AWS_003,26.04,1007.48,67.0
2026-01-02 23:20:00,AWS_003,26.15,1007.17,66.5
2026-01-02 23:21:00,AWS_003,25.97,1007.42,65.06
2026-01-02 23:22:00,AWS_003,26.36,1007.65,70.87
2026-01-02 23:23:00,AWS_003,26.49,1009.61,64.86
2026-01-02 23:24:00,AWS_003,25.85,1008.05,65.18
2026-01-02 23:25:00,AWS_003,26.78,1007.3,66.43
2026-01-02 23:26:00,AWS_003,26.18,1008.71,66.55
2026-01-02 23:27:00,AWS_003,26.72,1008.0,67.93
2026-01-02 23:28:00,AWS_003,26.9,1008.89,65.32
2026-01-02 23:29:00,AWS_003,27.12,1009.39,62.64
2026-01-02 23:30:00,AWS_003,27.06,1006.68,66.1
2026-01-02 23:31:00,AWS_003,27.3,1005.98,66.19
2026-01-02 23:32:00,AWS_003,26.99,1009.48,65.97
2026-01-02 23:33:00,AWS_003,26.75,1007.35,65.89
2026-01-02 23:34:00,AWS_003,26.51,1006.55,65.66
2026-01-02 23:35:00,AWS_003,26.68,1007.5,63.66
2026-01-02 23:36:00,AWS_003,27.4,1007.15,69.18
2026-01-02 23:37:00,AWS_003,26.69,1007.32,69.01
2026-01-02 23:38:00,AWS_003,26.79,1008.63,68.94
2026-01-02 23:39:00,AWS_003,27.4,1007.66,63.73
2026-01-02 23:40:00,AWS_003,26.74,1006.67,66.85
2026-01-02 23:41:00,AWS_003,26.54,1007.99,65.15
2026-01-02 23:42:00,AWS_003,27.33,1007.3,64.99
2026-01-02 23:43:00,AWS_003,26.57,1007.79,64.03
2026-01-02 23:44:00,AWS_003,27.08,1007.84,70.97
2026-01-02 23:45:00,AWS_003,27.03,1008.68,65.29
2026-01-02 23:46:00,AWS_003,27.09,1007.61,63.89
2026-01-02 23:47:00,AWS_003,26.02,1008.58,65.96
2026-01-02 23:48:00,AWS_003,27.32,1006.75,67.15
2026-01-02 23:49:00,AWS_003,27.01,1008.76,65.29
2026-01-02 23:50:00,AWS_003,27.3,1009.09,66.01
2026-01-02 23:51:00,AWS_003,27.27,1007.87,67.47
2026-01-02 23:52:00,AWS_003,27.22,1007.41,63.51
2026-01-02 23:53:00,AWS_003,26.96,1007.21,65.72
2026-01-02 23:54:00,AWS_003,26.98,1008.06,64.04
2026-01-02 23:55:00,AWS_003,27.14,1009.06,63.71
2026-01-02 23:56:00,AWS_003,27.25,1007.76,68.71
2026-01-02 23:57:00,AWS_003,27.03,1009.0,64.98
2026-01-02 23:58:00,AWS_003,27.6,1007.2,62.98
2026-01-02 23:59:00,AWS_003,27.12,1007.84,64.83
2026-01-03 00:00:00,AWS_003,26.88,1008.1,62.58
2026-01-03 00:01:00,AWS_003,27.53,1008.32,64.51
2026-01-03 00:02:00,AWS_003,28.07,1007.89,63.54
2026-01-03 00:03:00,AWS_003,26.87,1009.16,65.86
2026-01-03 00:04:00,AWS_003,27.31,1009.18,68.66
2026-01-03 00:05:00,AWS_003,27.8,1008.04,64.39
2026-01-03 00:06:00,AWS_003,27.63,1007.77,63.4
2026-01-03 00:07:00,AWS_003,27.67,1007.72,64.82
2026-01-03 00:08:00,AWS_003,27.46,1009.03,67.56
2026-01-03 00:09:00,AWS_003,26.4,1007.68,65.56
2026-01-03 00:10:00,AWS_003,27.59,1007.05,64.19
2026-01-03 00:11:00,AWS_003,27.66,1007.18,60.29
2026-01-03 00:12:00,AWS_003,27.98,1008.77,64.27
2026-01-03 00:13:00,AWS_003,27.25,1007.16,65.87
2026-01-03 00:14:00,AWS_003,28.25,1007.94,66.18
2026-01-03 00:15:00,AWS_003,27.47,1008.35,66.84
2026-01-03 00:16:00,AWS_003,27.42,1006.93,62.81
2026-01-03 00:17:00,AWS_003,27.35,1008.43,63.3
2026-01-03 00:18:00,AWS_003,28.08,1008.03,63.82
2026-01-03 00:19:00,AWS_003,27.24,1006.77,65.43
2026-01-03 00:20:00,AWS_003,27.96,1008.47,63.43
2026-01-03 00:21:00,AWS_003,27.4,1008.63,64.95
2026-01-03 00:22:00,AWS_003,27.73,1008.47,63.08
2026-01-03 00:23:00,AWS_003,27.16,1008.74,62.39
2026-01-03 00:24:00,AWS_003,28.11,1008.55,65.97
2026-01-03 00:25:00,AWS_003,27.75,1008.94,64.32
2026-01-03 00:26:00,AWS_003,28.06,1007.6,65.13
2026-01-03 00:27:00,AWS_003,27.79,1007.25,63.18
2026-01-03 00:28:00,AWS_003,28.09,1007.45,65.15
2026-01-03 00:29:00,AWS_003,27.88,1007.74,61.36
2026-01-03 00:30:00,AWS_003,28.22,1010.01,61.63
2026-01-03 00:31:00,AWS_003,28.16,1007.76,65.27
2026-01-03 00:32:00,AWS_003,28.04,1008.0,63.19
2026-01-03 00:33:00,AWS_003,27.63,1008.23,62.78
2026-01-03 00:34:00,AWS_003,27.83,1008.15,61.39
2026-01-03 00:35:00,AWS_003,27.72,1009.89,64.78
2026-01-03 00:36:00,AWS_003,28.62,1007.07,66.85
2026-01-03 00:37:00,AWS_003,28.39,1010.21,64.29
2026-01-03 00:38:00,AWS_003,28.11,1008.58,62.12
2026-01-03 00:39:00,AWS_003,27.89,1009.24,65.74
2026-01-03 00:40:00,AWS_003,27.82,1008.5,63.64
2026-01-03 00:41:00,AWS_003,28.21,1009.14,62.0
2026-01-03 00:42:00,AWS_003,28.92,1007.75,65.36
2026-01-03 00:43:00,AWS_003,28.2,1007.43,62.4
2026-01-03 00:44:00,AWS_003,28.7,1010.59,59.82
2026-01-03 00:45:00,AWS_003,28.35,1010.06,62.02
2026-01-03 00:46:00,AWS_003,28.49,1007.69,63.67
2026-01-03 00:47:00,AWS_003,28.1,1009.12,61.12
2026-01-03 00:48:00,AWS_003,28.23,1009.48,58.76
2026-01-03 00:49:00,AWS_003,28.0,1009.09,65.39
2026-01-03 00:50:00,AWS_003,28.47,1008.4,68.39
2026-01-03 00:51:00,AWS_003,28.28,1010.2,61.4
2026-01-03 00:52:00,AWS_003,28.54,1009.14,61.04
2026-01-03 00:53:00,AWS_003,28.02,1007.85,59.56
2026-01-03 00:54:00,AWS_003,28.62,1008.3,60.56
2026-01-03 00:55:00,AWS_003,28.53,1007.76,59.09
2026-01-03 00:56:00,AWS_003,28.53,1008.54,59.49
2026-01-03 00:57:00,AWS_003,28.66,1008.52,62.05
2026-01-03 00:58:00,AWS_003,28.43,1009.24,58.84
2026-01-03 00:59:00,AWS_003,30.06,1009.24,59.01
2026-01-03 01:00:00,AWS_003,28.75,1008.97,62.31
2026-01-03 01:01:00,AWS_003,28.63,1008.95,60.61
2026-01-03 01:02:00,AWS_003,28.9,1009.51,62.51
2026-01-03 01:03:00,AWS_003,28.42,1008.5,61.06
2026-01-03 01:04:00,AWS_003,28.43,1006.78,61.32
2026-01-03 01:05:00,AWS_003,28.99,1010.39,63.2
2026-01-03 01:06:00,AWS_003,29.04,1007.98,60.49
2026-01-03 01:07:00,AWS_003,29.19,1009.27,62.96
2026-01-03 01:08:00,AWS_003,28.16,1008.45,60.65
2026-01-03 01:09:00,AWS_003,28.7,1009.85,59.8
2026-01-03 01:10:00,AWS_003,28.9,1007.97,59.24
2026-01-03 01:11:00,AWS_003,29.08,1008.18,58.03
2026-01-03 01:12:00,AWS_003,29.02,1008.36,58.81
2026-01-03 01:13:00,AWS_003,28.49,1009.21,57.7
2026-01-03 01:14:00,AWS_003,29.06,1008.96,59.2
2026-01-03 01:15:00,AWS_003,29.0,1009.24,62.78
2026-01-03 01:16:00,AWS_003,29.02,1008.9,61.08
2026-01-03 01:17:00,AWS_003,28.48,1009.55,60.27
2026-01-03 01:18:00,AWS_003,28.56,1009.57,59.61
2026-01-03 01:19:00,AWS_003,29.68,1010.03,60.78
2026-01-03 01:20:00,AWS_003,29.37,1009.1,60.96
2026-01-03 01:21:00,AWS_003,28.97,1009.11,58.62
2026-01-03 01:22:00,AWS_003,29.0,1010.26,61.72
2026-01-03 01:23:00,AWS_003,29.93,1009.81,60.1
2026-01-03 01:24:00,AWS_003,29.08,1009.28,61.29
2026-01-03 01:25:00,AWS_003,29.03,1007.76,60.59
2026-01-03 01:26:00,AWS_003,28.78,1007.53,57.77
2026-01-03 01:27:00,AWS_003,29.03,1009.38,63.16
2026-01-03 01:28:00,AWS_003,28.47,1009.42,60.48
2026-01-03 01:29:00,AWS_003,29.37,1008.33,59.72
2026-01-03 01:30:00,AWS_003,29.69,1009.2,61.57
2026-01-03 01:31:00,AWS_003,29.71,1008.19,58.04
2026-01-03 01:32:00,AWS_003,28.94,1009.39,57.16
2026-01-03 01:33:00,AWS_003,28.33,1009.42,61.38
2026-01-03 01:34:00,AWS_003,29.4,1009.42,62.51
2026-01-03 01:35:00,AWS_003,29.81,1009.23,60.74
2026-01-03 01:36:00,AWS_003,28.66,1008.73,61.73
2026-01-03 01:37:00,AWS_003,29.17,1008.81,57.54
2026-01-03 01:38:00,AWS_003,29.49,1009.91,59.31
2026-01-03 01:39:00,AWS_003,29.03,1009.32,58.66
2026-01-03 01:40:00,AWS_003,28.69,1009.39,61.98
2026-01-03 01:41:00,AWS_003,29.1,1009.08,60.87
2026-01-03 01:42:00,AWS_003,29.19,1009.54,61.9
2026-01-03 01:43:00,AWS_003,28.69,1009.79,58.55
2026-01-03 01:44:00,AWS_003,29.89,1008.53,57.48
2026-01-03 01:45:00,AWS_003,30.1,1009.52,62.35
2026-01-03 01:46:00,AWS_003,29.51,1008.87,59.7
2026-01-03 01:47:00,AWS_003,29.81,1009.31,61.73
2026-01-03 01:48:00,AWS_003,28.95,1009.74,59.42
2026-01-03 01:49:00,AWS_003,29.5,1007.92,63.91
2026-01-03 01:50:00,AWS_003,29.35,1008.22,61.82
2026-01-03 01:51:00,AWS_003,29.76,1008.57,59.09
2026-01-03 01:52:00,AWS_003,28.54,1008.52,59.41
2026-01-03 01:53:00,AWS_003,29.51,1008.98,59.37
2026-01-03 01:54:00,AWS_003,29.91,1010.47,57.0
2026-01-03 01:55:00,AWS_003,29.77,1010.07,58.26
2026-01-03 01:56:00,AWS_003,30.01,1008.67,58.07
2026-01-03 01:57:00,AWS_003,29.47,1009.84,59.6
2026-01-03 01:58:00,AWS_003,28.6,1009.12,57.46
2026-01-03 01:59:00,AWS_003,30.19,1009.44,58.75
2026-01-01 00:00:00,AWS_004,27.32,1007.39,66.13
2026-01-01 00:01:00,AWS_004,27.21,1008.5,62.77
2026-01-01 00:02:00,AWS_004,27.28,1007.87,64.26
2026-01-01 00:03:00,AWS_004,28.18,1008.38,67.02
2026-01-01 00:04:00,AWS_004,27.24,1009.78,68.38
2026-01-01 00:05:00,AWS_004,26.63,1008.51,65.62
2026-01-01 00:06:00,AWS_004,27.83,1008.37,64.35
2026-01-01 00:07:00,AWS_004,27.85,1007.51,63.63
2026-01-01 00:08:00,AWS_004,26.68,1006.86,66.4
2026-01-01 00:09:00,AWS_004,27.21,1008.17,66.8
2026-01-01 00:10:00,AWS_004,27.69,1009.09,62.16
2026-01-01 00:11:00,AWS_004,27.74,1007.98,66.25
2026-01-01 00:12:00,AWS_004,27.55,1008.57,63.16
2026-01-01 00:13:00,AWS_004,27.58,1009.4,62.6
2026-01-01 00:14:00,AWS_004,27.22,1009.39,63.96
2026-01-01 00:15:00,AWS_004,26.66,1008.62,66.2
2026-01-01 00:16:00,AWS_004,28.46,1008.42,64.78
2026-01-01 00:17:00,AWS_004,27.28,1007.08,64.68
2026-01-01 00:18:00,AWS_004,27.76,1007.8,64.76
2026-01-01 00:19:00,AWS_004,27.64,1008.09,64.94
2026-01-01 00:20:00,AWS_004,28.09,1007.64,63.73
2026-01-01 00:21:00,AWS_004,27.8,1008.53,65.17
2026-01-01 00:22:00,AWS_004,27.83,1009.87,62.53
2026-01-01 00:23:00,AWS_004,26.74,1009.56,65.1
2026-01-01 00:24:00,AWS_004,27.48,1008.55,65.46
2026-01-01 00:25:00,AWS_004,28.14,1008.99,65.09
2026-01-01 00:26:00,AWS_004,28.12,1007.79,65.14
2026-01-01 00:27:00,AWS_004,27.5,1009.55,64.52
2026-01-01 00:28:00,AWS_004,27.27,1007.14,65.88
2026-01-01 00:29:00,AWS_004,27.98,1009.13,58.94
2026-01-01 00:30:00,AWS_004,26.78,1008.8,65.14
2026-01-01 00:31:00,AWS_004,27.51,1007.81,67.33
2026-01-01 00:32:00,AWS_004,28.69,1008.26,62.09
2026-01-01 00:33:00,AWS_004,28.59,1007.53,61.81
2026-01-01 00:34:00,AWS_004,28.23,1007.57,65.8
2026-01-01 00:35:00,AWS_004,28.18,1007.18,61.32
2026-01-01 00:36:00,AWS_004,27.3,1009.07,61.79
2026-01-01 00:37:00,AWS_004,27.8,1009.43,63.41
2026-01-01 00:38:00,AWS_004,28.0,1006.75,61.42
2026-01-01 00:39:00,AWS_004,27.85,1009.96,64.72
2026-01-01 00:40:00,AWS_004,28.02,1008.49,61.33
2026-01-01 00:41:00,AWS_004,28.7,1008.74,63.59
2026-01-01 00:42:00,AWS_004,27.99,1007.33,63.38
2026-01-01 00:43:00,AWS_004,28.09,1009.58,66.09
2026-01-01 00:44:00,AWS_004,28.54,1008.69,65.04
2026-01-01 00:45:00,AWS_004,27.7,1009.45,61.6
2026-01-01 00:46:00,AWS_004,27.95,1009.52,60.08
2026-01-01 00:47:00,AWS_004,28.02,1009.62,64.23
2026-01-01 00:48:00,AWS_004,28.36,1008.05,61.2
2026-01-01 00:49:00,AWS_004,28.22,1008.41,61.78
2026-01-01 00:50:00,AWS_004,28.25,1008.09,60.28
2026-01-01 00:51:00,AWS_004,28.13,1009.31,63.71
2026-01-01 00:52:00,AWS_004,27.99,1008.87,61.01
2026-01-01 00:53:00,AWS_004,28.68,1009.46,62.18
2026-01-01 00:54:00,AWS_004,28.33,1009.51,62.16
2026-01-01 00:55:00,AWS_004,28.73,1007.24,62.51
2026-01-01 00:56:00,AWS_004,28.06,1009.71,63.42
2026-01-01 00:57:00,AWS_004,28.26,1009.4,61.56
2026-01-01 00:58:00,AWS_004,28.46,1008.36,60.51
2026-01-01 00:59:00,AWS_004,28.52,1008.94,58.23
2026-01-01 01:00:00,AWS_004,28.89,1008.57,62.1
2026-01-01 01:01:00,AWS_004,28.44,1009.17,61.53
2026-01-01 01:02:00,AWS_004,28.93,1008.39,60.37
2026-01-01 01:03:00,AWS_004,28.8,1009.08,61.87
2026-01-01 01:04:00,AWS_004,28.63,1008.76,63.4
2026-01-01 01:05:00,AWS_004,28.31,1008.37,63.87
2026-01-01 01:06:00,AWS_004,29.02,1008.87,58.52
2026-01-01 01:07:00,AWS_004,28.36,1010.89,60.82
2026-01-01 01:08:00,AWS_004,28.75,1008.19,63.41
2026-01-01 01:09:00,AWS_004,28.75,1008.55,64.63
2026-01-01 01:10:00,AWS_004,28.71,1008.22,59.76
2026-01-01 01:11:00,AWS_004,28.66,1008.31,64.1
2026-01-01 01:12:00,AWS_004,28.51,1009.43,58.59
2026-01-01 01:13:00,AWS_004,28.21,1009.35,63.54
2026-01-01 01:14:00,AWS_004,29.44,1008.79,60.63
2026-01-01 01:15:00,AWS_004,28.7,1009.62,64.27
2026-01-01 01:16:00,AWS_004,28.87,1009.44,60.17
2026-01-01 01:17:00,AWS_004,28.89,1008.69,60.42
2026-01-01 01:18:00,AWS_004,29.4,1007.6,60.73
2026-01-01 01:19:00,AWS_004,29.76,1009.5,57.87
2026-01-01 01:20:00,AWS_004,29.07,1008.98,57.37
2026-01-01 01:21:00,AWS_004,28.96,1008.87,61.87
2026-01-01 01:22:00,AWS_004,28.6,1008.49,62.77
2026-01-01 01:23:00,AWS_004,28.49,1009.46,61.96
2026-01-01 01:24:00,AWS_004,28.38,1009.15,58.19
2026-01-01 01:25:00,AWS_004,28.79,1008.69,61.61
2026-01-01 01:26:00,AWS_004,28.29,1007.91,58.62
2026-01-01 01:27:00,AWS_004,29.58,1009.76,61.37
2026-01-01 01:28:00,AWS_004,29.34,1009.39,62.77
2026-01-01 01:29:00,AWS_004,29.09,1009.12,61.19
2026-01-01 01:30:00,AWS_004,29.65,1006.8,63.34
2026-01-01 01:31:00,AWS_004,28.8,1008.91,60.06
2026-01-01 01:32:00,AWS_004,28.92,1008.75,59.88
2026-01-01 01:33:00,AWS_004,28.49,1008.46,60.4
2026-01-01 01:34:00,AWS_004,29.6,1009.56,57.53
2026-01-01 01:35:00,AWS_004,28.98,1009.54,59.36
2026-01-01 01:36:00,AWS_004,29.33,1009.33,59.49
2026-01-01 01:37:00,AWS_004,29.75,1009.82,59.5
2026-01-01 01:38:00,AWS_004,29.92,1008.18,60.56
2026-01-01 01:39:00,AWS_004,29.38,1008.64,57.02
2026-01-01 01:40:00,AWS_004,29.56,1009.07,57.64
2026-01-01 01:41:00,AWS_004,29.07,1008.52,62.15
2026-01-01 01:42:00,AWS_004,30.12,1009.61,55.82
2026-01-01 01:43:00,AWS_004,29.4,1008.62,61.02
2026-01-01 01:44:00,AWS_004,29.52,1010.09,58.99
2026-01-01 01:45:00,AWS_004,29.34,1008.31,60.01
2026-01-01 01:46:00,AWS_004,30.0,1010.77,62.76
2026-01-01 01:47:00,AWS_004,29.62,1010.7,59.34
2026-01-01 01:48:00,AWS_004,29.87,1009.0,60.8
2026-01-01 01:49:00,AWS_004,29.72,1010.01,59.62
2026-01-01 01:50:00,AWS_004,29.51,1008.78,59.24
2026-01-01 01:51:00,AWS_004,29.99,1009.92,58.95
2026-01-01 01:52:00,AWS_004,29.78,1008.97,60.77
2026-01-01 01:53:00,AWS_004,29.28,1008.09,57.86
2026-01-01 01:54:00,AWS_004,29.28,1006.31,57.01
2026-01-01 01:55:00,AWS_004,29.76,1008.92,59.38
2026-01-01 01:56:00,AWS_004,30.08,1009.37,59.57
2026-01-01 01:57:00,AWS_004,30.39,1010.22,55.49
2026-01-01 01:58:00,AWS_004,29.04,1009.19,59.07
2026-01-01 01:59:00,AWS_004,29.79,1009.98,56.59
2026-01-01 02:00:00,AWS_004,29.99,1008.82,60.25
2026-01-01 02:01:00,AWS_004,29.93,1008.92,55.35
2026-01-01 02:02:00,AWS_004,30.24,1010.04,62.76
2026-01-01 02:03:00,AWS_004,30.11,1007.24,58.19
2026-01-01 02:04:00,AWS_004,29.47,1009.23,57.09
2026-01-01 02:05:00,AWS_004,29.48,1008.9,58.21
2026-01-01 02:06:00,AWS_004,30.03,1010.32,59.84
2026-01-01 02:07:00,AWS_004,30.32,1008.82,60.47
2026-01-01 02:08:00,AWS_004,30.0,1009.66,58.09
2026-01-01 02:09:00,AWS_004,29.33,1010.0,55.72
2026-01-01 02:10:00,AWS_004,29.56,1008.07,56.13
2026-01-01 02:11:00,AWS_004,30.28,1009.16,59.08
2026-01-01 02:12:00,AWS_004,29.88,1008.94,60.44
2026-01-01 02:13:00,AWS_004,30.08,1010.05,60.66
2026-01-01 02:14:00,AWS_004,30.48,1009.84,58.71
2026-01-01 02:15:00,AWS_004,29.59,1009.12,60.27
2026-01-01 02:16:00,AWS_004,29.92,1008.48,62.11
2026-01-01 02:17:00,AWS_004,29.9,1010.16,60.63
2026-01-01 02:18:00,AWS_004,30.27,1009.28,60.05
2026-01-01 02:19:00,AWS_004,30.45,1008.05,56.55
2026-01-01 02:20:00,AWS_004,29.57,1008.12,60.04
2026-01-01 02:21:00,AWS_004,30.18,1009.71,59.0
2026-01-01 02:22:00,AWS_004,30.54,1008.35,59.33
2026-01-01 02:23:00,AWS_004,29.47,1010.86,60.51
2026-01-01 02:24:00,AWS_004,30.21,1008.63,58.66
2026-01-01 02:25:00,AWS_004,29.76,1009.39,57.7
2026-01-01 02:26:00,AWS_004,30.01,1009.53,55.72
2026-01-01 02:27:00,AWS_004,29.28,1008.82,57.23
2026-01-01 02:28:00,AWS_004,30.86,1007.62,58.2
2026-01-01 02:29:00,AWS_004,30.18,1009.58,58.29
2026-01-01 02:30:00,AWS_004,30.01,1008.83,58.18
2026-01-01 02:31:00,AWS_004,30.49,1009.53,59.57
2026-01-01 02:32:00,AWS_004,29.96,1009.35,59.34
2026-01-01 02:33:00,AWS_004,29.93,1009.67,57.45
2026-01-01 02:34:00,AWS_004,31.01,1010.72,55.84
2026-01-01 02:35:00,AWS_004,31.15,1009.04,58.26
2026-01-01 02:36:00,AWS_004,30.2,1009.11,61.94
2026-01-01 02:37:00,AWS_004,30.88,1008.16,58.05
2026-01-01 02:38:00,AWS_004,30.62,1009.34,56.78
2026-01-01 02:39:00,AWS_004,29.93,1009.83,58.4
2026-01-01 02:40:00,AWS_004,30.14,1009.13,58.48
2026-01-01 02:41:00,AWS_004,31.14,1009.86,58.42
2026-01-01 02:42:00,AWS_004,29.97,1009.39,59.95
2026-01-01 02:43:00,AWS_004,31.47,1008.5,57.94
2026-01-01 02:44:00,AWS_004,30.35,1009.8,59.78
2026-01-01 02:45:00,AWS_004,31.22,1009.39,57.55
2026-01-01 02:46:00,AWS_004,30.48,1009.66,60.07
2026-01-01 02:47:00,AWS_004,30.94,1009.12,59.42
2026-01-01 02:48:00,AWS_004,31.2,1009.06,58.81
2026-01-01 02:49:00,AWS_004,31.21,1009.71,58.51
2026-01-01 02:50:00,AWS_004,30.44,1009.41,61.5
2026-01-01 02:51:00,AWS_004,30.34,1010.98,59.01
2026-01-01 02:52:00,AWS_004,30.67,1010.25,55.12
2026-01-01 02:53:00,AWS_004,30.2,1010.06,57.27
2026-01-01 02:54:00,AWS_004,30.83,1009.49,56.21
2026-01-01 02:55:00,AWS_004,30.42,1008.02,60.83
2026-01-01 02:56:00,AWS_004,31.2,1009.0,59.17
2026-01-01 02:57:00,AWS_004,30.55,1009.14,60.69
2026-01-01 02:58:00,AWS_004,30.1,1009.44,55.07
2026-01-01 02:59:00,AWS_004,31.37,1009.64,58.76
2026-01-01 03:00:00,AWS_004,30.9,1010.2,53.79
2026-01-01 03:01:00,AWS_004,30.86,1009.9,53.29
2026-01-01 03:02:00,AWS_004,31.3,1010.62,55.65
2026-01-01 03:03:00,AWS_004,31.22,1009.45,59.43
2026-01-01 03:04:00,AWS_004,30.59,1009.92,54.38
2026-01-01 03:05:00,AWS_004,30.73,1009.99,56.3
2026-01-01 03:06:00,AWS_004,30.48,1009.92,58.67
2026-01-01 03:07:00,AWS_004,30.35,1010.76,57.95
2026-01-01 03:08:00,AWS_004,31.18,1010.38,60.66
2026-01-01 03:09:00,AWS_004,31.12,1008.69,56.19
2026-01-01 03:10:00,AWS_004,31.28,1009.67,55.27
2026-01-01 03:11:00,AWS_004,31.51,1009.75,53.93
2026-01-01 03:12:00,AWS_004,31.32,1011.5,55.35
2026-01-01 03:13:00,AWS_004,31.37,1009.52,53.84
2026-01-01 03:14:00,AWS_004,30.21,1009.0,52.42
2026-01-01 03:15:00,AWS_004,30.93,1010.15,59.9
2026-01-01 03:16:00,AWS_004,31.45,1010.2,56.04
2026-01-01 03:17:00,AWS_004,30.61,1009.75,61.09
2026-01-01 03:18:00,AWS_004,31.13,1009.65,54.2
2026-01-01 03:19:00,AWS_004,31.32,1010.59,54.98
2026-01-01 03:20:00,AWS_004,31.3,1009.15,54.26
2026-01-01 03:21:00,AWS_004,31.29,1009.57,54.49
2026-01-01 03:22:00,AWS_004,31.39,1009.44,57.49
2026-01-01 03:23:00,AWS_004,31.24,1010.74,56.84
2026-01-01 03:24:00,AWS_004,30.59,1010.1,57.43
2026-01-01 03:25:00,AWS_004,31.4,1009.02,58.33
2026-01-01 03:26:00,AWS_004,31.32,1009.11,57.82
2026-01-01 03:27:00,AWS_004,30.64,1011.39,53.56
2026-01-01 03:28:00,AWS_004,31.79,1010.77,54.5
2026-01-01 03:29:00,AWS_004,31.46,1010.58,55.75
2026-01-01 03:30:00,AWS_004,30.71,1009.93,62.94
2026-01-01 03:31:00,AWS_004,30.95,1011.13,56.99
2026-01-01 03:32:00,AWS_004,31.06,1009.05,55.63
2026-01-01 03:33:00,AWS_004,31.07,1010.54,56.73
2026-01-01 03:34:00,AWS_004,31.43,1009.59,54.15
2026-01-01 03:35:00,AWS_004,30.94,1009.76,55.85
2026-01-01 03:36:00,AWS_004,31.79,1010.54,57.2
2026-01-01 03:37:00,AWS_004,31.77,1009.86,55.2
2026-01-01 03:38:00,AWS_004,31.61,1009.63,53.72
2026-01-01 03:39:00,AWS_004,31.39,1009.59,55.04
2026-01-01 03:40:00,AWS_004,31.76,1008.4,54.53
2026-01-01 03:41:00,AWS_004,31.29,1010.61,52.43
2026-01-01 03:42:00,AWS_004,31.12,1009.2,53.97
2026-01-01 03:43:00,AWS_004,31.9,1011.5,52.3
2026-01-01 03:44:00,AWS_004,31.57,1009.79,52.58
2026-01-01 03:45:00,AWS_004,31.18,1011.08,52.74
2026-01-01 03:46:00,AWS_004,31.3,1008.59,56.9
2026-01-01 03:47:00,AWS_004,31.18,1010.63,57.94
2026-01-01 03:48:00,AWS_004,32.3,1010.85,51.86
2026-01-01 03:49:00,AWS_004,31.5,1011.11,58.07
2026-01-01 03:50:00,AWS_004,31.57,1008.85,52.63
2026-01-01 03:51:00,AWS_004,31.81,1009.52,56.35
2026-01-01 03:52:00,AWS_004,31.05,1010.55,55.34
2026-01-01 03:53:00,AWS_004,31.98,1010.21,56.07
2026-01-01 03:54:00,AWS_004,31.31,1010.34,52.44
2026-01-01 03:55:00,AWS_004,32.3,1009.82,51.12
2026-01-01 03:56:00,AWS_004,31.45,1011.36,53.11
2026-01-01 03:57:00,AWS_004,32.01,1012.21,55.54
2026-01-01 03:58:00,AWS_004,30.6,1010.21,58.57
2026-01-01 03:59:00,AWS_004,31.14,1010.5,52.57
2026-01-01 04:00:00,AWS_004,31.51,1010.19,54.41
2026-01-01 04:01:00,AWS_004,30.82,1011.18,53.08
2026-01-01 04:02:00,AWS_004,31.89,1010.83,54.52
2026-01-01 04:03:00,AWS_004,31.78,1009.32,50.67
2026-01-01 04:04:00,AWS_004,31.27,1009.69,57.5
2026-01-01 04:05:00,AWS_004,31.67,1009.38,54.53
2026-01-01 04:06:00,AWS_004,32.01,1012.35,56.29
2026-01-01 04:07:00,AWS_004,30.86,1010.71,53.96
2026-01-01 04:08:00,AWS_004,31.2,1009.73,54.79
2026-01-01 04:09:00,AWS_004,31.58,1009.67,56.64
2026-01-01 04:10:00,AWS_004,31.74,1010.87,54.62
2026-01-01 04:11:00,AWS_004,31.72,1010.95,54.67
2026-01-01 04:12:00,AWS_004,32.1,1010.88,52.72
2026-01-01 04:13:00,AWS_004,31.95,1009.9,53.22
2026-01-01 04:14:00,AWS_004,32.05,1010.5,52.24
2026-01-01 04:15:00,AWS_004,31.22,1010.35,52.76
2026-01-01 04:16:00,AWS_004,31.85,1009.52,56.72
2026-01-01 04:17:00,AWS_004,31.67,1009.53,57.81
2026-01-01 04:18:00,AWS_004,32.39,1010.61,51.67
2026-01-01 04:19:00,AWS_004,31.89,1010.45,54.94
2026-01-01 04:20:00,AWS_004,31.56,1010.74,53.49
2026-01-01 04:21:00,AWS_004,32.18,1010.94,56.9
2026-01-01 04:22:00,AWS_004,32.07,1011.51,54.35
2026-01-01 04:23:00,AWS_004,31.52,1009.7,54.04
2026-01-01 04:24:00,AWS_004,31.72,1010.83,52.55
2026-01-01 04:25:00,AWS_004,31.74,1010.93,50.95
2026-01-01 04:26:00,AWS_004,32.37,1010.09,55.52
2026-01-01 04:27:00,AWS_004,31.97,1010.44,54.68
2026-01-01 04:28:00,AWS_004,32.19,1010.13,54.71
2026-01-01 04:29:00,AWS_004,31.71,1012.05,52.73
2026-01-01 04:30:00,AWS_004,32.05,1010.45,53.62
2026-01-01 04:31:00,AWS_004,32.44,1010.74,55.48
2026-01-01 04:32:00,AWS_004,31.79,1010.17,55.84
2026-01-01 04:33:00,AWS_004,31.98,1010.01,51.5
2026-01-01 04:34:00,AWS_004,31.4,1009.36,52.57
2026-01-01 04:35:00,AWS_004,31.65,1011.29,51.04
2026-01-01 04:36:00,AWS_004,31.83,1011.03,54.2
2026-01-01 04:37:00,AWS_004,31.55,1010.18,55.55
2026-01-01 04:38:00,AWS_004,32.51,1009.71,53.2
2026-01-01 04:39:00,AWS_004,31.65,1010.58,52.42
2026-01-01 04:40:00,AWS_004,32.31,1010.04,53.05
2026-01-01 04:41:00,AWS_004,32.07,1010.27,58.32
2026-01-01 04:42:00,AWS_004,32.02,1009.44,56.07
2026-01-01 04:43:00,AWS_004,32.61,1010.64,55.13
2026-01-01 04:44:00,AWS_004,31.12,1010.66,54.29
2026-01-01 04:45:00,AWS_004,31.95,1011.35,53.61
2026-01-01 04:46:00,AWS_004,31.6,1010.36,51.81
2026-01-01 04:47:00,AWS_004,31.26,1010.22,51.48
2026-01-01 04:48:00,AWS_004,31.57,1009.25,52.45
2026-01-01 04:49:00,AWS_004,32.06,1011.39,51.66
2026-01-01 04:50:00,AWS_004,31.77,1011.23,52.34
2026-01-01 04:51:00,AWS_004,32.43,1010.54,53.34
2026-01-01 04:52:00,AWS_004,31.99,1009.46,53.47
2026-01-01 04:53:00,AWS_004,31.95,1009.56,52.27
2026-01-01 04:54:00,AWS_004,31.96,1010.1,54.48
2026-01-01 04:55:00,AWS_004,32.05,1011.32,53.1
2026-01-01 04:56:00,AWS_004,31.93,1010.79,53.89
2026-01-01 04:57:00,AWS_004,31.77,1009.37,51.96
2026-01-01 04:58:00,AWS_004,32.51,1010.89,54.82
2026-01-01 04:59:00,AWS_004,31.87,1009.9,52.35
2026-01-01 05:00:00,AWS_004,31.97,1010.16,56.63
2026-01-01 05:01:00,AWS_004,32.3,1011.37,52.95
2026-01-01 05:02:00,AWS_004,32.26,1011.21,53.19
2026-01-01 05:03:00,AWS_004,31.78,1011.48,54.56
2026-01-01 05:04:00,AWS_004,32.45,1010.59,54.98
2026-01-01 05:05:00,AWS_004,32.37,1011.32,55.18
2026-01-01 05:06:00,AWS_004,32.23,1010.15,56.88
2026-01-01 05:07:00,AWS_004,31.99,1010.42,54.64
2026-01-01 05:08:00,AWS_004,32.0,1010.38,53.17
2026-01-01 05:09:00,AWS_004,32.09,1010.66,52.24
2026-01-01 05:10:00,AWS_004,31.68,1009.62,53.02
2026-01-01 05:11:00,AWS_004,32.16,1010.48,56.24
2026-01-01 05:12:00,AWS_004,32.54,1011.83,50.49
2026-01-01 05:13:00,AWS_004,32.54,1009.8,51.61
2026-01-01 05:14:00,AWS_004,32.04,1009.61,52.8
2026-01-01 05:15:00,AWS_004,32.62,1009.69,51.57
2026-01-01 05:16:00,AWS_004,32.96,1012.82,52.4
2026-01-01 05:17:00,AWS_004,32.08,1011.07,56.82
2026-01-01 05:18:00,AWS_004,32.49,1010.49,52.6
2026-01-01 05:19:00,AWS_004,31.31,1010.77,54.01
2026-01-01 05:20:00,AWS_004,31.71,1010.9,49.87
2026-01-01 05:21:00,AWS_004,32.26,1010.21,50.97
2026-01-01 05:22:00,AWS_004,31.82,1010.32,55.03
2026-01-01 05:23:00,AWS_004,33.04,1010.61,56.49
2026-01-01 05:24:00,AWS_004,32.47,1010.16,53.59
2026-01-01 05:25:00,AWS_004,32.62,1010.43,52.53
2026-01-01 05:26:00,AWS_004,32.23,1011.04,54.12
2026-01-01 05:27:00,AWS_004,31.84,1009.97,47.93
2026-01-01 05:28:00,AWS_004,32.04,1012.86,53.58
2026-01-01 05:29:00,AWS_004,32.35,1011.38,51.02
2026-01-01 05:30:00,AWS_004,32.0,1009.77,54.69
2026-01-01 05:31:00,AWS_004,32.52,1008.81,48.71
2026-01-01 05:32:00,AWS_004,32.54,1010.25,51.83
2026-01-01 05:33:00,AWS_004,32.26,1011.35,53.0
2026-01-01 05:34:00,AWS_004,31.53,1011.2,51.55
2026-01-01 05:35:00,AWS_004,32.95,1010.73,52.32
2026-01-01 05:36:00,AWS_004,32.18,1010.34,54.87
2026-01-01 05:37:00,AWS_004,33.35,1010.11,53.01
2026-01-01 05:38:00,AWS_004,32.53,1010.51,51.19
2026-01-01 05:39:00,AWS_004,32.19,1010.03,54.93
2026-01-01 05:40:00,AWS_004,32.45,1010.53,53.55
2026-01-01 05:41:00,AWS_004,31.47,1011.92,53.63
2026-01-01 05:42:00,AWS_004,32.69,1010.25,51.25
2026-01-01 05:43:00,AWS_004,33.31,1011.36,47.94
2026-01-01 05:44:00,AWS_004,31.45,1011.49,51.22
2026-01-01 05:45:00,AWS_004,32.17,1010.02,51.01
2026-01-01 05:46:00,AWS_004,32.24,1010.21,51.8
2026-01-01 05:47:00,AWS_004,32.64,1011.75,51.34
2026-01-01 05:48:00,AWS_004,33.13,1010.16,53.24
2026-01-01 05:49:00,AWS_004,32.44,1010.86,54.78
2026-01-01 05:50:00,AWS_004,33.15,1012.54,55.16
2026-01-01 05:51:00,AWS_004,32.36,1011.7,54.68
2026-01-01 05:52:00,AWS_004,32.47,1010.99,51.21
2026-01-01 05:53:00,AWS_004,32.42,1011.6,53.12
2026-01-01 05:54:00,AWS_004,32.78,1010.89,56.13
2026-01-01 05:55:00,AWS_004,32.12,1011.76,49.83
2026-01-01 05:56:00,AWS_004,32.62,1009.31,55.7
2026-01-01 05:57:00,AWS_004,31.8,1010.85,51.01
2026-01-01 05:58:00,AWS_004,32.18,1009.29,53.59
2026-01-01 05:59:00,AWS_004,32.04,1011.1,53.83
2026-01-01 06:00:00,AWS_004,32.33,1010.79,53.38
2026-01-01 06:01:00,AWS_004,32.17,1012.07,57.46
2026-01-01 06:02:00,AWS_004,32.75,1011.56,52.4
2026-01-01 06:03:00,AWS_004,31.94,1010.57,49.72
2026-01-01 06:04:00,AWS_004,31.6,1010.67,53.71
2026-01-01 06:05:00,AWS_004,31.75,1011.31,52.66
2026-01-01 06:06:00,AWS_004,32.69,1010.55,54.11
2026-01-01 06:07:00,AWS_004,31.9,1010.99,54.77
2026-01-01 06:08:00,AWS_004,32.45,1012.08,52.94
2026-01-01 06:09:00,AWS_004,32.17,1010.37,53.88
2026-01-01 06:10:00,AWS_004,32.62,1010.68,53.3
2026-01-01 06:11:00,AWS_004,32.2,1010.8,56.6
2026-01-01 06:12:00,AWS_004,33.39,1013.57,52.28
2026-01-01 06:13:00,AWS_004,33.04,1011.54,51.65
2026-01-01 06:14:00,AWS_004,32.16,1011.97,54.78
2026-01-01 06:15:00,AWS_004,32.1,1011.68,51.17
2026-01-01 06:16:00,AWS_004,33.53,1011.74,53.81
2026-01-01 06:17:00,AWS_004,31.85,1011.46,52.69
2026-01-01 06:18:00,AWS_004,32.26,1011.38,52.83
2026-01-01 06:19:00,AWS_004,32.29,1009.93,57.92
2026-01-01 06:20:00,AWS_004,32.27,1011.38,55.51
2026-01-01 06:21:00,AWS_004,31.58,1011.02,55.09
2026-01-01 06:22:00,AWS_004,32.47,1011.54,54.12
2026-01-01 06:23:00,AWS_004,31.88,1011.06,51.68
2026-01-01 06:24:00,AWS_004,32.84,1011.73,53.59
2026-01-01 06:25:00,AWS_004,31.68,1011.88,54.24
2026-01-01 06:26:00,AWS_004,32.29,1008.8,53.48
2026-01-01 06:27:00,AWS_004,31.37,1010.79,53.27
2026-01-01 06:28:00,AWS_004,31.39,1009.66,52.29
2026-01-01 06:29:00,AWS_004,31.92,1011.34,53.64
2026-01-01 06:30:00,AWS_004,31.97,1010.91,52.05
2026-01-01 06:31:00,AWS_004,32.83,1012.24,54.52
2026-01-01 06:32:00,AWS_004,32.23,1011.33,49.09
2026-01-01 06:33:00,AWS_004,32.76,1010.78,55.84
2026-01-01 06:34:00,AWS_004,32.09,1011.93,50.51
2026-01-01 06:35:00,AWS_004,32.48,1010.93,51.01
2026-01-01 06:36:00,AWS_004,31.94,1010.79,53.97
2026-01-01 06:37:00,AWS_004,31.91,1011.51,54.24
2026-01-01 06:38:00,AWS_004,31.5,1012.49,57.32
2026-01-01 06:39:00,AWS_004,32.36,1011.89,53.77
2026-01-01 06:40:00,AWS_004,32.32,1011.66,53.1
2026-01-01 06:41:00,AWS_004,32.52,1013.42,53.57
2026-01-01 06:42:00,AWS_004,32.3,1010.64,56.38
2026-01-01 06:43:00,AWS_004,33.02,1010.62,58.06
2026-01-01 06:44:00,AWS_004,32.27,1011.35,52.85
2026-01-01 06:45:00,AWS_004,32.59,1012.45,54.32
2026-01-01 06:46:00,AWS_004,32.06,1010.49,53.09
2026-01-01 06:47:00,AWS_004,31.83,1012.65,53.06
2026-01-01 06:48:00,AWS_004,32.47,1010.1,57.02
2026-01-01 06:49:00,AWS_004,32.14,1011.16,51.42
2026-01-01 06:50:00,AWS_004,32.51,1011.41,48.62
2026-01-01 06:51:00,AWS_004,32.31,1010.57,53.93
2026-01-01 06:52:00,AWS_004,31.85,1010.78,55.71
2026-01-01 06:53:00,AWS_004,32.59,1011.92,53.76
2026-01-01 06:54:00,AWS_004,31.81,1012.44,54.34
2026-01-01 06:55:00,AWS_004,32.4,1009.6,54.85
2026-01-01 06:56:00,AWS_004,32.66,1011.44,53.58
2026-01-01 06:57:00,AWS_004,31.99,1011.21,54.48
2026-01-01 06:58:00,AWS_004,32.6,1011.4,54.46
2026-01-01 06:59:00,AWS_004,32.29,1011.06,49.48
2026-01-01 07:00:00,AWS_004,32.46,1010.29,53.64
2026-01-01 07:01:00,AWS_004,31.78,1012.56,50.28
2026-01-01 07:02:00,AWS_004,32.2,1012.26,53.36
2026-01-01 07:03:00,AWS_004,31.54,1011.25,52.46
2026-01-01 07:04:00,AWS_004,32.78,1010.95,55.53
2026-01-01 07:05:00,AWS_004,31.29,1010.86,53.97
2026-01-01 07:06:00,AWS_004,31.95,1009.28,54.44
2026-01-01 07:07:00,AWS_004,31.71,1011.64,53.13
2026-01-01 07:08:00,AWS_004,32.35,1011.99,55.63
2026-01-01 07:09:00,AWS_004,32.84,1011.48,50.35
2026-01-01 07:10:00,AWS_004,32.32,1011.3,51.76
2026-01-01 07:11:00,AWS_004,33.24,1011.48,56.14
2026-01-01 07:12:00,AWS_004,31.5,1010.7,52.72
2026-01-01 07:13:00,AWS_004,31.52,1010.99,49.31
2026-01-01 07:14:00,AWS_004,31.68,1011.26,56.53
2026-01-01 07:15:00,AWS_004,32.08,1011.96,55.79
2026-01-01 07:16:00,AWS_004,31.61,1012.51,55.08
2026-01-01 07:17:00,AWS_004,31.71,1011.23,53.86
2026-01-01 07:18:00,AWS_004,32.26,1010.58,57.01
2026-01-01 07:19:00,AWS_004,31.5,1011.45,56.22
2026-01-01 07:20:00,AWS_004,31.54,1013.03,56.82
2026-01-01 07:21:00,AWS_004,31.83,1010.66,55.13
2026-01-01 07:22:00,AWS_004,31.86,1012.14,54.01
2026-01-01 07:23:00,AWS_004,32.37,1012.51,52.98
2026-01-01 07:24:00,AWS_004,31.6,1011.16,51.26
2026-01-01 07:25:00,AWS_004,31.67,1010.89,54.82
2026-01-01 07:26:00,AWS_004,32.18,1011.91,55.01
2026-01-01 07:27:00,AWS_004,32.26,1011.74,53.15
2026-01-01 07:28:00,AWS_004,32.5,1012.02,55.1
2026-01-01 07:29:00,AWS_004,32.11,1013.13,53.23
2026-01-01 07:30:00,AWS_004,31.97,1011.61,55.65
2026-01-01 07:31:00,AWS_004,32.13,1010.52,52.17
2026-01-01 07:32:00,AWS_004,31.79,1011.54,51.84
2026-01-01 07:33:00,AWS_004,31.78,1011.68,53.49
2026-01-01 07:34:00,AWS_004,31.17,1012.51,55.65
2026-01-01 07:35:00,AWS_004,32.23,1011.34,51.7
2026-01-01 07:36:00,AWS_004,31.95,1011.17,56.14
2026-01-01 07:37:00,AWS_004,32.16,1010.41,50.77
2026-01-01 07:38:00,AWS_004,30.72,1011.95,53.59
2026-01-01 07:39:00,AWS_004,31.82,1014.19,51.28
2026-01-01 07:40:00,AWS_004,31.48,1011.34,48.9
2026-01-01 07:41:00,AWS_004,32.42,1011.89,54.88
2026-01-01 07:42:00,AWS_004,32.05,1011.09,53.81
2026-01-01 07:43:00,AWS_004,31.89,1010.51,51.4
2026-01-01 07:44:00,AWS_004,31.61,1011.89,53.18
2026-01-01 07:45:00,AWS_004,31.94,1011.57,55.12
2026-01-01 07:46:00,AWS_004,31.4,1009.64,53.52
2026-01-01 07:47:00,AWS_004,31.72,1012.84,53.89
2026-01-01 07:48:00,AWS_004,31.52,1011.89,53.51
2026-01-01 07:49:00,AWS_004,32.65,1011.62,53.17
2026-01-01 07:50:00,AWS_004,32.32,1011.23,53.17
2026-01-01 07:51:00,AWS_004,32.14,1011.9,53.13
2026-01-01 07:52:00,AWS_004,31.11,1011.94,52.9
2026-01-01 07:53:00,AWS_004,32.04,1011.9,52.39
2026-01-01 07:54:00,AWS_004,31.76,1012.44,53.69
2026-01-01 07:55:00,AWS_004,32.17,1012.63,53.2
2026-01-01 07:56:00,AWS_004,31.8,1013.2,52.36
2026-01-01 07:57:00,AWS_004,31.65,1010.93,56.06
2026-01-01 07:58:00,AWS_004,31.74,1011.14,57.02
2026-01-01 07:59:00,AWS_004,30.91,1011.9,54.58
2026-01-01 08:00:00,AWS_004,31.32,1010.99,54.74
2026-01-01 08:01:00,AWS_004,31.76,1011.12,53.25
2026-01-01 08:02:00,AWS_004,32.06,1012.0,56.79
2026-01-01 08:03:00,AWS_004,31.37,1012.34,58.16
2026-01-01 08:04:00,AWS_004,31.56,1012.65,54.39
2026-01-01 08:05:00,AWS_004,30.93,1011.48,53.7
2026-01-01 08:06:00,AWS_004,32.14,1012.01,55.45
2026-01-01 08:07:00,AWS_004,31.99,1011.84,55.05
2026-01-01 08:08:00,AWS_004,31.79,1011.66,53.82
2026-01-01 08:09:00,AWS_004,31.69,1011.0,55.79
2026-01-01 08:10:00,AWS_004,32.13,1010.9,56.76
2026-01-01 08:11:00,AWS_004,31.18,1012.19,53.34
2026-01-01 08:12:00,AWS_004,31.12,1011.0,60.02
2026-01-01 08:13:00,AWS_004,31.9,1010.24,51.9
2026-01-01 08:14:00,AWS_004,31.86,1011.65,53.29
2026-01-01 08:15:00,AWS_004,30.97,1012.84,55.49
2026-01-01 08:16:00,AWS_004,31.23,1009.44,59.55
2026-01-01 08:17:00,AWS_004,32.1,1011.45,53.96
2026-01-01 08:18:00,AWS_004,31.58,1012.23,52.98
2026-01-01 08:19:00,AWS_004,31.72,1010.23,56.24
2026-01-01 08:20:00,AWS_004,30.93,1011.52,54.67
2026-01-01 08:21:00,AWS_004,31.64,1010.79,56.53
2026-01-01 08:22:00,AWS_004,30.8,1010.9,55.09
2026-01-01 08:23:00,AWS_004,30.56,1011.38,53.55
2026-01-01 08:24:00,AWS_004,31.63,1010.81,59.99
2026-01-01 08:25:00,AWS_004,31.9,1010.75,49.41
2026-01-01 08:26:00,AWS_004,31.21,1011.67,58.99
2026-01-01 08:27:00,AWS_004,31.08,1013.5,57.25
2026-01-01 08:28:00,AWS_004,31.97,1012.33,53.93
2026-01-01 08:29:00,AWS_004,31.2,1012.54,59.19
2026-01-01 08:30:00,AWS_004,31.23,1012.37,52.74
2026-01-01 08:31:00,AWS_004,31.92,1011.18,57.53
2026-01-01 08:32:00,AWS_004,31.09,1011.99,51.38
2026-01-01 08:33:00,AWS_004,30.96,1012.62,53.28
2026-01-01 08:34:00,AWS_004,31.53,1012.41,53.31
2026-01-01 08:35:00,AWS_004,30.91,1011.91,54.14
2026-01-01 08:36:00,AWS_004,31.12,1012.17,55.7
2026-01-01 08:37:00,AWS_004,30.64,1013.73,54.06
2026-01-01 08:38:00,AWS_004,31.23,1012.44,51.67
2026-01-01 08:39:00,AWS_004,31.17,1011.52,56.7
2026-01-01 08:40:00,AWS_004,31.51,1011.71,55.91
2026-01-01 08:41:00,AWS_004,31.45,1010.93,56.66
2026-01-01 08:42:00,AWS_004,31.32,1013.66,56.22
2026-01-01 08:43:00,AWS_004,31.24,1013.07,57.82
2026-01-01 08:44:00,AWS_004,31.04,1011.85,55.79
2026-01-01 08:45:00,AWS_004,31.3,1013.53,58.0
2026-01-01 08:46:00,AWS_004,30.59,1012.3,54.46
2026-01-01 08:47:00,AWS_004,30.08,1011.45,54.61
2026-01-01 08:48:00,AWS_004,31.47,1012.53,58.83
2026-01-01 08:49:00,AWS_004,31.26,1012.12,58.83
2026-01-01 08:50:00,AWS_004,30.93,1012.48,57.3
2026-01-01 08:51:00,AWS_004,31.4,1010.72,54.41
2026-01-01 08:52:00,AWS_004,30.66,1011.17,54.28
2026-01-01 08:53:00,AWS_004,30.65,1013.01,58.92
2026-01-01 08:54:00,AWS_004,30.58,1013.18,58.84
2026-01-01 08:55:00,AWS_004,31.13,1012.96,56.2
2026-01-01 08:56:00,AWS_004,30.26,1013.6,61.05
2026-01-01 08:57:00,AWS_004,30.57,1012.29,57.32
2026-01-01 08:58:00,AWS_004,30.98,1012.24,54.23
2026-01-01 08:59:00,AWS_004,30.36,1011.11,55.93
2026-01-01 09:00:00,AWS_004,30.57,1011.38,56.53
2026-01-01 09:01:00,AWS_004,29.93,1010.26,56.72
2026-01-01 09:02:00,AWS_004,31.04,1011.59,59.09
2026-01-01 09:03:00,AWS_004,30.51,1010.21,54.71
2026-01-01 09:04:00,AWS_004,30.33,1012.72,54.0
2026-01-01 09:05:00,AWS_004,30.23,1012.17,57.91
2026-01-01 09:06:00,AWS_004,30.57,1010.24,55.73
2026-01-01 09:07:00,AWS_004,30.09,1011.71,61.62
2026-01-01 09:08:00,AWS_004,31.48,1013.44,58.7
2026-01-01 09:09:00,AWS_004,29.73,1011.77,55.8
2026-01-01 09:10:00,AWS_004,30.49,1011.08,59.32
2026-01-01 09:11:00,AWS_004,30.7,1010.45,58.39
2026-01-01 09:12:00,AWS_004,30.33,1010.48,58.24
2026-01-01 09:13:00,AWS_004,30.71,1012.31,56.76
2026-01-01 09:14:00,AWS_004,30.29,1011.54,57.89
2026-01-01 09:15:00,AWS_004,31.2,1011.61,52.88
2026-01-01 09:16:00,AWS_004,30.13,1011.55,59.76
2026-01-01 09:17:00,AWS_004,29.62,1011.78,50.29
2026-01-01 09:18:00,AWS_004,30.02,1010.92,56.32
2026-01-01 09:19:00,AWS_004,30.68,1012.16,54.06
2026-01-01 09:20:00,AWS_004,30.46,1010.77,56.28
2026-01-01 09:21:00,AWS_004,30.79,1011.3,57.18
2026-01-01 09:22:00,AWS_004,30.67,1012.72,54.97
2026-01-01 09:23:00,AWS_004,30.2,1012.22,51.86
2026-01-01 09:24:00,AWS_004,30.24,1012.47,57.86
2026-01-01 09:25:00,AWS_004,30.27,1013.64,61.66
2026-01-01 09:26:00,AWS_004,31.16,1011.88,56.83
2026-01-01 09:27:00,AWS_004,30.67,1011.94,59.49
2026-01-01 09:28:00,AWS_004,31.13,1011.72,60.62
2026-01-01 09:29:00,AWS_004,30.69,1011.58,53.85
2026-01-01 09:30:00,AWS_004,30.31,1011.13,56.78
2026-01-01 09:31:00,AWS_004,29.91,1012.0,55.18
2026-01-01 09:32:00,AWS_004,30.38,1012.22,56.17
2026-01-01 09:33:00,AWS_004,30.26,1012.27,61.22
2026-01-01 09:34:00,AWS_004,30.23,1012.0,58.31
2026-01-01 09:35:00,AWS_004,30.17,1012.69,59.48
2026-01-01 09:36:00,AWS_004,29.41,1011.97,57.86
2026-01-01 09:37:00,AWS_004,30.72,1011.63,55.57
2026-01-01 09:38:00,AWS_004,30.18,1011.21,59.39
2026-01-01 09:39:00,AWS_004,29.61,1010.72,60.58
2026-01-01 09:40:00,AWS_004,30.35,1013.13,58.75
2026-01-01 09:41:00,AWS_004,29.8,1011.41,59.14
2026-01-01 09:42:00,AWS_004,30.35,1011.23,55.73
2026-01-01 09:43:00,AWS_004,30.46,1011.64,59.66
2026-01-01 09:44:00,AWS_004,30.5,1011.75,60.98
2026-01-01 09:45:00,AWS_004,30.01,1013.29,59.14
2026-01-01 09:46:00,AWS_004,29.89,1011.71,54.78
2026-01-01 09:47:00,AWS_004,29.78,1014.09,61.69
2026-01-01 09:48:00,AWS_004,29.73,1012.03,56.57
2026-01-01 09:49:00,AWS_004,29.99,1013.63,59.28
2026-01-01 09:50:00,AWS_004,29.9,1012.7,60.46
2026-01-01 09:51:00,AWS_004,29.63,1012.28,60.76
2026-01-01 09:52:00,AWS_004,29.49,1013.25,55.04
2026-01-01 09:53:00,AWS_004,29.88,1012.89,58.92
2026-01-01 09:54:00,AWS_004,29.73,1012.5,58.83
2026-01-01 09:55:00,AWS_004,29.43,1013.85,61.65
2026-01-01 09:56:00,AWS_004,30.2,1011.6,59.74
2026-01-01 09:57:00,AWS_004,30.56,1011.21,61.76
2026-01-01 09:58:00,AWS_004,30.22,1011.47,59.99
2026-01-01 09:59:00,AWS_004,29.52,1013.41,58.81
2026-01-01 10:00:00,AWS_004,29.77,1013.17,59.39
2026-01-01 10:01:00,AWS_004,30.39,1011.59,62.09
2026-01-01 10:02:00,AWS_004,29.29,1010.13,56.5
2026-01-01 10:03:00,AWS_004,30.05,1011.85,60.95
2026-01-01 10:04:00,AWS_004,29.14,1011.21,57.93
2026-01-01 10:05:00,AWS_004,30.37,1011.63,57.54
2026-01-01 10:06:00,AWS_004,29.51,1011.18,61.32
2026-01-01 10:07:00,AWS_004,30.55,1010.74,57.55
2026-01-01 10:08:00,AWS_004,30.33,1013.53,60.12
2026-01-01 10:09:00,AWS_004,29.58,1011.48,58.43
2026-01-01 10:10:00,AWS_004,29.31,1013.16,54.75
2026-01-01 10:11:00,AWS_004,29.66,1011.86,60.46
2026-01-01 10:12:00,AWS_004,29.49,1011.13,59.8
2026-01-01 10:13:00,AWS_004,29.38,1012.45,55.78
2026-01-01 10:14:00,AWS_004,28.86,1011.73,58.25
2026-01-01 10:15:00,AWS_004,29.3,1011.88,56.08
2026-01-01 10:16:00,AWS_004,29.04,1012.16,61.2
2026-01-01 10:17:00,AWS_004,29.69,1011.4,62.56
2026-01-01 10:18:00,AWS_004,29.84,1010.75,61.53
2026-01-01 10:19:00,AWS_004,29.72,1012.01,61.86
2026-01-01 10:20:00,AWS_004,29.54,1012.82,58.89
2026-01-01 10:21:00,AWS_004,29.05,1011.33,61.07
2026-01-01 10:22:00,AWS_004,29.45,1012.18,60.01
2026-01-01 10:23:00,AWS_004,29.66,1013.26,60.44
2026-01-01 10:24:00,AWS_004,29.09,1011.99,62.03
2026-01-01 10:25:00,AWS_004,29.36,1012.13,62.52
2026-01-01 10:26:00,AWS_004,29.23,1012.11,59.44
2026-01-01 10:27:00,AWS_004,29.93,1011.52,57.45
2026-01-01 10:28:00,AWS_004,29.59,1011.27,59.94
2026-01-01 10:29:00,AWS_004,29.47,1011.28,59.92
2026-01-01 10:30:00,AWS_004,28.52,1012.36,60.98
2026-01-01 10:31:00,AWS_004,29.26,1012.68,62.12
2026-01-01 10:32:00,AWS_004,29.1,1012.72,56.68
2026-01-01 10:33:00,AWS_004,29.08,1011.77,59.21
2026-01-01 10:34:00,AWS_004,28.5,1012.95,58.67
2026-01-01 10:35:00,AWS_004,28.67,1012.32,63.15
2026-01-01 10:36:00,AWS_004,29.06,1012.14,60.28
2026-01-01 10:37:00,AWS_004,29.51,1009.41,59.72
2026-01-01 10:38:00,AWS_004,28.81,1011.43,61.87
2026-01-01 10:39:00,AWS_004,28.86,1010.87,59.66
2026-01-01 10:40:00,AWS_004,29.72,1012.59,60.87
2026-01-01 10:41:00,AWS_004,28.86,1012.16,64.57
2026-01-01 10:42:00,AWS_004,28.91,1011.23,64.57
2026-01-01 10:43:00,AWS_004,28.9,1012.33,60.23
2026-01-01 10:44:00,AWS_004,28.38,1010.95,60.73
2026-01-01 10:45:00,AWS_004,29.13,1011.26,59.9
2026-01-01 10:46:00,AWS_004,28.62,1011.53,57.34
2026-01-01 10:47:00,AWS_004,28.85,1012.53,63.31
2026-01-01 10:48:00,AWS_004,29.02,1013.22,66.13
2026-01-01 10:49:00,AWS_004,29.6,1011.63,60.45
2026-01-01 10:50:00,AWS_004,28.27,1013.16,59.76
2026-01-01 10:51:00,AWS_004,29.12,1012.14,60.9
2026-01-01 10:52:00,AWS_004,29.1,1012.29,61.66
2026-01-01 10:53:00,AWS_004,28.48,1012.05,59.27
2026-01-01 10:54:00,AWS_004,28.95,1011.95,60.67
2026-01-01 10:55:00,AWS_004,29.35,1012.46,63.67
2026-01-01 10:56:00,AWS_004,28.37,1012.7,61.95
2026-01-01 10:57:00,AWS_004,28.75,1011.4,64.28
2026-01-01 10:58:00,AWS_004,28.79,1011.96,62.52
2026-01-01 10:59:00,AWS_004,28.82,1013.45,59.67
2026-01-01 11:00:00,AWS_004,28.9,1012.25,60.74
2026-01-01 11:01:00,AWS_004,28.63,1012.34,62.44
2026-01-01 11:02:00,AWS_004,28.75,1013.05,59.75
2026-01-01 11:03:00,AWS_004,28.16,1011.71,59.54
2026-01-01 11:04:00,AWS_004,28.57,1012.09,59.71
2026-01-01 11:05:00,AWS_004,28.29,1012.77,63.18
2026-01-01 11:06:00,AWS_004,27.97,1013.11,61.47
2026-01-01 11:07:00,AWS_004,28.24,1010.23,64.61
2026-01-01 11:08:00,AWS_004,28.53,1011.53,60.51
2026-01-01 11:09:00,AWS_004,28.57,1011.32,57.44
2026-01-01 11:10:00,AWS_004,27.87,1012.02,62.14
2026-01-01 11:11:00,AWS_004,27.98,1011.39,65.75
2026-01-01 11:12:00,AWS_004,28.62,1012.66,62.57
2026-01-01 11:13:00,AWS_004,28.52,1012.26,59.81
2026-01-01 11:14:00,AWS_004,28.65,1012.84,59.36
2026-01-01 11:15:00,AWS_004,28.82,1012.89,65.05
2026-01-01 11:16:00,AWS_004,28.46,1012.67,61.1
2026-01-01 11:17:00,AWS_004,28.06,1011.86,65.85
2026-01-01 11:18:00,AWS_004,28.25,1012.21,64.12
2026-01-01 11:19:00,AWS_004,28.85,1011.76,61.33
2026-01-01 11:20:00,AWS_004,29.27,1011.04,65.25
2026-01-01 11:21:00,AWS_004,28.33,1012.9,61.12
2026-01-01 11:22:00,AWS_004,28.33,1012.07,60.12
2026-01-01 11:23:00,AWS_004,28.39,1010.93,61.34
2026-01-01 11:24:00,AWS_004,28.09,1012.56,64.66
2026-01-01 11:25:00,AWS_004,28.52,1011.96,65.45
2026-01-01 11:26:00,AWS_004,28.44,1010.49,62.43
2026-01-01 11:27:00,AWS_004,28.15,1011.04,59.54
2026-01-01 11:28:00,AWS_004,27.86,1011.58,60.22
2026-01-01 11:29:00,AWS_004,27.36,1012.31,61.25
2026-01-01 11:30:00,AWS_004,28.24,1012.77,60.85
2026-01-01 11:31:00,AWS_004,28.01,1012.74,64.02
2026-01-01 11:32:00,AWS_004,27.61,1012.62,67.41
2026-01-01 11:33:00,AWS_004,27.43,1012.11,65.18
2026-01-01 11:34:00,AWS_004,28.12,1013.52,61.39
2026-01-01 11:35:00,AWS_004,27.2,1012.7,62.3
2026-01-01 11:36:00,AWS_004,27.94,1012.32,62.75
2026-01-01 11:37:00,AWS_004,28.13,1012.6,64.58
2026-01-01 11:38:00,AWS_004,27.99,1011.82,66.99
2026-01-01 11:39:00,AWS_004,27.59,1012.1,62.97
2026-01-01 11:40:00,AWS_004,27.23,1010.48,67.03
2026-01-01 11:41:00,AWS_004,27.94,1011.83,68.21
2026-01-01 11:42:00,AWS_004,28.17,1013.55,63.36
2026-01-01 11:43:00,AWS_004,27.44,1012.26,63.36
2026-01-01 11:44:00,AWS_004,27.85,1012.23,63.44
2026-01-01 11:45:00,AWS_004,28.25,1012.94,64.34
2026-01-01 11:46:00,AWS_004,27.73,1012.43,63.55
2026-01-01 11:47:00,AWS_004,27.42,1011.52,66.09
2026-01-01 11:48:00,AWS_004,27.97,1012.16,61.27
2026-01-01 11:49:00,AWS_004,27.24,1011.24,63.36
2026-01-01 11:50:00,AWS_004,26.99,1012.29,65.13
2026-01-01 11:51:00,AWS_004,27.81,1011.48,66.27
2026-01-01 11:52:00,AWS_004,27.31,1012.89,68.97
2026-01-01 11:53:00,AWS_004,27.32,1011.74,62.06
2026-01-01 11:54:00,AWS_004,27.17,1011.49,63.38
2026-01-01 11:55:00,AWS_004,27.21,1012.06,60.21
2026-01-01 11:56:00,AWS_004,27.94,1012.44,62.57
2026-01-01 11:57:00,AWS_004,28.02,1011.18,61.31
2026-01-01 11:58:00,AWS_004,28.06,1011.73,63.85
2026-01-01 11:59:00,AWS_004,27.75,1012.23,64.49
2026-01-01 12:00:00,AWS_004,27.48,1013.22,65.94
2026-01-01 12:01:00,AWS_004,26.7,1010.12,64.46
2026-01-01 12:02:00,AWS_004,27.18,1012.64,66.04
2026-01-01 12:03:00,AWS_004,28.09,1011.84,65.39
2026-01-01 12:04:00,AWS_004,27.03,1011.75,63.14
2026-01-01 12:05:00,AWS_004,27.79,1011.6,61.89
2026-01-01 12:06:00,AWS_004,27.18,1011.86,66.48
2026-01-01 12:07:00,AWS_004,26.07,1012.64,68.66
2026-01-01 12:08:00,AWS_004,27.38,1011.72,70.49
2026-01-01 12:09:00,AWS_004,27.6,1013.47,67.34
2026-01-01 12:10:00,AWS_004,27.06,1012.65,68.44
2026-01-01 12:11:00,AWS_004,27.55,1012.3,66.5
2026-01-01 12:12:00,AWS_004,26.36,1012.01,66.23
2026-01-01 12:13:00,AWS_004,26.46,1013.1,65.9
2026-01-01 12:14:00,AWS_004,27.07,1013.21,65.52
2026-01-01 12:15:00,AWS_004,27.16,1011.22,67.0
2026-01-01 12:16:00,AWS_004,27.49,1011.58,64.8
2026-01-01 12:17:00,AWS_004,27.18,1012.65,65.59
2026-01-01 12:18:00,AWS_004,26.42,1012.89,63.59
2026-01-01 12:19:00,AWS_004,26.96,1011.9,66.94
2026-01-01 12:20:00,AWS_004,27.1,1011.55,64.13
2026-01-01 12:21:00,AWS_004,26.09,1012.21,66.17
2026-01-01 12:22:00,AWS_004,26.8,1013.32,67.15
2026-01-01 12:23:00,AWS_004,26.66,1012.17,67.37
2026-01-01 12:24:00,AWS_004,26.51,1011.13,67.8
2026-01-01 12:25:00,AWS_004,26.95,1012.23,65.88
2026-01-01 12:26:00,AWS_004,26.27,1012.77,67.33
2026-01-01 12:27:00,AWS_004,26.87,1012.06,65.44
2026-01-01 12:28:00,AWS_004,26.91,1013.15,62.52
2026-01-01 12:29:00,AWS_004,27.1,1012.83,67.58
2026-01-01 12:30:00,AWS_004,26.19,1012.09,67.16
2026-01-01 12:31:00,AWS_004,26.02,1012.17,68.64
2026-01-01 12:32:00,AWS_004,26.71,1010.66,66.62
2026-01-01 12:33:00,AWS_004,26.46,1013.1,63.52
2026-01-01 12:34:00,AWS_004,27.72,1011.87,66.59
2026-01-01 12:35:00,AWS_004,26.72,1011.82,68.6
2026-01-01 12:36:00,AWS_004,26.53,1011.69,67.83
2026-01-01 12:37:00,AWS_004,26.42,1012.5,66.64
2026-01-01 12:38:00,AWS_004,25.98,1011.23,63.65
2026-01-01 12:39:00,AWS_004,26.67,1011.35,64.98
2026-01-01 12:40:00,AWS_004,26.39,1012.09,68.04
2026-01-01 12:41:00,AWS_004,26.37,1011.63,63.81
2026-01-01 12:42:00,AWS_004,26.42,1012.4,66.55
2026-01-01 12:43:00,AWS_004,26.45,1011.66,67.32
2026-01-01 12:44:00,AWS_004,25.64,1013.4,69.59
2026-01-01 12:45:00,AWS_004,26.65,1012.68,68.57
2026-01-01 12:46:00,AWS_004,25.96,1012.67,69.32
2026-01-01 12:47:00,AWS_004,26.22,1011.64,68.05
2026-01-01 12:48:00,AWS_004,26.77,1014.05,65.8
2026-01-01 12:49:00,AWS_004,26.94,1011.77,66.32
2026-01-01 12:50:00,AWS_004,25.53,1011.55,65.73
2026-01-01 12:51:00,AWS_004,26.2,1012.69,68.83
2026-01-01 12:52:00,AWS_004,26.28,1012.28,66.31
2026-01-01 12:53:00,AWS_004,25.54,1011.47,66.96
2026-01-01 12:54:00,AWS_004,26.45,1013.88,67.85
2026-01-01 12:55:00,AWS_004,26.15,1012.9,71.13
2026-01-01 12:56:00,AWS_004,26.16,1012.12,69.22
2026-01-01 12:57:00,AWS_004,25.7,1014.04,66.41
2026-01-01 12:58:00,AWS_004,26.21,1012.76,68.31
2026-01-01 12:59:00,AWS_004,26.36,1012.1,71.36
2026-01-01 13:00:00,AWS_004,26.05,1013.94,69.34
2026-01-01 13:01:00,AWS_004,25.77,1012.64,64.96
2026-01-01 13:02:00,AWS_004,25.78,1012.6,66.38
2026-01-01 13:03:00,AWS_004,26.02,1011.8,66.27
2026-01-01 13:04:00,AWS_004,25.94,1012.15,71.19
2026-01-01 13:05:00,AWS_004,26.26,1011.78,70.87
2026-01-01 13:06:00,AWS_004,25.68,1013.26,67.16
2026-01-01 13:07:00,AWS_004,25.37,1010.82,67.17
2026-01-01 13:08:00,AWS_004,25.98,1013.2,68.6
2026-01-01 13:09:00,AWS_004,25.62,1011.4,68.71
2026-01-01 13:10:00,AWS_004,26.1,1012.05,66.68
2026-01-01 13:11:00,AWS_004,25.77,1011.86,68.16
2026-01-01 13:12:00,AWS_004,26.01,1011.68,65.8
2026-01-01 13:13:00,AWS_004,25.32,1012.65,71.3
2026-01-01 13:14:00,AWS_004,25.76,1012.09,65.29
2026-01-01 13:15:00,AWS_004,25.41,1011.56,65.31
2026-01-01 13:16:00,AWS_004,25.18,1012.22,69.78
2026-01-01 13:17:00,AWS_004,25.3,1011.53,66.48
2026-01-01 13:18:00,AWS_004,25.41,1011.66,68.0
2026-01-01 13:19:00,AWS_004,26.1,1010.89,69.18
2026-01-01 13:20:00,AWS_004,25.36,1011.73,70.45
2026-01-01 13:21:00,AWS_004,25.05,1012.48,68.71
2026-01-01 13:22:00,AWS_004,25.6,1012.11,72.76
2026-01-01 13:23:00,AWS_004,25.53,1013.53,69.25
2026-01-01 13:24:00,AWS_004,25.31,1014.17,71.68
2026-01-01 13:25:00,AWS_004,25.42,1011.71,69.91
2026-01-01 13:26:00,AWS_004,25.85,1011.41,73.66
2026-01-01 13:27:00,AWS_004,25.71,1012.98,71.56
2026-01-01 13:28:00,AWS_004,25.65,1012.34,69.58
2026-01-01 13:29:00,AWS_004,24.93,1012.98,70.8
2026-01-01 13:30:00,AWS_004,26.53,1012.39,69.07
2026-01-01 13:31:00,AWS_004,25.78,1011.91,69.1
2026-01-01 13:32:00,AWS_004,25.55,1011.92,67.08
2026-01-01 13:33:00,AWS_004,24.85,1012.41,68.12
2026-01-01 13:34:00,AWS_004,25.68,1011.89,73.91
2026-01-01 13:35:00,AWS_004,25.08,1013.04,67.42
2026-01-01 13:36:00,AWS_004,25.18,1011.02,68.57
2026-01-01 13:37:00,AWS_004,24.57,1013.03,69.74
2026-01-01 13:38:00,AWS_004,24.72,1010.56,69.86
2026-01-01 13:39:00,AWS_004,25.38,1012.17,70.79
2026-01-01 13:40:00,AWS_004,25.58,1011.79,69.13
2026-01-01 13:41:00,AWS_004,25.43,1010.84,71.01
2026-01-01 13:42:00,AWS_004,25.4,1010.4,72.45
2026-01-01 13:43:00,AWS_004,25.1,1011.17,72.75
2026-01-01 13:44:00,AWS_004,24.94,1012.08,69.73
2026-01-01 13:45:00,AWS_004,25.2,1011.56,71.53
2026-01-01 13:46:00,AWS_004,25.39,1011.21,68.06
2026-01-01 13:47:00,AWS_004,25.05,1013.12,68.96
2026-01-01 13:48:00,AWS_004,25.51,1011.05,68.1
2026-01-01 13:49:00,AWS_004,24.92,1012.58,70.4
2026-01-01 13:50:00,AWS_004,24.59,1011.32,68.82
2026-01-01 13:51:00,AWS_004,24.96,1011.13,67.55
2026-01-01 13:52:00,AWS_004,24.99,1011.54,69.86
2026-01-01 13:53:00,AWS_004,24.89,1012.52,67.22
2026-01-01 13:54:00,AWS_004,25.42,1010.93,73.38
2026-01-01 13:55:00,AWS_004,25.21,1012.25,69.66
2026-01-01 13:56:00,AWS_004,24.3,1011.25,72.79
2026-01-01 13:57:00,AWS_004,25.46,1011.39,69.88
2026-01-01 13:58:00,AWS_004,23.74,1012.34,68.52
2026-01-01 13:59:00,AWS_004,25.67,1013.75,73.31
2026-01-01 14:00:00,AWS_004,24.68,1011.28,71.18
2026-01-01 14:01:00,AWS_004,24.7,1012.58,74.82
2026-01-01 14:02:00,AWS_004,24.73,1011.76,70.16
2026-01-01 14:03:00,AWS_004,24.89,1011.62,70.25
2026-01-01 14:04:00,AWS_004,24.72,1012.86,73.19
2026-01-01 14:05:00,AWS_004,24.65,1011.32,73.25
2026-01-01 14:06:00,AWS_004,25.2,1011.07,71.58
2026-01-01 14:07:00,AWS_004,24.89,1012.36,77.99
2026-01-01 14:08:00,AWS_004,24.26,1013.27,70.8
2026-01-01 14:09:00,AWS_004,24.92,1012.59,68.86
2026-01-01 14:10:00,AWS_004,24.82,1010.86,69.44
2026-01-01 14:11:00,AWS_004,24.37,1011.49,70.94
2026-01-01 14:12:00,AWS_004,24.89,1012.77,74.57
2026-01-01 14:13:00,AWS_004,24.49,1013.24,71.21
2026-01-01 14:14:00,AWS_004,24.45,1012.16,74.76
2026-01-01 14:15:00,AWS_004,24.42,1011.51,72.54
2026-01-01 14:16:00,AWS_004,23.53,1013.29,73.88
2026-01-01 14:17:00,AWS_004,24.27,1011.91,72.53
2026-01-01 14:18:00,AWS_004,24.75,1011.48,72.56
2026-01-01 14:19:00,AWS_004,24.43,1011.34,73.35
2026-01-01 14:20:00,AWS_004,23.91,1011.01,70.75
2026-01-01 14:21:00,AWS_004,24.79,1014.23,70.81
2026-01-01 14:22:00,AWS_004,24.27,1013.09,72.67
2026-01-01 14:23:00,AWS_004,23.88,1011.43,75.89
2026-01-01 14:24:00,AWS_004,25.24,1013.34,68.97
2026-01-01 14:25:00,AWS_004,23.92,1012.38,68.04
2026-01-01 14:26:00,AWS_004,24.67,1012.32,71.61
2026-01-01 14:27:00,AWS_004,23.99,1011.37,74.24
2026-01-01 14:28:00,AWS_004,24.34,1011.53,72.32
2026-01-01 14:29:00,AWS_004,23.91,1011.9,69.92
2026-01-01 14:30:00,AWS_004,23.75,1010.36,72.46
2026-01-01 14:31:00,AWS_004,24.44,1011.54,68.88
2026-01-01 14:32:00,AWS_004,24.38,1011.93,73.65
2026-01-01 14:33:00,AWS_004,24.66,1012.97,71.81
2026-01-01 14:34:00,AWS_004,24.17,1011.43,72.31
2026-01-01 14:35:00,AWS_004,25.05,1012.57,73.37
2026-01-01 14:36:00,AWS_004,24.25,1010.27,72.96
2026-01-01 14:37:00,AWS_004,24.36,1012.85,71.51
2026-01-01 14:38:00,AWS_004,23.57,1011.19,74.7
2026-01-01 14:39:00,AWS_004,23.85,1012.01,74.27
2026-01-01 14:40:00,AWS_004,24.29,1012.23,69.16
2026-01-01 14:41:00,AWS_004,24.03,1012.07,72.29
2026-01-01 14:42:00,AWS_004,24.12,1011.81,70.63
2026-01-01 14:43:00,AWS_004,23.7,1010.9,70.3
2026-01-01 14:44:00,AWS_004,24.06,1011.18,73.94
2026-01-01 14:45:00,AWS_004,24.04,1012.69,72.07
2026-01-01 14:46:00,AWS_004,23.51,1011.41,72.67
2026-01-01 14:47:00,AWS_004,24.22,1011.8,71.65
2026-01-01 14:48:00,AWS_004,23.27,1010.69,73.77
2026-01-01 14:49:00,AWS_004,24.01,1012.56,74.43
2026-01-01 14:50:00,AWS_004,24.62,1010.82,77.45
2026-01-01 14:51:00,AWS_004,24.17,1012.6,72.78
2026-01-01 14:52:00,AWS_004,24.15,1011.02,70.29
2026-01-01 14:53:00,AWS_004,23.51,1012.68,72.21
2026-01-01 14:54:00,AWS_004,24.56,1011.87,74.95
2026-01-01 14:55:00,AWS_004,24.39,1011.41,71.75
2026-01-01 14:56:00,AWS_004,23.48,1013.14,70.37
2026-01-01 14:57:00,AWS_004,23.61,1011.8,71.87
2026-01-01 14:58:00,AWS_004,24.29,1011.56,72.34
2026-01-01 14:59:00,AWS_004,24.49,1012.57,71.28
2026-01-01 15:00:00,AWS_004,23.25,1010.66,73.92
2026-01-01 15:01:00,AWS_004,23.34,1009.82,73.36
2026-01-01 15:02:00,AWS_004,23.67,1012.76,75.14
2026-01-01 15:03:00,AWS_004,22.84,1011.16,72.7
2026-01-01 15:04:00,AWS_004,23.7,1012.52,74.75
2026-01-01 15:05:00,AWS_004,24.16,1011.86,72.68
2026-01-01 15:06:00,AWS_004,23.09,1010.89,71.45
2026-01-01 15:07:00,AWS_004,23.7,1012.3,72.65
2026-01-01 15:08:00,AWS_004,23.4,1011.49,70.54
2026-01-01 15:09:00,AWS_004,24.28,1010.95,77.39
2026-01-01 15:10:00,AWS_004,23.38,1010.97,74.13
2026-01-01 15:11:00,AWS_004,24.2,1010.42,72.29
2026-01-01 15:12:00,AWS_004,23.34,1012.12,73.16
2026-01-01 15:13:00,AWS_004,23.87,1011.05,69.05
2026-01-01 15:14:00,AWS_004,23.65,1011.77,76.86
2026-01-01 15:15:00,AWS_004,23.48,1011.64,76.7
2026-01-01 15:16:00,AWS_004,23.2,1011.03,74.27
2026-01-01 15:17:00,AWS_004,23.64,1010.56,74.73
2026-01-01 15:18:00,AWS_004,23.32,1013.81,71.59
2026-01-01 15:19:00,AWS_004,23.2,1011.74,71.77
2026-01-01 15:20:00,AWS_004,24.05,1013.23,70.8
2026-01-01 15:21:00,AWS_004,23.67,1012.7,73.9
2026-01-01 15:22:00,AWS_004,23.69,1011.51,76.38
2026-01-01 15:23:00,AWS_004,23.27,1011.91,73.53
2026-01-01 15:24:00,AWS_004,23.33,1011.88,75.02
2026-01-01 15:25:00,AWS_004,23.29,1013.23,76.32
2026-01-01 15:26:00,AWS_004,23.52,1012.41,71.14
2026-01-01 15:27:00,AWS_004,23.62,1011.1,78.11
2026-01-01 15:28:00,AWS_004,23.34,1012.02,76.77
2026-01-01 15:29:00,AWS_004,23.02,1012.38,75.52
2026-01-01 15:30:00,AWS_004,23.63,1010.79,76.37
2026-01-01 15:31:00,AWS_004,23.33,1012.13,76.49
2026-01-01 15:32:00,AWS_004,22.72,1012.8,75.17
2026-01-01 15:33:00,AWS_004,22.43,1011.04,77.47
2026-01-01 15:34:00,AWS_004,23.39,1011.14,73.74
2026-01-01 15:35:00,AWS_004,22.93,1012.64,75.6
2026-01-01 15:36:00,AWS_004,23.42,1011.43,77.35
2026-01-01 15:37:00,AWS_004,22.93,1010.92,69.36
2026-01-01 15:38:00,AWS_004,23.28,1012.41,75.65
2026-01-01 15:39:00,AWS_004,23.06,1012.16,76.25
2026-01-01 15:40:00,AWS_004,23.9,1011.77,71.41
2026-01-01 15:41:00,AWS_004,23.57,1012.59,75.42
2026-01-01 15:42:00,AWS_004,23.71,1012.64,73.3
2026-01-01 15:43:00,AWS_004,23.17,1011.62,75.71
2026-01-01 15:44:00,AWS_004,23.48,1013.26,74.76
2026-01-01 15:45:00,AWS_004,23.17,1012.94,73.08
2026-01-01 15:46:00,AWS_004,23.71,1010.08,77.23
2026-01-01 15:47:00,AWS_004,23.08,1010.84,74.2
2026-01-01 15:48:00,AWS_004,22.54,1009.86,75.6
2026-01-01 15:49:00,AWS_004,22.29,1011.4,77.72
2026-01-01 15:50:00,AWS_004,23.74,1010.68,73.29
2026-01-01 15:51:00,AWS_004,23.26,1011.0,75.16
2026-01-01 15:52:00,AWS_004,23.27,1012.52,74.19
2026-01-01 15:53:00,AWS_004,23.64,1010.24,74.66
2026-01-01 15:54:00,AWS_004,22.37,1011.74,79.54
2026-01-01 15:55:00,AWS_004,22.88,1011.73,76.17
2026-01-01 15:56:00,AWS_004,22.91,1011.56,75.91
2026-01-01 15:57:00,AWS_004,23.29,1011.73,76.36
2026-01-01 15:58:00,AWS_004,22.71,1009.83,76.2
2026-01-01 15:59:00,AWS_004,22.49,1010.97,71.71
2026-01-01 16:00:00,AWS_004,22.48,1012.85,79.99
2026-01-01 16:01:00,AWS_004,23.41,1010.65,72.49
2026-01-01 16:02:00,AWS_004,22.64,1012.94,78.91
2026-01-01 16:03:00,AWS_004,22.71,1010.47,76.71
2026-01-01 16:04:00,AWS_004,23.17,1010.37,75.86
2026-01-01 16:05:00,AWS_004,22.63,1010.83,74.91
2026-01-01 16:06:00,AWS_004,22.22,1012.49,80.76
2026-01-01 16:07:00,AWS_004,22.26,1011.14,76.78
2026-01-01 16:08:00,AWS_004,22.86,1011.85,75.63
2026-01-01 16:09:00,AWS_004,23.07,1011.63,74.55
2026-01-01 16:10:00,AWS_004,22.78,1011.52,74.33
2026-01-01 16:11:00,AWS_004,23.02,1012.58,75.77
2026-01-01 16:12:00,AWS_004,22.19,1012.17,73.83
2026-01-01 16:13:00,AWS_004,22.21,1010.64,77.08
2026-01-01 16:14:00,AWS_004,23.72,1011.33,74.45
2026-01-01 16:15:00,AWS_004,23.3,1012.94,77.77
2026-01-01 16:16:00,AWS_004,23.11,1011.79,77.75
2026-01-01 16:17:00,AWS_004,22.53,1010.33,75.7
2026-01-01 16:18:00,AWS_004,22.69,1010.38,76.99
2026-01-01 16:19:00,AWS_004,22.77,1012.24,77.11
2026-01-01 16:20:00,AWS_004,23.29,1012.08,72.95
2026-01-01 16:21:00,AWS_004,22.91,1010.78,79.36
2026-01-01 16:22:00,AWS_004,22.95,1012.11,75.41
2026-01-01 16:23:00,AWS_004,22.67,1012.79,77.33
2026-01-01 16:24:00,AWS_004,23.04,1012.67,77.41
2026-01-01 16:25:00,AWS_004,22.84,1012.78,71.0
2026-01-01 16:26:00,AWS_004,22.73,1011.94,74.69
2026-01-01 16:27:00,AWS_004,22.4,1011.35,77.71
2026-01-01 16:28:00,AWS_004,22.65,1011.16,76.17
2026-01-01 16:29:00,AWS_004,22.25,1011.46,77.44
2026-01-01 16:30:00,AWS_004,22.66,1010.77,76.27
2026-01-01 16:31:00,AWS_004,22.7,1011.18,78.57
2026-01-01 16:32:00,AWS_004,21.7,1012.48,76.35
2026-01-01 16:33:00,AWS_004,22.56,1010.17,78.99
2026-01-01 16:34:00,AWS_004,22.17,1010.22,74.2
2026-01-01 16:35:00,AWS_004,22.83,1012.11,75.93
2026-01-01 16:36:00,AWS_004,22.88,1011.16,75.02
2026-01-01 16:37:00,AWS_004,22.45,1009.9,77.0
2026-01-01 16:38:00,AWS_004,22.83,1011.38,75.68
2026-01-01 16:39:00,AWS_004,22.84,1011.27,75.8
2026-01-01 16:40:00,AWS_004,22.5,1011.08,74.87
2026-01-01 16:41:00,AWS_004,23.2,1011.97,75.37
2026-01-01 16:42:00,AWS_004,22.29,1010.35,76.29
2026-01-01 16:43:00,AWS_004,23.16,1011.42,72.29
2026-01-01 16:44:00,AWS_004,22.48,1011.23,71.74
2026-01-01 16:45:00,AWS_004,22.22,1011.43,76.48
2026-01-01 16:46:00,AWS_004,22.41,1010.01,70.84
2026-01-01 16:47:00,AWS_004,22.11,1010.97,76.01
2026-01-01 16:48:00,AWS_004,22.85,1011.4,75.66
2026-01-01 16:49:00,AWS_004,21.89,1011.81,77.51
2026-01-01 16:50:00,AWS_004,23.08,1012.85,75.1
2026-01-01 16:51:00,AWS_004,22.14,1012.01,79.6
2026-01-01 16:52:00,AWS_004,22.85,1011.73,78.17
2026-01-01 16:53:00,AWS_004,22.52,1012.37,73.47
2026-01-01 16:54:00,AWS_004,22.61,1011.11,75.94
2026-01-01 16:55:00,AWS_004,22.26,1012.59,79.57
2026-01-01 16:56:00,AWS_004,22.63,1012.24,75.14
2026-01-01 16:57:00,AWS_004,22.54,1010.98,76.44
2026-01-01 16:58:00,AWS_004,21.89,1012.87,79.37
2026-01-01 16:59:00,AWS_004,22.08,1011.68,75.5
2026-01-01 17:00:00,AWS_004,22.25,1013.07,78.84
2026-01-01 17:01:00,AWS_004,22.16,1011.56,74.78
2026-01-01 17:02:00,AWS_004,22.95,1010.86,70.84
2026-01-01 17:03:00,AWS_004,22.45,1010.69,79.09
2026-01-01 17:04:00,AWS_004,22.13,1011.01,77.52
2026-01-01 17:05:00,AWS_004,22.24,1010.84,77.67
2026-01-01 17:06:00,AWS_004,22.23,1012.31,74.48
2026-01-01 17:07:00,AWS_004,22.31,1011.26,74.65
2026-01-01 17:08:00,AWS_004,21.99,1009.99,78.99
2026-01-01 17:09:00,AWS_004,22.09,1011.44,77.19
2026-01-01 17:10:00,AWS_004,22.72,1011.37,76.48
2026-01-01 17:11:00,AWS_004,22.48,1010.89,77.17
2026-01-01 17:12:00,AWS_004,22.34,1011.47,79.75
2026-01-01 17:13:00,AWS_004,22.4,1011.21,78.2
2026-01-01 17:14:00,AWS_004,22.38,1011.75,75.81
2026-01-01 17:15:00,AWS_004,22.31,1011.7,73.96
2026-01-01 17:16:00,AWS_004,22.59,1011.53,77.96
2026-01-01 17:17:00,AWS_004,22.56,1010.19,74.94
2026-01-01 17:18:00,AWS_004,21.75,1012.92,74.43
2026-01-01 17:19:00,AWS_004,22.32,1009.97,79.44
2026-01-01 17:20:00,AWS_004,21.77,1011.11,78.56
2026-01-01 17:21:00,AWS_004,22.62,1010.33,77.6
2026-01-01 17:22:00,AWS_004,22.67,1011.52,74.36
2026-01-01 17:23:00,AWS_004,22.11,1011.3,80.42
2026-01-01 17:24:00,AWS_004,22.31,1011.05,78.91
2026-01-01 17:25:00,AWS_004,21.51,1012.4,76.25
2026-01-01 17:26:00,AWS_004,22.74,1012.06,75.84
2026-01-01 17:27:00,AWS_004,22.63,1010.91,77.03
2026-01-01 17:28:00,AWS_004,22.8,1011.81,75.93
2026-01-01 17:29:00,AWS_004,22.93,1012.41,81.31
2026-01-01 17:30:00,AWS_004,21.85,1012.04,76.13
2026-01-01 17:31:00,AWS_004,22.69,1011.04,74.77
2026-01-01 17:32:00,AWS_004,22.92,1009.87,80.09
2026-01-01 17:33:00,AWS_004,21.73,1011.4,75.78
2026-01-01 17:34:00,AWS_004,22.26,1011.67,78.5
2026-01-01 17:35:00,AWS_004,22.18,1010.51,78.28
2026-01-01 17:36:00,AWS_004,22.66,1011.14,76.82
2026-01-01 17:37:00,AWS_004,21.36,1011.05,74.99
2026-01-01 17:38:00,AWS_004,23.04,1012.22,76.85
2026-01-01 17:39:00,AWS_004,22.27,1012.58,74.61
2026-01-01 17:40:00,AWS_004,22.68,1012.04,76.91
2026-01-01 17:41:00,AWS_004,22.29,1011.02,78.5
2026-01-01 17:42:00,AWS_004,22.51,1012.0,80.4
2026-01-01 17:43:00,AWS_004,21.38,1011.6,74.79
2026-01-01 17:44:00,AWS_004,22.15,1011.01,76.47
2026-01-01 17:45:00,AWS_004,22.64,1012.74,75.92
2026-01-01 17:46:00,AWS_004,22.42,1010.47,77.53
2026-01-01 17:47:00,AWS_004,21.65,1011.54,73.94
2026-01-01 17:48:00,AWS_004,22.33,1011.72,75.13
2026-01-01 17:49:00,AWS_004,21.97,1010.81,73.6
2026-01-01 17:50:00,AWS_004,21.94,1011.48,74.11
2026-01-01 17:51:00,AWS_004,21.69,1011.79,75.67
2026-01-01 17:52:00,AWS_004,22.54,1011.22,80.33
2026-01-01 17:53:00,AWS_004,22.74,1011.4,77.69
2026-01-01 17:54:00,AWS_004,23.14,1011.1,77.13
2026-01-01 17:55:00,AWS_004,21.71,1011.64,79.69
2026-01-01 17:56:00,AWS_004,22.6,1010.82,77.77
2026-01-01 17:57:00,AWS_004,22.63,1010.74,77.95
2026-01-01 17:58:00,AWS_004,22.06,1011.0,76.05
2026-01-01 17:59:00,AWS_004,21.93,1011.93,75.73
2026-01-01 18:00:00,AWS_004,21.86,1009.58,74.38
2026-01-01 18:01:00,AWS_004,22.08,1010.24,75.8
2026-01-01 18:02:00,AWS_004,22.37,1012.78,76.44
2026-01-01 18:03:00,AWS_004,22.84,1011.18,77.69
2026-01-01 18:04:00,AWS_004,22.74,1010.62,76.92
2026-01-01 18:05:00,AWS_004,21.65,1011.58,76.27
2026-01-01 18:06:00,AWS_004,21.98,1010.31,75.17
2026-01-01 18:07:00,AWS_004,22.82,1009.25,77.79
2026-01-01 18:08:00,AWS_004,22.0,1011.21,76.0
2026-01-01 18:09:00,AWS_004,22.27,1010.33,77.7
2026-01-01 18:10:00,AWS_004,21.62,1010.99,73.16
2026-01-01 18:11:00,AWS_004,22.76,1011.17,77.66
2026-01-01 18:12:00,AWS_004,21.54,1011.01,78.48
2026-01-01 18:13:00,AWS_004,21.64,1009.53,78.22
2026-01-01 18:14:00,AWS_004,22.72,1010.91,76.58
2026-01-01 18:15:00,AWS_004,23.07,1011.24,78.8
2026-01-01 18:16:00,AWS_004,22.19,1009.75,74.42
2026-01-01 18:17:00,AWS_004,22.29,1009.65,76.79
2026-01-01 18:18:00,AWS_004,22.67,1010.01,76.58
2026-01-01 18:19:00,AWS_004,22.43,1011.45,79.03
2026-01-01 18:20:00,AWS_004,22.16,1009.25,72.91
2026-01-01 18:21:00,AWS_004,22.12,1011.51,74.83
2026-01-01 18:22:00,AWS_004,21.69,1011.15,80.44
2026-01-01 18:23:00,AWS_004,22.41,1010.62,72.08
2026-01-01 18:24:00,AWS_004,22.28,1009.64,78.56
2026-01-01 18:25:00,AWS_004,22.15,1010.18,75.53
2026-01-01 18:26:00,AWS_004,21.93,1011.44,77.43
2026-01-01 18:27:00,AWS_004,21.97,1011.81,79.74
2026-01-01 18:28:00,AWS_004,22.58,1009.97,77.5
2026-01-01 18:29:00,AWS_004,22.69,1011.7,79.77
2026-01-01 18:30:00,AWS_004,22.21,1011.33,75.91
2026-01-01 18:31:00,AWS_004,22.17,1010.77,76.17
2026-01-01 18:32:00,AWS_004,22.0,1010.18,78.46
2026-01-01 18:33:00,AWS_004,22.72,1010.3,76.0
2026-01-01 18:34:00,AWS_004,22.36,1012.22,78.06
2026-01-01 18:35:00,AWS_004,22.5,1010.89,79.23
2026-01-01 18:36:00,AWS_004,22.5,1011.81,78.59
2026-01-01 18:37:00,AWS_004,22.24,1010.93,73.69
2026-01-01 18:38:00,AWS_004,21.9,1010.37,76.15
2026-01-01 18:39:00,AWS_004,21.97,1011.19,77.39
2026-01-01 18:40:00,AWS_004,22.82,1012.44,76.33
2026-01-01 18:41:00,AWS_004,22.08,1010.2,76.97
2026-01-01 18:42:00,AWS_004,22.21,1011.44,77.39
2026-01-01 18:43:00,AWS_004,21.93,1010.85,75.74
2026-01-01 18:44:00,AWS_004,21.9,1009.53,76.39
2026-01-01 18:45:00,AWS_004,22.08,1009.51,74.41
2026-01-01 18:46:00,AWS_004,23.07,1010.32,75.8
2026-01-01 18:47:00,AWS_004,22.66,1010.95,73.7
2026-01-01 18:48:00,AWS_004,22.19,1011.37,76.97
2026-01-01 18:49:00,AWS_004,22.84,1009.4,76.34
2026-01-01 18:50:00,AWS_004,22.35,1011.17,74.88
2026-01-01 18:51:00,AWS_004,22.96,1010.55,80.27
2026-01-01 18:52:00,AWS_004,23.31,1010.64,76.2
2026-01-01 18:53:00,AWS_004,22.84,1011.1,77.25
2026-01-01 18:54:00,AWS_004,22.47,1012.02,75.39
2026-01-01 18:55:00,AWS_004,22.72,1010.86,75.83
2026-01-01 18:56:00,AWS_004,22.45,1009.52,77.29
2026-01-01 18:57:00,AWS_004,21.71,1010.45,75.97
2026-01-01 18:58:00,AWS_004,22.19,1011.28,76.62
2026-01-01 18:59:00,AWS_004,22.08,1011.3,78.22
2026-01-01 19:00:00,AWS_004,22.19,1011.11,75.56
2026-01-01 19:01:00,AWS_004,23.19,1010.17,73.91
2026-01-01 19:02:00,AWS_004,22.92,1009.47,73.51
2026-01-01 19:03:00,AWS_004,22.66,1011.03,79.43
2026-01-01 19:04:00,AWS_004,22.81,1009.58,78.4
2026-01-01 19:05:00,AWS_004,21.74,1011.1,77.83
2026-01-01 19:06:00,AWS_004,22.79,1011.09,75.63
2026-01-01 19:07:00,AWS_004,22.88,1010.16,73.82
2026-01-01 19:08:00,AWS_004,21.62,1010.44,75.91
2026-01-01 19:09:00,AWS_004,22.82,1010.68,76.27
2026-01-01 19:10:00,AWS_004,21.96,1010.02,74.18
2026-01-01 19:11:00,AWS_004,21.74,1009.4,73.49
2026-01-01 19:12:00,AWS_004,23.07,1010.47,72.95
2026-01-01 19:13:00,AWS_004,22.14,1010.54,77.71
2026-01-01 19:14:00,AWS_004,22.27,1011.57,73.97
2026-01-01 19:15:00,AWS_004,22.95,1009.85,76.98
2026-01-01 19:16:00,AWS_004,22.44,1011.32,75.55
2026-01-01 19:17:00,AWS_004,22.5,1009.54,77.51
2026-01-01 19:18:00,AWS_004,22.5,1009.38,76.98
2026-01-01 19:19:00,AWS_004,22.73,1010.21,75.83
2026-01-01 19:20:00,AWS_004,22.5,1009.69,76.54
2026-01-01 19:21:00,AWS_004,22.65,1009.35,76.04
2026-01-01 19:22:00,AWS_004,22.41,1011.98,75.01
2026-01-01 19:23:00,AWS_004,22.76,1010.06,78.18
2026-01-01 19:24:00,AWS_004,22.75,1012.26,75.36
2026-01-01 19:25:00,AWS_004,23.39,1009.61,76.01
2026-01-01 19:26:00,AWS_004,22.49,1009.03,73.33
2026-01-01 19:27:00,AWS_004,22.58,1011.42,76.69
2026-01-01 19:28:00,AWS_004,22.75,1009.8,74.91
2026-01-01 19:29:00,AWS_004,23.05,1010.49,75.15
2026-01-01 19:30:00,AWS_004,22.24,1009.28,74.41
2026-01-01 19:31:00,AWS_004,22.72,1010.33,75.82
2026-01-01 19:32:00,AWS_004,21.69,1009.26,72.03
2026-01-01 19:33:00,AWS_004,22.59,1010.29,77.39
2026-01-01 19:34:00,AWS_004,23.14,1009.96,75.93
2026-01-01 19:35:00,AWS_004,22.43,1010.52,75.05
2026-01-01 19:36:00,AWS_004,22.8,1010.83,72.87
2026-01-01 19:37:00,AWS_004,22.52,1010.51,76.81
2026-01-01 19:38:00,AWS_004,22.4,1010.67,74.65
2026-01-01 19:39:00,AWS_004,23.14,1010.22,78.51
2026-01-01 19:40:00,AWS_004,22.34,1009.95,76.85
2026-01-01 19:41:00,AWS_004,22.89,1010.66,78.92
2026-01-01 19:42:00,AWS_004,22.9,1010.19,76.1
2026-01-01 19:43:00,AWS_004,22.45,1010.22,77.96
2026-01-01 19:44:00,AWS_004,22.86,1010.58,76.71
2026-01-01 19:45:00,AWS_004,22.44,1009.43,74.86
2026-01-01 19:46:00,AWS_004,23.03,1011.4,76.11
2026-01-01 19:47:00,AWS_004,22.3,1010.04,74.05
2026-01-01 19:48:00,AWS_004,22.7,1010.34,79.83
2026-01-01 19:49:00,AWS_004,22.75,1010.19,75.47
2026-01-01 19:50:00,AWS_004,23.3,1010.74,75.7
2026-01-01 19:51:00,AWS_004,22.92,1010.49,76.4
2026-01-01 19:52:00,AWS_004,23.26,1010.17,73.42
2026-01-01 19:53:00,AWS_004,23.11,1011.36,78.21
2026-01-01 19:54:00,AWS_004,23.12,1007.63,73.5
2026-01-01 19:55:00,AWS_004,22.78,1011.18,73.02
2026-01-01 19:56:00,AWS_004,23.33,1010.91,75.16
2026-01-01 19:57:00,AWS_004,22.79,1008.7,72.91
2026-01-01 19:58:00,AWS_004,22.25,1010.91,78.57
2026-01-01 19:59:00,AWS_004,22.87,1011.0,74.96
2026-01-01 20:00:00,AWS_004,23.14,1010.6,68.95
2026-01-01 20:01:00,AWS_004,22.33,1008.89,75.77
2026-01-01 20:02:00,AWS_004,22.63,1010.68,76.45
2026-01-01 20:03:00,AWS_004,22.5,1010.93,74.47
2026-01-01 20:04:00,AWS_004,23.32,1009.66,72.57
2026-01-01 20:05:00,AWS_004,23.69,1010.46,75.05
2026-01-01 20:06:00,AWS_004,22.95,1009.82,74.27
2026-01-01 20:07:00,AWS_004,23.25,1010.8,73.25
2026-01-01 20:08:00,AWS_004,23.26,1009.84,73.05
2026-01-01 20:09:00,AWS_004,23.69,1009.61,75.46
2026-01-01 20:10:00,AWS_004,22.82,1010.04,76.93
2026-01-01 20:11:00,AWS_004,23.0,1008.99,76.02
2026-01-01 20:12:00,AWS_004,22.96,1009.94,71.61
2026-01-01 20:13:00,AWS_004,23.14,1010.34,76.27
2026-01-01 20:14:00,AWS_004,24.13,1010.74,76.55
2026-01-01 20:15:00,AWS_004,23.15,1010.23,77.77
2026-01-01 20:16:00,AWS_004,22.81,1008.88,73.05
2026-01-01 20:17:00,AWS_004,22.7,1011.1,74.81
2026-01-01 20:18:00,AWS_004,23.67,1011.16,76.02
2026-01-01 20:19:00,AWS_004,22.84,1010.09,73.8
2026-01-01 20:20:00,AWS_004,23.46,1009.39,75.93
2026-01-01 20:21:00,AWS_004,22.94,1009.56,74.75
2026-01-01 20:22:00,AWS_004,22.72,1009.82,73.08
2026-01-01 20:23:00,AWS_004,23.48,1010.19,73.22
2026-01-01 20:24:00,AWS_004,23.0,1009.72,77.21
2026-01-01 20:25:00,AWS_004,23.43,1009.27,72.68
2026-01-01 20:26:00,AWS_004,23.47,1010.77,72.31
2026-01-01 20:27:00,AWS_004,23.51,1010.15,75.3
2026-01-01 20:28:00,AWS_004,23.19,1009.09,74.52
2026-01-01 20:29:00,AWS_004,23.59,1010.16,71.93
2026-01-01 20:30:00,AWS_004,22.96,1010.05,73.48
2026-01-01 20:31:00,AWS_004,22.36,1009.33,72.85
2026-01-01 20:32:00,AWS_004,23.64,1010.86,73.17
2026-01-01 20:33:00,AWS_004,23.43,1010.0,79.47
2026-01-01 20:34:00,AWS_004,23.14,1009.71,73.79
2026-01-01 20:35:00,AWS_004,22.81,1009.81,72.6
2026-01-01 20:36:00,AWS_004,22.59,1010.22,78.37
2026-01-01 20:37:00,AWS_004,23.44,1009.8,76.07
2026-01-01 20:38:00,AWS_004,24.1,1009.79,75.71
2026-01-01 20:39:00,AWS_004,23.39,1010.7,72.56
2026-01-01 20:40:00,AWS_004,23.32,1008.7,76.58
2026-01-01 20:41:00,AWS_004,23.47,1008.83,75.79
2026-01-01 20:42:00,AWS_004,24.36,1010.44,74.42
2026-01-01 20:43:00,AWS_004,23.81,1011.75,70.66
2026-01-01 20:44:00,AWS_004,23.15,1010.51,74.02
2026-01-01 20:45:00,AWS_004,23.55,1011.29,77.48
2026-01-01 20:46:00,AWS_004,23.68,1009.44,74.43
2026-01-01 20:47:00,AWS_004,23.14,1009.27,73.2
2026-01-01 20:48:00,AWS_004,23.88,1010.14,73.46
2026-01-01 20:49:00,AWS_004,23.27,1010.53,73.56
2026-01-01 20:50:00,AWS_004,23.0,1008.71,72.25
2026-01-01 20:51:00,AWS_004,23.65,1009.58,73.73
2026-01-01 20:52:00,AWS_004,23.6,1009.72,76.66
2026-01-01 20:53:00,AWS_004,23.65,1009.19,76.4
2026-01-01 20:54:00,AWS_004,23.36,1009.28,72.2
2026-01-01 20:55:00,AWS_004,23.43,1010.39,76.22
2026-01-01 20:56:00,AWS_004,24.15,1010.09,75.15
2026-01-01 20:57:00,AWS_004,23.89,1010.34,74.86
2026-01-01 20:58:00,AWS_004,23.34,1009.96,74.42
2026-01-01 20:59:00,AWS_004,22.96,1008.99,71.66
2026-01-01 21:00:00,AWS_004,23.39,1010.02,72.67
2026-01-01 21:01:00,AWS_004,23.84,1008.91,75.11
2026-01-01 21:02:00,AWS_004,23.54,1009.41,71.0
2026-01-01 21:03:00,AWS_004,23.52,1008.82,71.29
2026-01-01 21:04:00,AWS_004,23.58,1009.16,73.95
2026-01-01 21:05:00,AWS_004,23.81,1009.71,71.72
2026-01-01 21:06:00,AWS_004,24.17,1009.26,74.91
2026-01-01 21:07:00,AWS_004,23.87,1008.91,71.71
2026-01-01 21:08:00,AWS_004,23.91,1010.52,73.67
2026-01-01 21:09:00,AWS_004,23.81,1009.51,73.8
2026-01-01 21:10:00,AWS_004,23.72,1009.17,72.14
2026-01-01 21:11:00,AWS_004,24.29,1008.72,72.59
2026-01-01 21:12:00,AWS_004,24.25,1008.08,71.67
2026-01-01 21:13:00,AWS_004,24.78,1009.39,72.95
2026-01-01 21:14:00,AWS_004,24.22,1008.46,71.03
2026-01-01 21:15:00,AWS_004,23.8,1010.13,72.47
2026-01-01 21:16:00,AWS_004,23.65,1009.57,74.37
2026-01-01 21:17:00,AWS_004,24.41,1010.79,70.56
2026-01-01 21:18:00,AWS_004,23.72,1009.71,71.82
2026-01-01 21:19:00,AWS_004,24.39,1008.94,73.79
2026-01-01 21:20:00,AWS_004,23.78,1008.01,68.56
2026-01-01 21:21:00,AWS_004,24.24,1010.15,76.38
2026-01-01 21:22:00,AWS_004,23.69,1008.46,74.72
2026-01-01 21:23:00,AWS_004,24.44,1009.16,69.52
2026-01-01 21:24:00,AWS_004,23.65,1010.82,68.34
2026-01-01 21:25:00,AWS_004,24.27,1009.96,72.57
2026-01-01 21:26:00,AWS_004,24.1,1009.78,70.23
2026-01-01 21:27:00,AWS_004,24.24,1010.21,74.35
2026-01-01 21:28:00,AWS_004,24.06,1010.17,73.18
2026-01-01 21:29:00,AWS_004,24.06,1010.71,72.59
2026-01-01 21:30:00,AWS_004,24.31,1008.95,71.16
2026-01-01 21:31:00,AWS_004,23.87,1009.12,75.46
2026-01-01 21:32:00,AWS_004,23.88,1008.68,73.73
2026-01-01 21:33:00,AWS_004,24.16,1009.38,73.39
2026-01-01 21:34:00,AWS_004,24.16,1009.29,74.54
2026-01-01 21:35:00,AWS_004,23.94,1007.99,70.06
2026-01-01 21:36:00,AWS_004,24.72,1008.86,74.62
2026-01-01 21:37:00,AWS_004,24.24,1010.53,71.48
2026-01-01 21:38:00,AWS_004,24.3,1009.56,72.64
2026-01-01 21:39:00,AWS_004,23.88,1009.93,71.61
2026-01-01 21:40:00,AWS_004,25.25,1009.25,68.13
2026-01-01 21:41:00,AWS_004,25.41,1007.83,73.75
2026-01-01 21:42:00,AWS_004,24.15,1009.23,68.15
2026-01-01 21:43:00,AWS_004,24.97,1010.16,69.82
2026-01-01 21:44:00,AWS_004,24.46,1008.37,70.8
2026-01-01 21:45:00,AWS_004,25.16,1009.91,67.76
2026-01-01 21:46:00,AWS_004,24.67,1007.94,69.42
2026-01-01 21:47:00,AWS_004,24.59,1009.31,72.07
2026-01-01 21:48:00,AWS_004,23.57,1009.72,70.84
2026-01-01 21:49:00,AWS_004,24.24,1009.02,70.96
2026-01-01 21:50:00,AWS_004,24.62,1011.24,69.62
2026-01-01 21:51:00,AWS_004,24.71,1008.86,71.5
2026-01-01 21:52:00,AWS_004,24.16,1008.79,70.71
2026-01-01 21:53:00,AWS_004,24.37,1009.4,68.03
2026-01-01 21:54:00,AWS_004,24.9,1008.63,70.87
2026-01-01 21:55:00,AWS_004,24.15,1008.07,68.74
2026-01-01 21:56:00,AWS_004,24.77,1008.34,72.98
2026-01-01 21:57:00,AWS_004,25.23,1009.81,70.35
2026-01-01 21:58:00,AWS_004,24.91,1008.96,76.13
2026-01-01 21:59:00,AWS_004,24.91,1010.55,72.98
2026-01-01 22:00:00,AWS_004,23.99,1008.83,70.74
2026-01-01 22:01:00,AWS_004,24.48,1009.74,72.11
2026-01-01 22:02:00,AWS_004,25.65,1009.57,66.73
2026-01-01 22:03:00,AWS_004,24.61,1008.79,72.79
2026-01-01 22:04:00,AWS_004,25.38,1008.45,69.18
2026-01-01 22:05:00,AWS_004,24.64,1007.75,70.95
2026-01-01 22:06:00,AWS_004,24.8,1009.57,69.27
2026-01-01 22:07:00,AWS_004,25.13,1010.08,69.44
2026-01-01 22:08:00,AWS_004,24.99,1007.84,70.27
2026-01-01 22:09:00,AWS_004,25.12,1008.81,70.74
2026-01-01 22:10:00,AWS_004,24.66,1008.56,70.49
2026-01-01 22:11:00,AWS_004,24.55,1009.53,70.49
2026-01-01 22:12:00,AWS_004,24.67,1008.82,67.2
2026-01-01 22:13:00,AWS_004,24.83,1010.13,75.07
2026-01-01 22:14:00,AWS_004,24.97,1008.76,70.82
2026-01-01 22:15:00,AWS_004,25.5,1008.07,71.18
2026-01-01 22:16:00,AWS_004,25.14,1008.67,69.58
2026-01-01 22:17:00,AWS_004,25.32,1008.75,68.47
2026-01-01 22:18:00,AWS_004,25.2,1009.45,70.47
2026-01-01 22:19:00,AWS_004,24.71,1008.72,70.7
2026-01-01 22:20:00,AWS_004,25.19,1009.36,72.68
2026-01-01 22:21:00,AWS_004,25.25,1008.37,74.18
2026-01-01 22:22:00,AWS_004,25.52,1008.76,72.93
2026-01-01 22:23:00,AWS_004,24.81,1008.36,66.4
2026-01-01 22:24:00,AWS_004,24.44,1008.3,68.96
2026-01-01 22:25:00,AWS_004,25.35,1009.99,70.5
2026-01-01 22:26:00,AWS_004,25.44,1008.39,68.98
2026-01-01 22:27:00,AWS_004,25.25,1008.67,69.65
2026-01-01 22:28:00,AWS_004,25.35,1009.78,65.4
2026-01-01 22:29:00,AWS_004,25.71,1009.54,71.47
2026-01-01 22:30:00,AWS_004,25.2,1010.24,65.84
2026-01-01 22:31:00,AWS_004,25.29,1009.3,66.4
2026-01-01 22:32:00,AWS_004,25.45,1008.43,67.47
2026-01-01 22:33:00,AWS_004,24.95,1010.55,69.25
2026-01-01 22:34:00,AWS_004,25.4,1009.36,66.15
2026-01-01 22:35:00,AWS_004,25.46,1008.76,67.23
2026-01-01 22:36:00,AWS_004,26.16,1008.92,71.6
2026-01-01 22:37:00,AWS_004,25.4,1009.01,69.03
2026-01-01 22:38:00,AWS_004,25.62,1008.67,70.07
2026-01-01 22:39:00,AWS_004,25.93,1007.75,66.68
2026-01-01 22:40:00,AWS_004,25.25,1010.14,69.0
2026-01-01 22:41:00,AWS_004,26.15,1008.82,68.78
2026-01-01 22:42:00,AWS_004,26.33,1008.97,67.42
2026-01-01 22:43:00,AWS_004,25.63,1010.48,68.85
2026-01-01 22:44:00,AWS_004,25.45,1008.26,65.12
2026-01-01 22:45:00,AWS_004,26.34,1009.32,69.73
2026-01-01 22:46:00,AWS_004,26.03,1008.16,68.01
2026-01-01 22:47:00,AWS_004,25.76,1009.04,68.24
2026-01-01 22:48:00,AWS_004,26.32,1008.93,70.41
2026-01-01 22:49:00,AWS_004,26.3,1009.4,69.52
2026-01-01 22:50:00,AWS_004,25.66,1009.72,67.97
2026-01-01 22:51:00,AWS_004,25.91,1008.28,66.33
2026-01-01 22:52:00,AWS_004,26.06,1009.87,71.17
2026-01-01 22:53:00,AWS_004,25.86,1009.92,65.78
2026-01-01 22:54:00,AWS_004,25.32,1008.52,69.67
2026-01-01 22:55:00,AWS_004,25.52,1008.71,65.16
2026-01-01 22:56:00,AWS_004,25.37,1008.31,70.14
2026-01-01 22:57:00,AWS_004,26.13,1008.45,70.28
2026-01-01 22:58:00,AWS_004,25.48,1007.72,64.38
2026-01-01 22:59:00,AWS_004,26.06,1009.3,69.06
2026-01-01 23:00:00,AWS_004,26.73,1007.03,68.84
2026-01-01 23:01:00,AWS_004,26.59,1008.1,69.46
2026-01-01 23:02:00,AWS_004,25.31,1008.61,68.74
2026-01-01 23:03:00,AWS_004,25.55,1009.68,66.03
2026-01-01 23:04:00,AWS_004,25.77,1008.2,67.47
2026-01-01 23:05:00,AWS_004,25.64,1008.97,71.18
2026-01-01 23:06:00,AWS_004,25.46,1008.55,65.59
2026-01-01 23:07:00,AWS_004,26.14,1009.36,68.4
2026-01-01 23:08:00,AWS_004,26.45,1008.9,70.0
2026-01-01 23:09:00,AWS_004,26.57,1009.26,65.67
2026-01-01 23:10:00,AWS_004,26.02,1008.14,64.76
2026-01-01 23:11:00,AWS_004,26.12,1007.76,65.01
2026-01-01 23:12:00,AWS_004,26.4,1008.86,68.28
2026-01-01 23:13:00,AWS_004,26.23,1008.17,64.89
2026-01-01 23:14:00,AWS_004,26.62,1008.57,67.12
2026-01-01 23:15:00,AWS_004,26.49,1008.79,70.08
2026-01-01 23:16:00,AWS_004,26.19,1009.52,67.19
2026-01-01 23:17:00,AWS_004,25.62,1009.15,65.68
2026-01-01 23:18:00,AWS_004,26.98,1007.97,67.44
2026-01-01 23:19:00,AWS_004,26.13,1007.59,67.0
2026-01-01 23:20:00,AWS_004,26.57,1009.86,67.99
2026-01-01 23:21:00,AWS_004,25.68,1007.22,70.27
2026-01-01 23:22:00,AWS_004,26.46,1008.12,67.77
2026-01-01 23:23:00,AWS_004,26.53,1008.99,71.0
2026-01-01 23:24:00,AWS_004,26.57,1009.77,67.79
2026-01-01 23:25:00,AWS_004,27.74,1008.3,65.29
2026-01-01 23:26:00,AWS_004,26.3,1008.47,71.35
2026-01-01 23:27:00,AWS_004,26.9,1007.73,66.47
2026-01-01 23:28:00,AWS_004,26.81,1008.53,64.56
2026-01-01 23:29:00,AWS_004,26.35,1007.5,71.27
2026-01-01 23:30:00,AWS_004,26.96,1007.81,65.1
2026-01-01 23:31:00,AWS_004,26.6,1009.01,64.97
2026-01-01 23:32:00,AWS_004,27.03,1008.04,65.36
2026-01-01 23:33:00,AWS_004,27.49,1009.12,66.74
2026-01-01 23:34:00,AWS_004,26.79,1008.25,68.22
2026-01-01 23:35:00,AWS_004,26.64,1007.27,61.01
2026-01-01 23:36:00,AWS_004,27.19,1009.29,68.11
2026-01-01 23:37:00,AWS_004,27.35,1007.3,65.09
2026-01-01 23:38:00,AWS_004,26.46,1007.86,65.32
2026-01-01 23:39:00,AWS_004,26.66,1008.17,69.53
2026-01-01 23:40:00,AWS_004,27.13,1009.13,66.47
2026-01-01 23:41:00,AWS_004,26.83,1007.89,66.89
2026-01-01 23:42:00,AWS_004,26.52,1007.56,65.84
2026-01-01 23:43:00,AWS_004,27.14,1008.43,67.42
2026-01-01 23:44:00,AWS_004,27.21,1008.12,69.07
2026-01-01 23:45:00,AWS_004,26.83,1007.9,60.83
2026-01-01 23:46:00,AWS_004,27.01,1008.44,67.9
2026-01-01 23:47:00,AWS_004,26.78,1007.3,68.77
2026-01-01 23:48:00,AWS_004,26.59,1006.87,66.63
2026-01-01 23:49:00,AWS_004,26.86,1009.95,64.22
2026-01-01 23:50:00,AWS_004,27.11,1008.32,63.22
2026-01-01 23:51:00,AWS_004,26.51,1008.36,70.19
2026-01-01 23:52:00,AWS_004,26.95,1007.59,63.61
2026-01-01 23:53:00,AWS_004,27.18,1008.93,68.4
2026-01-01 23:54:00,AWS_004,27.64,1007.77,66.1
2026-01-01 23:55:00,AWS_004,27.06,1005.96,69.35
2026-01-01 23:56:00,AWS_004,26.71,1007.73,64.57
2026-01-01 23:57:00,AWS_004,27.14,1007.95,61.94
2026-01-01 23:58:00,AWS_004,27.02,1008.03,65.11
2026-01-01 23:59:00,AWS_004,27.49,1008.0,62.08
2026-01-02 00:00:00,AWS_004,27.16,1007.63,70.35
2026-01-02 00:01:00,AWS_004,26.23,1007.54,66.21
2026-01-02 00:02:00,AWS_004,28.81,1007.89,66.45
2026-01-02 00:03:00,AWS_004,27.42,1006.8,66.4
2026-01-02 00:04:00,AWS_004,27.42,1006.55,63.4
2026-01-02 00:05:00,AWS_004,26.79,1008.18,64.47
2026-01-02 00:06:00,AWS_004,26.84,1008.19,64.91
2026-01-02 00:07:00,AWS_004,27.41,1008.79,68.52
2026-01-02 00:08:00,AWS_004,27.6,1007.87,62.27
2026-01-02 00:09:00,AWS_004,27.77,1007.11,63.07
2026-01-02 00:10:00,AWS_004,27.61,1006.51,63.75
2026-01-02 00:11:00,AWS_004,27.06,1007.34,63.08
2026-01-02 00:12:00,AWS_004,26.55,1008.38,61.45
2026-01-02 00:13:00,AWS_004,27.54,1009.19,58.91
2026-01-02 00:14:00,AWS_004,27.39,1008.07,60.61
2026-01-02 00:15:00,AWS_004,27.12,1007.05,66.41
2026-01-02 00:16:00,AWS_004,27.97,1007.3,64.15
2026-01-02 00:17:00,AWS_004,27.03,1007.32,65.78
2026-01-02 00:18:00,AWS_004,27.93,1007.67,62.89
2026-01-02 00:19:00,AWS_004,27.14,1008.88,63.81
2026-01-02 00:20:00,AWS_004,27.78,1008.93,67.18
2026-01-02 00:21:00,AWS_004,28.12,1007.83,67.01
2026-01-02 00:22:00,AWS_004,27.64,1008.1,65.73
2026-01-02 00:23:00,AWS_004,28.47,1007.31,64.2
2026-01-02 00:24:00,AWS_004,28.58,1006.57,64.78
2026-01-02 00:25:00,AWS_004,27.93,1009.36,64.43
2026-01-02 00:26:00,AWS_004,28.08,1006.06,63.31
2026-01-02 00:27:00,AWS_004,28.31,1006.44,62.78
2026-01-02 00:28:00,AWS_004,28.12,1009.34,65.78
2026-01-02 00:29:00,AWS_004,28.1,1007.91,60.89
2026-01-02 00:30:00,AWS_004,27.74,1006.98,66.41
2026-01-02 00:31:00,AWS_004,27.29,1008.42,62.83
2026-01-02 00:32:00,AWS_004,27.43,1008.49,60.7
2026-01-02 00:33:00,AWS_004,28.96,1006.79,62.19
2026-01-02 00:34:00,AWS_004,28.16,1007.42,61.48
2026-01-02 00:35:00,AWS_004,27.96,1008.54,62.02
2026-01-02 00:36:00,AWS_004,28.58,1007.18,61.93
2026-01-02 00:37:00,AWS_004,27.8,1008.05,61.8
2026-01-02 00:38:00,AWS_004,28.35,1008.96,62.4
2026-01-02 00:39:00,AWS_004,28.17,1005.89,62.84
2026-01-02 00:40:00,AWS_004,28.35,1007.53,64.44
2026-01-02 00:41:00,AWS_004,28.05,1008.0,62.37
2026-01-02 00:42:00,AWS_004,27.82,1006.35,63.47
2026-01-02 00:43:00,AWS_004,27.9,1007.35,62.78
2026-01-02 00:44:00,AWS_004,27.93,1008.6,63.79
2026-01-02 00:45:00,AWS_004,28.27,1007.19,62.75
2026-01-02 00:46:00,AWS_004,27.67,1006.56,61.31
2026-01-02 00:47:00,AWS_004,27.81,1008.64,60.72
2026-01-02 00:48:00,AWS_004,28.39,1008.08,62.93
2026-01-02 00:49:00,AWS_004,28.3,1007.66,65.0
2026-01-02 00:50:00,AWS_004,28.45,1007.63,61.94
2026-01-02 00:51:00,AWS_004,28.38,1008.53,60.95
2026-01-02 00:52:00,AWS_004,29.43,1007.93,61.79
2026-01-02 00:53:00,AWS_004,28.49,1008.2,61.13
2026-01-02 00:54:00,AWS_004,28.31,1007.12,60.86
2026-01-02 00:55:00,AWS_004,28.52,1006.13,59.26
2026-01-02 00:56:00,AWS_004,28.91,1008.16,61.61
2026-01-02 00:57:00,AWS_004,28.5,1008.53,62.52
2026-01-02 00:58:00,AWS_004,28.82,1007.46,59.83
2026-01-02 00:59:00,AWS_004,28.73,1008.34,60.19
2026-01-02 01:00:00,AWS_004,28.47,1007.36,60.0
2026-01-02 01:01:00,AWS_004,28.65,1007.54,59.07
2026-01-02 01:02:00,AWS_004,29.27,1009.01,59.88
2026-01-02 01:03:00,AWS_004,28.75,1007.37,61.35
2026-01-02 01:04:00,AWS_004,28.28,1007.31,59.01
2026-01-02 01:05:00,AWS_004,28.57,1006.09,61.37
2026-01-02 01:06:00,AWS_004,27.87,1008.12,60.18
2026-01-02 01:07:00,AWS_004,28.79,1007.0,59.68
2026-01-02 01:08:00,AWS_004,29.28,1007.67,62.25
2026-01-02 01:09:00,AWS_004,28.24,1007.29,60.16
2026-01-02 01:10:00,AWS_004,28.86,1007.18,60.45
2026-01-02 01:11:00,AWS_004,29.21,1007.44,63.94
2026-01-02 01:12:00,AWS_004,29.28,1007.49,59.45
2026-01-02 01:13:00,AWS_004,29.37,1008.45,64.37
2026-01-02 01:14:00,AWS_004,28.13,1008.72,60.5
2026-01-02 01:15:00,AWS_004,29.1,1008.02,58.87
2026-01-02 01:16:00,AWS_004,28.32,1008.5,59.99
2026-01-02 01:17:00,AWS_004,28.54,1008.16,61.18
2026-01-02 01:18:00,AWS_004,29.29,1007.87,63.5
2026-01-02 01:19:00,AWS_004,29.05,1008.62,62.54
2026-01-02 01:20:00,AWS_004,29.29,1006.41,61.02
2026-01-02 01:21:00,AWS_004,28.65,1006.9,63.37
2026-01-02 01:22:00,AWS_004,29.63,1006.78,57.04
2026-01-02 01:23:00,AWS_004,29.34,1007.19,61.25
2026-01-02 01:24:00,AWS_004,29.44,1007.97,61.32
2026-01-02 01:25:00,AWS_004,28.67,1006.52,61.3
2026-01-02 01:26:00,AWS_004,29.59,1007.8,57.38
2026-01-02 01:27:00,AWS_004,29.02,1006.92,58.52
2026-01-02 01:28:00,AWS_004,28.92,1007.11,60.17
2026-01-02 01:29:00,AWS_004,29.44,1007.54,62.69
2026-01-02 01:30:00,AWS_004,29.44,1008.71,64.24
2026-01-02 01:31:00,AWS_004,28.89,1006.79,59.03
2026-01-02 01:32:00,AWS_004,30.07,1007.29,57.69
2026-01-02 01:33:00,AWS_004,29.99,1006.48,61.89
2026-01-02 01:34:00,AWS_004,29.53,1006.75,65.44
2026-01-02 01:35:00,AWS_004,29.48,1006.45,62.38
2026-01-02 01:36:00,AWS_004,29.46,1007.51,58.62
2026-01-02 01:37:00,AWS_004,28.73,1007.65,65.79
2026-01-02 01:38:00,AWS_004,29.41,1007.85,61.4
2026-01-02 01:39:00,AWS_004,29.43,1006.69,58.39
2026-01-02 01:40:00,AWS_004,29.18,1007.69,63.8
2026-01-02 01:41:00,AWS_004,29.3,1007.36,58.14
2026-01-02 01:42:00,AWS_004,28.49,1007.22,58.59
2026-01-02 01:43:00,AWS_004,29.03,1006.26,61.24
2026-01-02 01:44:00,AWS_004,29.85,1007.37,59.69
2026-01-02 01:45:00,AWS_004,30.2,1007.39,59.77
2026-01-02 01:46:00,AWS_004,29.15,1007.31,59.72
2026-01-02 01:47:00,AWS_004,29.62,1007.54,61.83
2026-01-02 01:48:00,AWS_004,30.0,1007.77,54.9
2026-01-02 01:49:00,AWS_004,29.38,1006.33,60.07
2026-01-02 01:50:00,AWS_004,29.87,1007.02,58.88
2026-01-02 01:51:00,AWS_004,29.61,1007.6,57.91
2026-01-02 01:52:00,AWS_004,30.12,1006.96,57.86
2026-01-02 01:53:00,AWS_004,29.15,1007.94,54.05
2026-01-02 01:54:00,AWS_004,29.24,1007.23,57.68
2026-01-02 01:55:00,AWS_004,29.81,1005.59,61.81
2026-01-02 01:56:00,AWS_004,29.76,1007.82,60.85
2026-01-02 01:57:00,AWS_004,29.71,1007.04,58.75
2026-01-02 01:58:00,AWS_004,29.99,1005.71,56.27
2026-01-02 01:59:00,AWS_004,29.4,1006.92,60.69
2026-01-02 02:00:00,AWS_004,29.25,1006.1,61.62
2026-01-02 02:01:00,AWS_004,29.61,1007.71,61.02
2026-01-02 02:02:00,AWS_004,29.68,1007.07,56.97
2026-01-02 02:03:00,AWS_004,29.74,1006.35,57.13
2026-01-02 02:04:00,AWS_004,30.38,1007.73,62.13
2026-01-02 02:05:00,AWS_004,30.2,1007.44,56.36
2026-01-02 02:06:00,AWS_004,30.12,1006.87,59.69
2026-01-02 02:07:00,AWS_004,30.01,1006.06,55.13
2026-01-02 02:08:00,AWS_004,29.77,1006.37,58.04
2026-01-02 02:09:00,AWS_004,29.62,1006.35,59.77
2026-01-02 02:10:00,AWS_004,29.5,1007.62,58.49
2026-01-02 02:11:00,AWS_004,29.72,1005.67,59.56
2026-01-02 02:12:00,AWS_004,30.0,1006.97,56.01
2026-01-02 02:13:00,AWS_004,29.57,1006.8,56.78
2026-01-02 02:14:00,AWS_004,30.12,1007.82,59.34
2026-01-02 02:15:00,AWS_004,29.99,1007.17,59.73
2026-01-02 02:16:00,AWS_004,29.93,1007.41,58.73
2026-01-02 02:17:00,AWS_004,30.57,1006.55,60.14
2026-01-02 02:18:00,AWS_004,29.14,1005.98,54.89
2026-01-02 02:19:00,AWS_004,29.99,1006.69,57.23
2026-01-02 02:20:00,AWS_004,29.22,1007.57,61.76
2026-01-02 02:21:00,AWS_004,30.27,1007.56,60.64
2026-01-02 02:22:00,AWS_004,30.5,1006.58,59.3
2026-01-02 02:23:00,AWS_004,29.67,1006.23,57.68
2026-01-02 02:24:00,AWS_004,29.74,1006.07,60.02
2026-01-02 02:25:00,AWS_004,29.57,1006.79,58.76
2026-01-02 02:26:00,AWS_004,30.29,1007.0,54.83
2026-01-02 02:27:00,AWS_004,30.15,1008.06,59.81
2026-01-02 02:28:00,AWS_004,30.19,1006.98,56.05
2026-01-02 02:29:00,AWS_004,30.17,1007.36,59.26
2026-01-02 02:30:00,AWS_004,29.95,1006.24,54.46
2026-01-02 02:31:00,AWS_004,30.81,1006.89,60.85
2026-01-02 02:32:00,AWS_004,30.48,1006.96,57.06
2026-01-02 02:33:00,AWS_004,29.92,1006.72,55.35
2026-01-02 02:34:00,AWS_004,30.13,1006.81,56.15
2026-01-02 02:35:00,AWS_004,30.07,1006.92,56.82
2026-01-02 02:36:00,AWS_004,31.0,1007.2,57.44
2026-01-02 02:37:00,AWS_004,30.74,1007.74,60.04
2026-01-02 02:38:00,AWS_004,30.42,1004.98,57.51
2026-01-02 02:39:00,AWS_004,31.17,1007.68,52.98
2026-01-02 02:40:00,AWS_004,31.09,1005.41,54.83
2026-01-02 02:41:00,AWS_004,30.43,1007.02,62.76
2026-01-02 02:42:00,AWS_004,30.38,1008.65,57.48
2026-01-02 02:43:00,AWS_004,30.41,1006.72,59.07
2026-01-02 02:44:00,AWS_004,30.19,1006.89,56.51
2026-01-02 02:45:00,AWS_004,31.28,1006.49,55.08
2026-01-02 02:46:00,AWS_004,30.2,1007.26,56.09
2026-01-02 02:47:00,AWS_004,30.97,1007.01,57.27
2026-01-02 02:48:00,AWS_004,30.92,1006.17,56.05
2026-01-02 02:49:00,AWS_004,30.53,1006.61,60.77
2026-01-02 02:50:00,AWS_004,31.4,1005.8,55.66
2026-01-02 02:51:00,AWS_004,30.06,1006.59,54.74
2026-01-02 02:52:00,AWS_004,30.67,1006.35,58.43
2026-01-02 02:53:00,AWS_004,30.52,1006.78,58.64
2026-01-02 02:54:00,AWS_004,31.12,1006.1,56.8
2026-01-02 02:55:00,AWS_004,30.89,1006.48,55.5
2026-01-02 02:56:00,AWS_004,30.08,1006.66,52.86
2026-01-02 02:57:00,AWS_004,31.28,1006.7,59.07
2026-01-02 02:58:00,AWS_004,30.99,1006.85,58.33
2026-01-02 02:59:00,AWS_004,30.4,1006.48,55.67
2026-01-02 03:00:00,AWS_004,30.69,1005.99,56.63
2026-01-02 03:01:00,AWS_004,30.32,1006.67,56.02
2026-01-02 03:02:00,AWS_004,30.79,1006.46,59.7
2026-01-02 03:03:00,AWS_004,30.94,1007.41,54.33
2026-01-02 03:04:00,AWS_004,30.76,1007.5,55.13
2026-01-02 03:05:00,AWS_004,30.73,1005.48,54.9
2026-01-02 03:06:00,AWS_004,30.28,1007.06,56.92
2026-01-02 03:07:00,AWS_004,31.07,1007.21,56.37
2026-01-02 03:08:00,AWS_004,30.18,1005.48,56.62
2026-01-02 03:09:00,AWS_004,30.98,1007.01,54.43
2026-01-02 03:10:00,AWS_004,30.26,1007.25,59.12
2026-01-02 03:11:00,AWS_004,31.02,1005.77,55.21
2026-01-02 03:12:00,AWS_004,31.01,1006.33,58.46
2026-01-02 03:13:00,AWS_004,31.19,1006.66,62.33
2026-01-02 03:14:00,AWS_004,31.38,1006.96,54.27
2026-01-02 03:15:00,AWS_004,31.47,1005.71,56.66
2026-01-02 03:16:00,AWS_004,30.42,1007.41,55.68
2026-01-02 03:17:00,AWS_004,31.06,1004.86,59.97
2026-01-02 03:18:00,AWS_004,31.9,1007.53,55.31
2026-01-02 03:19:00,AWS_004,31.16,1006.9,56.34
2026-01-02 03:20:00,AWS_004,30.79,1005.96,56.26
2026-01-02 03:21:00,AWS_004,31.11,1007.14,55.57
2026-01-02 03:22:00,AWS_004,31.0,1005.6,57.25
2026-01-02 03:23:00,AWS_004,30.7,1006.52,55.89
2026-01-02 03:24:00,AWS_004,31.53,1006.62,56.64
2026-01-02 03:25:00,AWS_004,31.43,1006.61,56.07
2026-01-02 03:26:00,AWS_004,30.67,1005.74,54.4
2026-01-02 03:27:00,AWS_004,31.18,1006.0,55.04
2026-01-02 03:28:00,AWS_004,31.01,1006.49,56.65
2026-01-02 03:29:00,AWS_004,30.61,1005.8,56.61
2026-01-02 03:30:00,AWS_004,30.69,1006.59,57.97
2026-01-02 03:31:00,AWS_004,30.77,1005.88,59.17
2026-01-02 03:32:00,AWS_004,31.26,1007.16,54.37
2026-01-02 03:33:00,AWS_004,31.12,1007.6,55.65
2026-01-02 03:34:00,AWS_004,30.93,1006.11,54.97
2026-01-02 03:35:00,AWS_004,31.17,1007.07,53.11
2026-01-02 03:36:00,AWS_004,31.64,1006.16,56.42
2026-01-02 03:37:00,AWS_004,31.49,1005.57,56.82
2026-01-02 03:38:00,AWS_004,31.77,1005.97,53.08
2026-01-02 03:39:00,AWS_004,31.29,1006.38,54.45
2026-01-02 03:40:00,AWS_004,32.03,1004.87,54.23
2026-01-02 03:41:00,AWS_004,31.54,1006.79,52.12
2026-01-02 03:42:00,AWS_004,31.22,1006.35,55.04
2026-01-02 03:43:00,AWS_004,31.46,1007.08,52.79
2026-01-02 03:44:00,AWS_004,30.94,1006.76,55.37
2026-01-02 03:45:00,AWS_004,31.33,1006.36,55.56
2026-01-02 03:46:00,AWS_004,31.64,1005.97,55.78
2026-01-02 03:47:00,AWS_004,31.72,1007.46,55.85
2026-01-02 03:48:00,AWS_004,31.32,1007.97,58.0
2026-01-02 03:49:00,AWS_004,32.59,1005.96,53.29
2026-01-02 03:50:00,AWS_004,31.44,1007.06,53.36
2026-01-02 03:51:00,AWS_004,30.85,1005.65,56.16
2026-01-02 03:52:00,AWS_004,32.02,1005.74,54.56
2026-01-02 03:53:00,AWS_004,31.79,1005.89,57.05
2026-01-02 03:54:00,AWS_004,31.65,1006.74,55.89
2026-01-02 03:55:00,AWS_004,31.38,1005.32,58.58
2026-01-02 03:56:00,AWS_004,31.74,1007.42,54.53
2026-01-02 03:57:00,AWS_004,32.24,1006.92,51.72
2026-01-02 03:58:00,AWS_004,31.68,1006.69,55.34
2026-01-02 03:59:00,AWS_004,31.02,1005.92,54.49
2026-01-02 04:00:00,AWS_004,30.24,1006.81,55.68
2026-01-02 04:01:00,AWS_004,31.79,1003.81,55.91
2026-01-02 04:02:00,AWS_004,31.25,1006.48,53.49
2026-01-02 04:03:00,AWS_004,31.62,1006.25,52.51
2026-01-02 04:04:00,AWS_004,31.34,1004.61,54.21
2026-01-02 04:05:00,AWS_004,31.32,1006.43,49.72
2026-01-02 04:06:00,AWS_004,31.38,1006.57,54.62
2026-01-02 04:07:00,AWS_004,31.43,1004.61,53.61
2026-01-02 04:08:00,AWS_004,32.02,1005.14,56.13
2026-01-02 04:09:00,AWS_004,31.95,1007.73,50.41
2026-01-02 04:10:00,AWS_004,31.25,1005.92,54.37
2026-01-02 04:11:00,AWS_004,31.31,1006.84,57.48
2026-01-02 04:12:00,AWS_004,31.9,1006.96,55.66
2026-01-02 04:13:00,AWS_004,32.18,1006.36,56.25
2026-01-02 04:14:00,AWS_004,32.18,1006.86,54.94
2026-01-02 04:15:00,AWS_004,31.38,1004.34,50.91
2026-01-02 04:16:00,AWS_004,32.18,1005.84,54.55
2026-01-02 04:17:00,AWS_004,31.09,1003.56,55.01
2026-01-02 04:18:00,AWS_004,31.73,1004.62,52.01
2026-01-02 04:19:00,AWS_004,32.01,1005.57,53.89
2026-01-02 04:20:00,AWS_004,30.99,1005.47,48.32
2026-01-02 04:21:00,AWS_004,32.67,1006.02,53.43
2026-01-02 04:22:00,AWS_004,32.37,1005.97,53.21
2026-01-02 04:23:00,AWS_004,32.11,1006.08,56.86
2026-01-02 04:24:00,AWS_004,31.48,1006.11,52.83
2026-01-02 04:25:00,AWS_004,31.84,1006.23,53.48
2026-01-02 04:26:00,AWS_004,32.2,1005.19,53.84
2026-01-02 04:27:00,AWS_004,31.44,1005.37,52.79
2026-01-02 04:28:00,AWS_004,31.82,1005.91,55.39
2026-01-02 04:29:00,AWS_004,32.27,1005.91,49.95
2026-01-02 04:30:00,AWS_004,31.32,1005.06,56.19
2026-01-02 04:31:00,AWS_004,32.05,1006.78,53.87
2026-01-02 04:32:00,AWS_004,31.23,1006.49,56.48
2026-01-02 04:33:00,AWS_004,31.56,1005.22,48.36
2026-01-02 04:34:00,AWS_004,31.74,1005.73,48.96
2026-01-02 04:35:00,AWS_004,32.16,1007.5,53.23
2026-01-02 04:36:00,AWS_004,31.68,1006.01,54.81
2026-01-02 04:37:00,AWS_004,32.02,1006.19,52.67
2026-01-02 04:38:00,AWS_004,31.7,1005.38,54.93
2026-01-02 04:39:00,AWS_004,31.77,1005.61,55.7
2026-01-02 04:40:00,AWS_004,32.49,1007.06,55.06
2026-01-02 04:41:00,AWS_004,31.54,1005.94,53.91
2026-01-02 04:42:00,AWS_004,32.31,1005.78,53.88
2026-01-02 04:43:00,AWS_004,32.01,1005.84,52.44
2026-01-02 04:44:00,AWS_004,31.79,1007.86,53.54
2026-01-02 04:45:00,AWS_004,31.54,1005.85,51.59
2026-01-02 04:46:00,AWS_004,31.58,1005.15,52.05
2026-01-02 04:47:00,AWS_004,31.75,1005.28,54.63
2026-01-02 04:48:00,AWS_004,31.99,1006.42,52.66
2026-01-02 04:49:00,AWS_004,32.3,1004.65,52.1
2026-01-02 04:50:00,AWS_004,31.94,1006.14,54.45
2026-01-02 04:51:00,AWS_004,31.98,1005.2,54.3
2026-01-02 04:52:00,AWS_004,32.04,1004.28,53.09
2026-01-02 04:53:00,AWS_004,32.27,1004.98,53.21
2026-01-02 04:54:00,AWS_004,32.35,1005.78,54.33
2026-01-02 04:55:00,AWS_004,31.54,1006.86,55.42
2026-01-02 04:56:00,AWS_004,31.99,1006.47,53.87
2026-01-02 04:57:00,AWS_004,32.6,1005.5,51.07
2026-01-02 04:58:00,AWS_004,31.59,1006.5,52.99
2026-01-02 04:59:00,AWS_004,32.15,1005.43,52.61
2026-01-02 05:00:00,AWS_004,32.06,1004.54,51.3
2026-01-02 05:01:00,AWS_004,31.9,1005.72,54.39
2026-01-02 05:02:00,AWS_004,32.77,1004.49,54.53
2026-01-02 05:03:00,AWS_004,32.15,1006.32,54.82
2026-01-02 05:04:00,AWS_004,32.75,1006.33,51.37
2026-01-02 05:05:00,AWS_004,32.15,1004.97,53.66
2026-01-02 05:06:00,AWS_004,32.34,1005.79,53.32
2026-01-02 05:07:00,AWS_004,31.93,1005.77,53.93
2026-01-02 05:08:00,AWS_004,31.94,1006.35,53.57
2026-01-02 05:09:00,AWS_004,32.33,1004.65,53.27
2026-01-02 05:10:00,AWS_004,32.35,1006.12,53.02
2026-01-02 05:11:00,AWS_004,32.42,1004.58,55.49
2026-01-02 05:12:00,AWS_004,32.34,1006.25,51.54
2026-01-02 05:13:00,AWS_004,31.65,1006.47,52.91
2026-01-02 05:14:00,AWS_004,31.87,1005.08,55.4
2026-01-02 05:15:00,AWS_004,32.54,1006.58,51.61
2026-01-02 05:16:00,AWS_004,31.42,1004.34,51.7
2026-01-02 05:17:00,AWS_004,32.32,1006.48,54.68
2026-01-02 05:18:00,AWS_004,32.17,1006.74,50.35
2026-01-02 05:19:00,AWS_004,32.55,1005.86,54.51
2026-01-02 05:20:00,AWS_004,32.38,1005.42,52.2
2026-01-02 05:21:00,AWS_004,31.96,1005.82,53.99
2026-01-02 05:22:00,AWS_004,31.94,1005.08,50.72
2026-01-02 05:23:00,AWS_004,32.02,1007.66,55.53
2026-01-02 05:24:00,AWS_004,32.46,1005.08,50.71
2026-01-02 05:25:00,AWS_004,31.31,1006.6,54.59
2026-01-02 05:26:00,AWS_004,32.3,1004.94,50.78
2026-01-02 05:27:00,AWS_004,31.89,1006.81,56.74
2026-01-02 05:28:00,AWS_004,32.32,1007.13,52.97
2026-01-02 05:29:00,AWS_004,32.39,1005.82,57.01
2026-01-02 05:30:00,AWS_004,31.59,1005.74,51.46
2026-01-02 05:31:00,AWS_004,32.16,1004.74,52.21
2026-01-02 05:32:00,AWS_004,32.32,1004.64,55.51
2026-01-02 05:33:00,AWS_004,32.29,1005.73,50.23
2026-01-02 05:34:00,AWS_004,32.21,1006.65,51.68
2026-01-02 05:35:00,AWS_004,31.78,1005.04,54.06
2026-01-02 05:36:00,AWS_004,31.84,1007.24,51.03
2026-01-02 05:37:00,AWS_004,31.72,1004.98,54.1
2026-01-02 05:38:00,AWS_004,32.49,1005.64,53.4
2026-01-02 05:39:00,AWS_004,32.23,1005.64,50.02
2026-01-02 05:40:00,AWS_004,32.25,1005.36,54.98
2026-01-02 05:41:00,AWS_004,31.59,1003.8,50.52
2026-01-02 05:42:00,AWS_004,32.26,1004.94,54.58
2026-01-02 05:43:00,AWS_004,32.53,1005.58,53.29
2026-01-02 05:44:00,AWS_004,31.54,1005.34,52.12
2026-01-02 05:45:00,AWS_004,32.07,1005.92,50.81
2026-01-02 05:46:00,AWS_004,31.66,1006.01,53.68
2026-01-02 05:47:00,AWS_004,32.12,1005.21,51.27
2026-01-02 05:48:00,AWS_004,31.93,1004.62,55.43
2026-01-02 05:49:00,AWS_004,32.44,1006.63,55.5
2026-01-02 05:50:00,AWS_004,32.36,1004.3,56.3
2026-01-02 05:51:00,AWS_004,32.81,1004.9,53.57
2026-01-02 05:52:00,AWS_004,32.27,1004.69,52.2
2026-01-02 05:53:00,AWS_004,32.43,1005.96,52.41
2026-01-02 05:54:00,AWS_004,32.07,1006.41,52.26
2026-01-02 05:55:00,AWS_004,31.85,1005.21,53.5
2026-01-02 05:56:00,AWS_004,32.63,1005.53,53.88
2026-01-02 05:57:00,AWS_004,32.79,1005.68,55.46
2026-01-02 05:58:00,AWS_004,32.58,1006.77,53.04
2026-01-02 05:59:00,AWS_004,32.35,1003.91,50.19
2026-01-02 06:00:00,AWS_004,31.9,1005.91,52.19
2026-01-02 06:01:00,AWS_004,32.75,1005.61,56.11
2026-01-02 06:02:00,AWS_004,32.53,1005.01,49.89
2026-01-02 06:03:00,AWS_004,33.1,1005.56,54.48
2026-01-02 06:04:00,AWS_004,31.83,1005.89,52.22
2026-01-02 06:05:00,AWS_004,32.64,1005.75,51.24
2026-01-02 06:06:00,AWS_004,32.51,1007.01,53.8
2026-01-02 06:07:00,AWS_004,32.15,1005.38,56.13
2026-01-02 06:08:00,AWS_004,32.84,1005.29,53.69
2026-01-02 06:09:00,AWS_004,32.45,1005.12,52.48
2026-01-02 06:10:00,AWS_004,31.91,1005.7,50.42
2026-01-02 06:11:00,AWS_004,32.24,1005.23,52.82
2026-01-02 06:12:00,AWS_004,31.91,1005.26,50.35
2026-01-02 06:13:00,AWS_004,32.1,1005.25,52.4
2026-01-02 06:14:00,AWS_004,32.57,1005.13,52.9
2026-01-02 06:15:00,AWS_004,32.68,1004.74,48.3
2026-01-02 06:16:00,AWS_004,32.37,1005.56,55.81
2026-01-02 06:17:00,AWS_004,31.98,1004.99,50.56
2026-01-02 06:18:00,AWS_004,32.43,1005.7,52.67
2026-01-02 06:19:00,AWS_004,32.57,1005.29,54.11
2026-01-02 06:20:00,AWS_004,31.49,1004.89,55.66
2026-01-02 06:21:00,AWS_004,32.32,1006.44,51.47
2026-01-02 06:22:00,AWS_004,32.19,1005.1,48.04
2026-01-02 06:23:00,AWS_004,32.65,1005.68,55.22
2026-01-02 06:24:00,AWS_004,32.42,1004.61,50.57
2026-01-02 06:25:00,AWS_004,32.46,1003.55,53.79
2026-01-02 06:26:00,AWS_004,32.07,1004.71,53.92
2026-01-02 06:27:00,AWS_004,32.26,1003.45,46.58
2026-01-02 06:28:00,AWS_004,32.63,1004.96,49.86
2026-01-02 06:29:00,AWS_004,32.23,1006.32,52.17
2026-01-02 06:30:00,AWS_004,32.32,1004.42,47.93
2026-01-02 06:31:00,AWS_004,31.63,1003.45,50.43
2026-01-02 06:32:00,AWS_004,32.22,1006.33,53.36
2026-01-02 06:33:00,AWS_004,31.44,1004.74,52.95
2026-01-02 06:34:00,AWS_004,32.03,1005.1,53.74
2026-01-02 06:35:00,AWS_004,32.26,1005.74,54.04
2026-01-02 06:36:00,AWS_004,32.54,1005.52,49.78
2026-01-02 06:37:00,AWS_004,31.83,1005.7,50.59
2026-01-02 06:38:00,AWS_004,32.37,1005.81,54.69
2026-01-02 06:39:00,AWS_004,32.81,1003.69,56.22
2026-01-02 06:40:00,AWS_004,31.96,1003.95,51.25
2026-01-02 06:41:00,AWS_004,31.6,1006.01,53.71
2026-01-02 06:42:00,AWS_004,32.33,1004.45,54.82
2026-01-02 06:43:00,AWS_004,31.73,1004.53,53.69
2026-01-02 06:44:00,AWS_004,31.87,1004.05,52.72
2026-01-02 06:45:00,AWS_004,32.57,1004.73,51.95
2026-01-02 06:46:00,AWS_004,32.94,1004.77,57.21
2026-01-02 06:47:00,AWS_004,31.79,1004.29,53.44
2026-01-02 06:48:00,AWS_004,31.89,1004.2,54.04
2026-01-02 06:49:00,AWS_004,32.0,1005.29,53.92
2026-01-02 06:50:00,AWS_004,31.96,1004.38,51.66
2026-01-02 06:51:00,AWS_004,32.94,1004.54,53.4
2026-01-02 06:52:00,AWS_004,31.95,1003.27,52.66
2026-01-02 06:53:00,AWS_004,32.01,1006.56,52.64
2026-01-02 06:54:00,AWS_004,32.8,1005.76,53.97
2026-01-02 06:55:00,AWS_004,32.38,1004.6,51.51
2026-01-02 06:56:00,AWS_004,32.54,1004.28,50.95
2026-01-02 06:57:00,AWS_004,31.78,1005.0,54.37
2026-01-02 06:58:00,AWS_004,31.92,1004.97,52.32
2026-01-02 06:59:00,AWS_004,31.71,1003.96,52.71
2026-01-02 07:00:00,AWS_004,32.44,1002.93,49.55
2026-01-02 07:01:00,AWS_004,32.61,1004.55,55.35
2026-01-02 07:02:00,AWS_004,31.87,1003.71,54.48
2026-01-02 07:03:00,AWS_004,31.96,1005.09,54.87
2026-01-02 07:04:00,AWS_004,31.97,1005.09,54.24
2026-01-02 07:05:00,AWS_004,31.48,1004.17,50.45
2026-01-02 07:06:00,AWS_004,31.82,1004.51,53.95
2026-01-02 07:07:00,AWS_004,32.39,1006.35,52.29
2026-01-02 07:08:00,AWS_004,31.73,1005.55,51.6
2026-01-02 07:09:00,AWS_004,32.11,1004.56,54.54
2026-01-02 07:10:00,AWS_004,31.54,1006.75,56.87
2026-01-02 07:11:00,AWS_004,32.0,1003.96,56.56
2026-01-02 07:12:00,AWS_004,31.82,1004.26,54.83
2026-01-02 07:13:00,AWS_004,31.55,1004.82,53.54
2026-01-02 07:14:00,AWS_004,32.35,1003.68,53.19
2026-01-02 07:15:00,AWS_004,32.37,1006.33,51.83
2026-01-02 07:16:00,AWS_004,31.63,1005.04,53.11
2026-01-02 07:17:00,AWS_004,31.93,1004.25,55.49
2026-01-02 07:18:00,AWS_004,32.02,1005.24,57.33
2026-01-02 07:19:00,AWS_004,31.27,1004.99,52.07
2026-01-02 07:20:00,AWS_004,31.43,1004.63,49.73
2026-01-02 07:21:00,AWS_004,32.5,1003.9,52.68
2026-01-02 07:22:00,AWS_004,31.55,1003.71,55.57
2026-01-02 07:23:00,AWS_004,32.47,1006.6,57.92
2026-01-02 07:24:00,AWS_004,31.42,1003.77,56.42
2026-01-02 07:25:00,AWS_004,32.22,1006.2,56.39
2026-01-02 07:26:00,AWS_004,31.82,1004.16,52.14
2026-01-02 07:27:00,AWS_004,31.87,1005.47,52.21
2026-01-02 07:28:00,AWS_004,32.67,1005.2,51.23
2026-01-02 07:29:00,AWS_004,31.42,1005.36,52.56
2026-01-02 07:30:00,AWS_004,32.15,1005.41,55.74
2026-01-02 07:31:00,AWS_004,32.13,1003.53,57.18
2026-01-02 07:32:00,AWS_004,33.24,1004.27,54.64
2026-01-02 07:33:00,AWS_004,31.46,1003.71,53.46
2026-01-02 07:34:00,AWS_004,31.63,1004.95,51.86
2026-01-02 07:35:00,AWS_004,32.2,1003.74,53.79
2026-01-02 07:36:00,AWS_004,31.78,1003.21,54.44
2026-01-02 07:37:00,AWS_004,31.67,1004.6,51.13
2026-01-02 07:38:00,AWS_004,32.23,1003.02,55.92
2026-01-02 07:39:00,AWS_004,31.73,1004.98,53.25
2026-01-02 07:40:00,AWS_004,31.47,1003.77,55.85
2026-01-02 07:41:00,AWS_004,32.11,1004.1,54.12
2026-01-02 07:42:00,AWS_004,31.96,1002.94,54.76
2026-01-02 07:43:00,AWS_004,31.67,1006.08,52.79
2026-01-02 07:44:00,AWS_004,31.64,1003.58,53.53
2026-01-02 07:45:00,AWS_004,31.41,1004.46,55.52
2026-01-02 07:46:00,AWS_004,32.06,1003.31,54.0
2026-01-02 07:47:00,AWS_004,31.61,1004.07,52.07
2026-01-02 07:48:00,AWS_004,31.44,1006.14,54.53
2026-01-02 07:49:00,AWS_004,31.22,1004.97,55.1
2026-01-02 07:50:00,AWS_004,31.89,1004.15,57.1
2026-01-02 07:51:00,AWS_004,31.52,1004.7,56.69
2026-01-02 07:52:00,AWS_004,30.9,1004.27,54.28
2026-01-02 07:53:00,AWS_004,31.22,1004.64,53.33
2026-01-02 07:54:00,AWS_004,31.59,1005.3,54.0
2026-01-02 07:55:00,AWS_004,31.6,1004.44,53.43
2026-01-02 07:56:00,AWS_004,31.57,1004.88,55.52
2026-01-02 07:57:00,AWS_004,31.5,1004.89,56.61
2026-01-02 07:58:00,AWS_004,31.06,1004.43,57.04
2026-01-02 07:59:00,AWS_004,31.28,1004.1,53.76
2026-01-02 08:00:00,AWS_004,32.1,1004.26,53.58
2026-01-02 08:01:00,AWS_004,32.03,1005.24,53.79
2026-01-02 08:02:00,AWS_004,31.83,1005.3,50.8
2026-01-02 08:03:00,AWS_004,31.79,1003.76,52.28
2026-01-02 08:04:00,AWS_004,31.94,1004.46,54.64
2026-01-02 08:05:00,AWS_004,31.12,1004.06,55.5
2026-01-02 08:06:00,AWS_004,31.57,1005.3,55.75
2026-01-02 08:07:00,AWS_004,31.1,1004.28,53.23
2026-01-02 08:08:00,AWS_004,31.09,1006.41,53.84
2026-01-02 08:09:00,AWS_004,31.67,1004.82,54.31
2026-01-02 08:10:00,AWS_004,31.89,1005.59,54.12
2026-01-02 08:11:00,AWS_004,31.42,1003.82,56.28
2026-01-02 08:12:00,AWS_004,32.15,1004.64,52.32
2026-01-02 08:13:00,AWS_004,31.56,1005.12,52.67
2026-01-02 08:14:00,AWS_004,31.15,1003.8,54.4
2026-01-02 08:15:00,AWS_004,31.02,1004.64,52.29
2026-01-02 08:16:00,AWS_004,31.85,1005.46,51.25
2026-01-02 08:17:00,AWS_004,31.48,1004.35,52.09
2026-01-02 08:18:00,AWS_004,31.68,1003.93,54.63
2026-01-02 08:19:00,AWS_004,30.34,1006.05,56.4
2026-01-02 08:20:00,AWS_004,31.49,1003.66,56.47
2026-01-02 08:21:00,AWS_004,31.17,1004.72,58.38
2026-01-02 08:22:00,AWS_004,30.81,1004.02,55.43
2026-01-02 08:23:00,AWS_004,31.33,1003.84,55.73
2026-01-02 08:24:00,AWS_004,31.78,1005.18,54.79
2026-01-02 08:25:00,AWS_004,32.23,1004.41,54.92
2026-01-02 08:26:00,AWS_004,31.41,1004.9,59.51
2026-01-02 08:27:00,AWS_004,31.02,1002.77,55.91
2026-01-02 08:28:00,AWS_004,30.98,1004.97,56.11
2026-01-02 08:29:00,AWS_004,31.66,1003.99,53.16
2026-01-02 08:30:00,AWS_004,30.86,1003.06,56.3
2026-01-02 08:31:00,AWS_004,31.5,1006.06,56.83
2026-01-02 08:32:00,AWS_004,31.35,1005.03,57.76
2026-01-02 08:33:00,AWS_004,31.29,1004.73,56.84
2026-01-02 08:34:00,AWS_004,30.58,1005.54,55.36
2026-01-02 08:35:00,AWS_004,31.05,1004.74,55.3
2026-01-02 08:36:00,AWS_004,30.6,1003.9,55.53
2026-01-02 08:37:00,AWS_004,30.93,1004.39,55.92
2026-01-02 08:38:00,AWS_004,31.52,1003.99,58.28
2026-01-02 08:39:00,AWS_004,31.63,1004.13,57.92
2026-01-02 08:40:00,AWS_004,31.21,1003.52,57.31
2026-01-02 08:41:00,AWS_004,30.88,1003.74,59.9
2026-01-02 08:42:00,AWS_004,31.73,1005.23,50.56
2026-01-02 08:43:00,AWS_004,30.85,1004.78,54.99
2026-01-02 08:44:00,AWS_004,30.61,1004.1,55.92
2026-01-02 08:45:00,AWS_004,31.33,1003.68,54.63
2026-01-02 08:46:00,AWS_004,31.22,1004.18,54.15
2026-01-02 08:47:00,AWS_004,30.81,1003.15,52.61
2026-01-02 08:48:00,AWS_004,31.05,1004.59,55.46
2026-01-02 08:49:00,AWS_004,31.17,1005.25,57.91
2026-01-02 08:50:00,AWS_004,31.06,1006.38,57.7
2026-01-02 08:51:00,AWS_004,31.15,1003.6,54.68
2026-01-02 08:52:00,AWS_004,30.75,1005.2,56.66
2026-01-02 08:53:00,AWS_004,31.15,1003.91,58.97
2026-01-02 08:54:00,AWS_004,30.93,1003.57,53.26
2026-01-02 08:55:00,AWS_004,30.72,1003.57,56.01
2026-01-02 08:56:00,AWS_004,30.79,1004.58,56.94
2026-01-02 08:57:00,AWS_004,30.84,1003.72,56.42
2026-01-02 08:58:00,AWS_004,30.28,1003.97,58.14
2026-01-02 08:59:00,AWS_004,30.59,1004.1,53.48
2026-01-02 09:00:00,AWS_004,30.86,1003.86,54.5
2026-01-02 09:01:00,AWS_004,30.27,1003.8,57.92
2026-01-02 09:02:00,AWS_004,30.55,1002.5,53.18
2026-01-02 09:03:00,AWS_004,31.74,1004.51,58.25
2026-01-02 09:04:00,AWS_004,30.32,1004.49,57.56
2026-01-02 09:05:00,AWS_004,30.6,1003.8,58.19
2026-01-02 09:06:00,AWS_004,30.4,1004.72,55.8
2026-01-02 09:07:00,AWS_004,30.67,1005.55,57.8
2026-01-02 09:08:00,AWS_004,30.38,1004.44,54.47
2026-01-02 09:09:00,AWS_004,30.59,1005.49,56.03
2026-01-02 09:10:00,AWS_004,30.38,1006.21,56.97
2026-01-02 09:11:00,AWS_004,31.08,1006.44,55.13
2026-01-02 09:12:00,AWS_004,30.67,1003.46,57.41
2026-01-02 09:13:00,AWS_004,30.22,1003.46,54.72
2026-01-02 09:14:00,AWS_004,30.94,1004.05,57.59
2026-01-02 09:15:00,AWS_004,30.21,1004.51,60.57
2026-01-02 09:16:00,AWS_004,29.95,1005.67,54.61
2026-01-02 09:17:00,AWS_004,30.56,1004.9,57.12
2026-01-02 09:18:00,AWS_004,31.3,1003.43,53.97
2026-01-02 09:19:00,AWS_004,29.79,1003.9,55.58
2026-01-02 09:20:00,AWS_004,29.98,1004.35,58.69
2026-01-02 09:21:00,AWS_004,30.79,1003.19,56.47
2026-01-02 09:22:00,AWS_004,30.22,1004.39,58.85
2026-01-02 09:23:00,AWS_004,30.7,1003.43,58.12
2026-01-02 09:24:00,AWS_004,30.11,1003.06,57.32
2026-01-02 09:25:00,AWS_004,30.48,1003.62,55.43
2026-01-02 09:26:00,AWS_004,31.1,1004.7,58.9
2026-01-02 09:27:00,AWS_004,29.91,1004.69,58.18
2026-01-02 09:28:00,AWS_004,30.78,1004.44,54.56
2026-01-02 09:29:00,AWS_004,30.63,1005.16,55.72
2026-01-02 09:30:00,AWS_004,29.74,1005.07,52.16
2026-01-02 09:31:00,AWS_004,30.54,1004.52,55.01
2026-01-02 09:32:00,AWS_004,30.33,1004.41,57.15
2026-01-02 09:33:00,AWS_004,30.32,1004.45,55.71
2026-01-02 09:34:00,AWS_004,30.4,1004.23,56.2
2026-01-02 09:35:00,AWS_004,30.11,1002.61,60.69
2026-01-02 09:36:00,AWS_004,30.26,1005.25,60.0
2026-01-02 09:37:00,AWS_004,30.31,1004.66,56.6
2026-01-02 09:38:00,AWS_004,30.5,1003.36,59.62
2026-01-02 09:39:00,AWS_004,29.57,1005.48,60.5
2026-01-02 09:40:00,AWS_004,30.68,1003.86,59.35
2026-01-02 09:41:00,AWS_004,29.68,1004.24,58.76
2026-01-02 09:42:00,AWS_004,30.43,1005.15,60.4
2026-01-02 09:43:00,AWS_004,30.14,1004.5,59.79
2026-01-02 09:44:00,AWS_004,29.58,1005.39,55.86
2026-01-02 09:45:00,AWS_004,30.28,1004.04,57.96
2026-01-02 09:46:00,AWS_004,29.68,1005.67,57.27
2026-01-02 09:47:00,AWS_004,30.46,1003.69,60.73
2026-01-02 09:48:00,AWS_004,29.73,1005.37,57.3
2026-01-02 09:49:00,AWS_004,29.4,1002.5,57.0
2026-01-02 09:50:00,AWS_004,30.59,1003.43,60.61
2026-01-02 09:51:00,AWS_004,30.03,1004.54,59.12
2026-01-02 09:52:00,AWS_004,30.29,1003.98,62.86
2026-01-02 09:53:00,AWS_004,29.58,1004.24,56.96
2026-01-02 09:54:00,AWS_004,29.15,1004.33,57.69
2026-01-02 09:55:00,AWS_004,30.56,1003.34,61.02
2026-01-02 09:56:00,AWS_004,29.87,1003.4,56.26
2026-01-02 09:57:00,AWS_004,30.05,1004.48,61.5
2026-01-02 09:58:00,AWS_004,30.09,1003.75,56.49
2026-01-02 09:59:00,AWS_004,29.68,1005.36,60.18
2026-01-02 10:00:00,AWS_004,29.88,1004.13,55.31
2026-01-02 10:01:00,AWS_004,30.41,1004.86,59.14
2026-01-02 10:02:00,AWS_004,29.74,1004.63,56.35
2026-01-02 10:03:00,AWS_004,30.11,1003.8,62.99
2026-01-02 10:04:00,AWS_004,28.92,1002.69,57.04
2026-01-02 10:05:00,AWS_004,30.15,1005.22,57.57
2026-01-02 10:06:00,AWS_004,29.07,1003.49,60.34
2026-01-02 10:07:00,AWS_004,30.06,1003.94,58.12
2026-01-02 10:08:00,AWS_004,29.8,1004.15,60.77
2026-01-02 10:09:00,AWS_004,29.58,1004.22,57.99
2026-01-02 10:10:00,AWS_004,29.56,1005.03,57.88
2026-01-02 10:11:00,AWS_004,29.48,1004.26,59.45
2026-01-02 10:12:00,AWS_004,29.24,1004.16,57.12
2026-01-02 10:13:00,AWS_004,29.46,1005.07,60.39
2026-01-02 10:14:00,AWS_004,30.41,1004.73,61.4
2026-01-02 10:15:00,AWS_004,30.03,1003.66,60.8
2026-01-02 10:16:00,AWS_004,29.14,1003.33,61.03
2026-01-02 10:17:00,AWS_004,29.57,1003.59,55.94
2026-01-02 10:18:00,AWS_004,29.48,1004.21,58.91
2026-01-02 10:19:00,AWS_004,29.37,1003.25,59.43
2026-01-02 10:20:00,AWS_004,29.01,1004.31,62.84
2026-01-02 10:21:00,AWS_004,29.57,1004.14,58.81
2026-01-02 10:22:00,AWS_004,29.71,1002.2,55.42
2026-01-02 10:23:00,AWS_004,29.01,1003.11,58.06
2026-01-02 10:24:00,AWS_004,30.11,1001.93,58.8
2026-01-02 10:25:00,AWS_004,29.92,1003.96,55.85
2026-01-02 10:26:00,AWS_004,29.51,1005.09,62.15
2026-01-02 10:27:00,AWS_004,28.77,1002.72,57.12
2026-01-02 10:28:00,AWS_004,29.41,1003.17,61.2
2026-01-02 10:29:00,AWS_004,29.34,1004.09,58.17
2026-01-02 10:30:00,AWS_004,29.41,1003.37,63.42
2026-01-02 10:31:00,AWS_004,29.82,1003.37,59.9
2026-01-02 10:32:00,AWS_004,29.1,1004.65,59.55
2026-01-02 10:33:00,AWS_004,29.97,1003.82,61.61
2026-01-02 10:34:00,AWS_004,29.29,1003.03,58.59
2026-01-02 10:35:00,AWS_004,28.99,1002.55,61.8
2026-01-02 10:36:00,AWS_004,30.05,1005.98,59.74
2026-01-02 10:37:00,AWS_004,29.4,1005.11,59.56
2026-01-02 10:38:00,AWS_004,28.86,1003.85,60.62
2026-01-02 10:39:00,AWS_004,29.06,1004.28,58.67
2026-01-02 10:40:00,AWS_004,29.26,1003.82,60.51
2026-01-02 10:41:00,AWS_004,28.92,1004.61,61.62
2026-01-02 10:42:00,AWS_004,29.02,1003.52,56.38
2026-01-02 10:43:00,AWS_004,28.62,1003.77,63.23
2026-01-02 10:44:00,AWS_004,28.25,1004.57,62.73
2026-01-02 10:45:00,AWS_004,28.94,1005.36,57.43
2026-01-02 10:46:00,AWS_004,28.94,1004.79,57.17
2026-01-02 10:47:00,AWS_004,29.07,1005.18,62.93
2026-01-02 10:48:00,AWS_004,28.61,1003.95,62.82
2026-01-02 10:49:00,AWS_004,28.28,1003.7,62.59
2026-01-02 10:50:00,AWS_004,28.41,1002.64,58.54
2026-01-02 10:51:00,AWS_004,29.2,1004.25,65.1
2026-01-02 10:52:00,AWS_004,28.49,1004.49,59.98
2026-01-02 10:53:00,AWS_004,28.56,1003.95,62.02
2026-01-02 10:54:00,AWS_004,28.59,1003.57,62.1
2026-01-02 10:55:00,AWS_004,28.45,1005.18,64.83
2026-01-02 10:56:00,AWS_004,28.39,1004.69,61.94
2026-01-02 10:57:00,AWS_004,28.3,1005.23,62.57
2026-01-02 10:58:00,AWS_004,29.19,1003.42,61.64
2026-01-02 10:59:00,AWS_004,28.88,1003.62,59.45
2026-01-02 11:00:00,AWS_004,29.09,1005.14,57.26
2026-01-02 11:01:00,AWS_004,29.15,1004.14,62.01
2026-01-02 11:02:00,AWS_004,27.61,1003.72,59.17
2026-01-02 11:03:00,AWS_004,28.66,1003.78,62.75
2026-01-02 11:04:00,AWS_004,28.27,1004.17,62.39
2026-01-02 11:05:00,AWS_004,28.93,1004.98,62.4
2026-01-02 11:06:00,AWS_004,28.16,1004.05,60.09
2026-01-02 11:07:00,AWS_004,28.02,1004.81,64.32
2026-01-02 11:08:00,AWS_004,27.84,1004.55,63.25
2026-01-02 11:09:00,AWS_004,28.28,1003.47,59.99
2026-01-02 11:10:00,AWS_004,28.74,1003.47,66.54
2026-01-02 11:11:00,AWS_004,28.46,1003.81,62.03
2026-01-02 11:12:00,AWS_004,27.85,1003.1,59.84
2026-01-02 11:13:00,AWS_004,29.17,1003.76,61.04
2026-01-02 11:14:00,AWS_004,28.55,1005.38,59.59
2026-01-02 11:15:00,AWS_004,28.58,1004.14,65.38
2026-01-02 11:16:00,AWS_004,28.76,1003.55,64.87
2026-01-02 11:17:00,AWS_004,27.57,1005.7,64.24
2026-01-02 11:18:00,AWS_004,27.84,1003.42,63.92
2026-01-02 11:19:00,AWS_004,28.51,1003.39,65.36
2026-01-02 11:20:00,AWS_004,27.84,1005.15,62.43
2026-01-02 11:21:00,AWS_004,28.03,1004.69,63.81
2026-01-02 11:22:00,AWS_004,28.09,1004.06,61.4
2026-01-02 11:23:00,AWS_004,27.59,1004.83,62.76
2026-01-02 11:24:00,AWS_004,27.93,1004.4,64.02
2026-01-02 11:25:00,AWS_004,28.42,1003.21,57.01
2026-01-02 11:26:00,AWS_004,28.32,1002.24,61.99
2026-01-02 11:27:00,AWS_004,28.46,1003.7,63.61
2026-01-02 11:28:00,AWS_004,28.39,1005.02,63.17
2026-01-02 11:29:00,AWS_004,28.13,1003.81,62.48
2026-01-02 11:30:00,AWS_004,28.08,1004.52,64.61
2026-01-02 11:31:00,AWS_004,28.03,1004.3,62.07
2026-01-02 11:32:00,AWS_004,27.65,1002.8,61.09
2026-01-02 11:33:00,AWS_004,27.47,1003.83,65.96
2026-01-02 11:34:00,AWS_004,27.58,1004.44,65.73
2026-01-02 11:35:00,AWS_004,27.71,1003.52,62.5
2026-01-02 11:36:00,AWS_004,27.55,1003.86,63.61
2026-01-02 11:37:00,AWS_004,27.96,1004.47,65.49
2026-01-02 11:38:00,AWS_004,27.85,1004.21,63.94
2026-01-02 11:39:00,AWS_004,27.87,1004.99,64.96
2026-01-02 11:40:00,AWS_004,27.87,1004.46,64.91
2026-01-02 11:41:00,AWS_004,28.19,1003.39,63.37
2026-01-02 11:42:00,AWS_004,27.68,1003.77,65.09
2026-01-02 11:43:00,AWS_004,28.07,1004.17,62.18
2026-01-02 11:44:00,AWS_004,27.85,1005.22,64.95
2026-01-02 11:45:00,AWS_004,28.07,1003.77,64.07
2026-01-02 11:46:00,AWS_004,28.24,1002.76,63.55
2026-01-02 11:47:00,AWS_004,27.81,1004.5,61.83
2026-01-02 11:48:00,AWS_004,27.6,1003.54,64.64
2026-01-02 11:49:00,AWS_004,27.57,1003.12,64.5
2026-01-02 11:50:00,AWS_004,27.32,1004.16,62.8
2026-01-02 11:51:00,AWS_004,27.29,1004.93,61.34
2026-01-02 11:52:00,AWS_004,27.83,1003.69,61.29
2026-01-02 11:53:00,AWS_004,27.06,1004.54,64.13
2026-01-02 11:54:00,AWS_004,28.07,1004.69,65.3
2026-01-02 11:55:00,AWS_004,27.34,1004.78,68.44
2026-01-02 11:56:00,AWS_004,28.53,1003.56,64.7
2026-01-02 11:57:00,AWS_004,27.08,1003.25,61.59
2026-01-02 11:58:00,AWS_004,27.44,1003.36,64.48
2026-01-02 11:59:00,AWS_004,27.17,1004.78,67.45
2026-01-02 12:00:00,AWS_004,26.98,1004.68,63.63
2026-01-02 12:01:00,AWS_004,27.7,1003.38,67.29
2026-01-02 12:02:00,AWS_004,26.81,1005.85,65.46
2026-01-02 12:03:00,AWS_004,26.96,1003.29,66.45
2026-01-02 12:04:00,AWS_004,27.44,1004.95,68.93
2026-01-02 12:05:00,AWS_004,27.48,1005.36,61.59
2026-01-02 12:06:00,AWS_004,26.61,1004.24,67.11
2026-01-02 12:07:00,AWS_004,27.37,1003.53,65.18
2026-01-02 12:08:00,AWS_004,27.17,1003.55,63.52
2026-01-02 12:09:00,AWS_004,26.73,1003.94,65.27
2026-01-02 12:10:00,AWS_004,26.76,1005.01,68.91
2026-01-02 12:11:00,AWS_004,26.24,1003.19,68.25
2026-01-02 12:12:00,AWS_004,27.72,1002.68,61.63
2026-01-02 12:13:00,AWS_004,27.42,1004.44,64.14
2026-01-02 12:14:00,AWS_004,26.47,1004.61,67.62
2026-01-02 12:15:00,AWS_004,27.29,1005.72,65.74
2026-01-02 12:16:00,AWS_004,26.72,1003.04,65.8
2026-01-02 12:17:00,AWS_004,27.29,1004.04,62.75
2026-01-02 12:18:00,AWS_004,26.7,1005.08,64.45
2026-01-02 12:19:00,AWS_004,26.73,1004.25,63.28
2026-01-02 12:20:00,AWS_004,26.74,1003.99,62.74
2026-01-02 12:21:00,AWS_004,26.57,1004.78,63.58
2026-01-02 12:22:00,AWS_004,27.37,1003.67,64.29
2026-01-02 12:23:00,AWS_004,27.15,1004.83,64.68
2026-01-02 12:24:00,AWS_004,26.82,1003.15,64.57
2026-01-02 12:25:00,AWS_004,27.16,1002.94,68.35
2026-01-02 12:26:00,AWS_004,26.08,1003.93,64.54
2026-01-02 12:27:00,AWS_004,26.21,1002.1,69.26
2026-01-02 12:28:00,AWS_004,26.87,1004.22,65.49
2026-01-02 12:29:00,AWS_004,26.96,1002.77,67.39
2026-01-02 12:30:00,AWS_004,26.75,1004.38,67.51
2026-01-02 12:31:00,AWS_004,25.87,1004.3,64.82
2026-01-02 12:32:00,AWS_004,26.17,1004.1,66.01
2026-01-02 12:33:00,AWS_004,26.74,1004.51,65.72
2026-01-02 12:34:00,AWS_004,27.53,1004.32,67.52
2026-01-02 12:35:00,AWS_004,27.02,1003.92,66.57
2026-01-02 12:36:00,AWS_004,27.14,1005.62,65.38
2026-01-02 12:37:00,AWS_004,26.63,1004.47,67.17
2026-01-02 12:38:00,AWS_004,26.6,1004.78,67.66
2026-01-02 12:39:00,AWS_004,26.03,1005.02,70.73
2026-01-02 12:40:00,AWS_004,26.81,1004.7,67.22
2026-01-02 12:41:00,AWS_004,26.37,1005.81,67.16
2026-01-02 12:42:00,AWS_004,26.66,1004.3,68.04
2026-01-02 12:43:00,AWS_004,26.37,1004.16,65.34
2026-01-02 12:44:00,AWS_004,26.45,1003.65,63.84
2026-01-02 12:45:00,AWS_004,26.28,1003.96,66.72
2026-01-02 12:46:00,AWS_004,26.39,1003.58,69.54
2026-01-02 12:47:00,AWS_004,26.68,1004.71,69.91
2026-01-02 12:48:00,AWS_004,25.75,1003.44,63.74
2026-01-02 12:49:00,AWS_004,25.64,1004.23,68.88
2026-01-02 12:50:00,AWS_004,26.38,1004.62,63.23
2026-01-02 12:51:00,AWS_004,26.77,1004.29,68.57
2026-01-02 12:52:00,AWS_004,26.85,1003.46,68.5
2026-01-02 12:53:00,AWS_004,25.66,1004.73,64.3
2026-01-02 12:54:00,AWS_004,25.97,1004.11,69.8
2026-01-02 12:55:00,AWS_004,25.51,1001.88,71.34
2026-01-02 12:56:00,AWS_004,25.86,1003.39,67.78
2026-01-02 12:57:00,AWS_004,26.51,1005.3,68.24
2026-01-02 12:58:00,AWS_004,26.04,1005.37,70.96
2026-01-02 12:59:00,AWS_004,25.87,1004.6,65.8
2026-01-02 13:00:00,AWS_004,26.22,1004.81,65.9
2026-01-02 13:01:00,AWS_004,25.66,1003.56,66.48
2026-01-02 13:02:00,AWS_004,26.59,1003.98,68.28
2026-01-02 13:03:00,AWS_004,25.94,1005.17,68.33
2026-01-02 13:04:00,AWS_004,25.75,1004.53,67.2
2026-01-02 13:05:00,AWS_004,26.13,1004.24,67.76
2026-01-02 13:06:00,AWS_004,26.25,1004.04,67.33
2026-01-02 13:07:00,AWS_004,26.49,1005.13,67.47
2026-01-02 13:08:00,AWS_004,25.75,1005.09,66.97
2026-01-02 13:09:00,AWS_004,26.25,1004.71,67.04
2026-01-02 13:10:00,AWS_004,25.83,1004.25,64.61
2026-01-02 13:11:00,AWS_004,25.52,1003.91,68.21
2026-01-02 13:12:00,AWS_004,25.44,1004.75,64.8
2026-01-02 13:13:00,AWS_004,25.29,1003.32,70.26
2026-01-02 13:14:00,AWS_004,25.41,1003.48,67.69
2026-01-02 13:15:00,AWS_004,26.13,1003.04,68.62
2026-01-02 13:16:00,AWS_004,25.95,1005.19,68.16
2026-01-02 13:17:00,AWS_004,25.15,1003.63,68.47
2026-01-02 13:18:00,AWS_004,24.93,1004.53,71.53
2026-01-02 13:19:00,AWS_004,25.16,1004.11,66.35
2026-01-02 13:20:00,AWS_004,25.27,1006.53,65.86
2026-01-02 13:21:00,AWS_004,25.44,1004.56,69.39
2026-01-02 13:22:00,AWS_004,26.01,1002.72,68.21
2026-01-02 13:23:00,AWS_004,25.3,1005.15,69.97
2026-01-02 13:24:00,AWS_004,26.17,1003.9,70.73
2026-01-02 13:25:00,AWS_004,24.81,1004.05,67.14
2026-01-02 13:26:00,AWS_004,25.32,1003.68,70.6
2026-01-02 13:27:00,AWS_004,25.76,1004.38,67.4
2026-01-02 13:28:00,AWS_004,25.76,1004.37,69.64
2026-01-02 13:29:00,AWS_004,25.27,1003.71,67.07
2026-01-02 13:30:00,AWS_004,25.78,1003.82,69.86
2026-01-02 13:31:00,AWS_004,25.69,1004.31,69.6
2026-01-02 13:32:00,AWS_004,25.07,1002.35,67.48
2026-01-02 13:33:00,AWS_004,25.45,1003.08,67.02
2026-01-02 13:34:00,AWS_004,25.58,1005.57,71.29
2026-01-02 13:35:00,AWS_004,25.04,1004.49,68.93
2026-01-02 13:36:00,AWS_004,25.94,1003.81,71.9
2026-01-02 13:37:00,AWS_004,24.91,1002.88,68.84
2026-01-02 13:38:00,AWS_004,25.28,1004.19,72.58
2026-01-02 13:39:00,AWS_004,24.7,1005.03,68.13
2026-01-02 13:40:00,AWS_004,25.22,1006.35,73.02
2026-01-02 13:41:00,AWS_004,24.73,1005.76,70.47
2026-01-02 13:42:00,AWS_004,25.02,1003.54,70.97
2026-01-02 13:43:00,AWS_004,24.49,1003.85,68.21
2026-01-02 13:44:00,AWS_004,25.42,1003.07,71.72
2026-01-02 13:45:00,AWS_004,25.22,1003.58,71.84
2026-01-02 13:46:00,AWS_004,25.5,1004.08,69.71
2026-01-02 13:47:00,AWS_004,24.9,1003.96,66.13
2026-01-02 13:48:00,AWS_004,25.48,1005.9,68.22
2026-01-02 13:49:00,AWS_004,25.02,1003.21,68.27
2026-01-02 13:50:00,AWS_004,25.03,1004.23,71.44
2026-01-02 13:51:00,AWS_004,25.81,1002.61,69.66
2026-01-02 13:52:00,AWS_004,24.75,1004.53,69.74
2026-01-02 13:53:00,AWS_004,25.42,1003.19,69.55
2026-01-02 13:54:00,AWS_004,25.1,1005.15,73.66
2026-01-02 13:55:00,AWS_004,24.66,1004.04,70.86
2026-01-02 13:56:00,AWS_004,24.34,1003.15,71.21
2026-01-02 13:57:00,AWS_004,24.44,1002.59,69.62
2026-01-02 13:58:00,AWS_004,25.28,1003.5,70.85
2026-01-02 13:59:00,AWS_004,25.51,1004.47,69.0
2026-01-02 14:00:00,AWS_004,24.83,1004.62,71.69
2026-01-02 14:01:00,AWS_004,24.83,1003.89,68.75
2026-01-02 14:02:00,AWS_004,25.07,1005.03,72.58
2026-01-02 14:03:00,AWS_004,24.77,1003.38,69.67
2026-01-02 14:04:00,AWS_004,25.16,1001.95,73.08
2026-01-02 14:05:00,AWS_004,24.82,1004.52,75.04
2026-01-02 14:06:00,AWS_004,24.74,1005.33,71.27
2026-01-02 14:07:00,AWS_004,24.38,1005.34,73.94
2026-01-02 14:08:00,AWS_004,24.27,1003.26,72.86
2026-01-02 14:09:00,AWS_004,23.36,1003.87,68.54
2026-01-02 14:10:00,AWS_004,25.1,1004.89,71.67
2026-01-02 14:11:00,AWS_004,24.53,1003.81,72.49
2026-01-02 14:12:00,AWS_004,24.41,1004.4,72.73
2026-01-02 14:13:00,AWS_004,23.77,1003.74,71.94
2026-01-02 14:14:00,AWS_004,24.28,1003.45,71.95
2026-01-02 14:15:00,AWS_004,24.21,1003.6,71.68
2026-01-02 14:16:00,AWS_004,24.18,1005.09,71.98
2026-01-02 14:17:00,AWS_004,24.61,1004.34,69.31
2026-01-02 14:18:00,AWS_004,24.51,1005.34,71.32
2026-01-02 14:19:00,AWS_004,23.9,1004.75,68.93
2026-01-02 14:20:00,AWS_004,23.91,1005.62,70.89
2026-01-02 14:21:00,AWS_004,23.89,1004.99,70.74
2026-01-02 14:22:00,AWS_004,25.11,1004.94,70.66
2026-01-02 14:23:00,AWS_004,24.97,1004.24,69.91
2026-01-02 14:24:00,AWS_004,24.01,1006.75,72.59
2026-01-02 14:25:00,AWS_004,23.55,1004.44,71.46
2026-01-02 14:26:00,AWS_004,24.37,1002.77,71.3
2026-01-02 14:27:00,AWS_004,24.32,1004.57,69.36
2026-01-02 14:28:00,AWS_004,24.41,1003.57,71.63
2026-01-02 14:29:00,AWS_004,24.56,1005.17,74.55
2026-01-02 14:30:00,AWS_004,24.43,1004.94,74.63
2026-01-02 14:31:00,AWS_004,23.79,1004.21,73.09
2026-01-02 14:32:00,AWS_004,24.33,1003.65,71.8
2026-01-02 14:33:00,AWS_004,24.54,1004.48,73.55
2026-01-02 14:34:00,AWS_004,23.89,1003.86,71.14
2026-01-02 14:35:00,AWS_004,24.28,1005.0,71.91
2026-01-02 14:36:00,AWS_004,23.93,1004.82,71.07
2026-01-02 14:37:00,AWS_004,24.93,1006.73,74.41
2026-01-02 14:38:00,AWS_004,23.58,1004.03,74.19
2026-01-02 14:39:00,AWS_004,24.56,1004.14,72.6
2026-01-02 14:40:00,AWS_004,23.41,1004.26,76.18
2026-01-02 14:41:00,AWS_004,24.78,1004.3,73.58
2026-01-02 14:42:00,AWS_004,23.59,1005.22,73.51
2026-01-02 14:43:00,AWS_004,24.11,1004.18,73.33
2026-01-02 14:44:00,AWS_004,23.36,1005.98,70.35
2026-01-02 14:45:00,AWS_004,23.46,1004.87,71.12
2026-01-02 14:46:00,AWS_004,24.34,1004.02,72.84
2026-01-02 14:47:00,AWS_004,24.38,1003.82,72.9
2026-01-02 14:48:00,AWS_004,24.04,1005.25,74.21
2026-01-02 14:49:00,AWS_004,24.23,1004.44,71.73
2026-01-02 14:50:00,AWS_004,24.33,1004.43,73.25
2026-01-02 14:51:00,AWS_004,23.63,1003.94,73.32
2026-01-02 14:52:00,AWS_004,23.32,1004.38,73.44
2026-01-02 14:53:00,AWS_004,23.86,1003.92,73.26
2026-01-02 14:54:00,AWS_004,23.62,1005.52,70.45
2026-01-02 14:55:00,AWS_004,23.99,1005.01,68.78
2026-01-02 14:56:00,AWS_004,24.04,1004.3,71.45
2026-01-02 14:57:00,AWS_004,23.53,1004.29,72.31
2026-01-02 14:58:00,AWS_004,24.07,1004.52,71.05
2026-01-02 14:59:00,AWS_004,24.04,1004.44,73.34
2026-01-02 15:00:00,AWS_004,24.05,1003.69,75.67
2026-01-02 15:01:00,AWS_004,23.58,1002.93,74.97
2026-01-02 15:02:00,AWS_004,24.04,1003.82,74.49
2026-01-02 15:03:00,AWS_004,23.92,1004.36,75.57
2026-01-02 15:04:00,AWS_004,23.95,1003.87,71.78
2026-01-02 15:05:00,AWS_004,24.35,1005.12,72.75
2026-01-02 15:06:00,AWS_004,23.8,1004.29,74.93
2026-01-02 15:07:00,AWS_004,23.41,1005.97,72.79
2026-01-02 15:08:00,AWS_004,23.19,1004.03,72.94
2026-01-02 15:09:00,AWS_004,24.07,1004.59,77.54
2026-01-02 15:10:00,AWS_004,23.75,1004.25,74.04
2026-01-02 15:11:00,AWS_004,24.26,1004.84,77.41
2026-01-02 15:12:00,AWS_004,22.77,1005.35,70.27
2026-01-02 15:13:00,AWS_004,23.93,1004.98,72.69
2026-01-02 15:14:00,AWS_004,23.44,1002.88,74.81
2026-01-02 15:15:00,AWS_004,23.39,1004.9,74.21
2026-01-02 15:16:00,AWS_004,23.21,1003.7,69.95
2026-01-02 15:17:00,AWS_004,23.87,1004.26,73.63
2026-01-02 15:18:00,AWS_004,23.74,1005.07,79.07
2026-01-02 15:19:00,AWS_004,23.02,1003.62,74.65
2026-01-02 15:20:00,AWS_004,23.53,1005.45,75.4
2026-01-02 15:21:00,AWS_004,23.73,1004.24,72.94
2026-01-02 15:22:00,AWS_004,23.51,1006.27,74.75
2026-01-02 15:23:00,AWS_004,23.86,1004.59,74.27
2026-01-02 15:24:00,AWS_004,23.29,1005.9,76.56
2026-01-02 15:25:00,AWS_004,22.49,1005.5,76.53
2026-01-02 15:26:00,AWS_004,23.46,1004.06,75.21
2026-01-02 15:27:00,AWS_004,23.44,1003.51,74.57
2026-01-02 15:28:00,AWS_004,23.48,1004.64,71.1
2026-01-02 15:29:00,AWS_004,23.78,1004.09,71.06
2026-01-02 15:30:00,AWS_004,22.55,1005.82,74.68
2026-01-02 15:31:00,AWS_004,23.22,1004.37,76.3
2026-01-02 15:32:00,AWS_004,22.93,1004.33,77.25
2026-01-02 15:33:00,AWS_004,22.8,1003.45,72.84
2026-01-02 15:34:00,AWS_004,23.25,1004.91,71.63
2026-01-02 15:35:00,AWS_004,23.54,1003.64,76.54
2026-01-02 15:36:00,AWS_004,23.37,1004.94,73.08
2026-01-02 15:37:00,AWS_004,22.96,1005.05,71.58
2026-01-02 15:38:00,AWS_004,23.16,1003.99,73.78
2026-01-02 15:39:00,AWS_004,23.58,1005.36,73.78
2026-01-02 15:40:00,AWS_004,23.47,1004.38,77.47
2026-01-02 15:41:00,AWS_004,22.96,1003.43,76.59
2026-01-02 15:42:00,AWS_004,22.93,1005.84,73.41
2026-01-02 15:43:00,AWS_004,22.47,1003.87,77.71
2026-01-02 15:44:00,AWS_004,22.98,1005.02,75.2
2026-01-02 15:45:00,AWS_004,22.44,1004.96,77.1
2026-01-02 15:46:00,AWS_004,23.95,1004.93,77.66
2026-01-02 15:47:00,AWS_004,22.77,1004.92,74.51
2026-01-02 15:48:00,AWS_004,23.54,1003.86,76.21
2026-01-02 15:49:00,AWS_004,23.82,1005.99,74.28
2026-01-02 15:50:00,AWS_004,23.16,1005.4,76.98
2026-01-02 15:51:00,AWS_004,23.03,1005.02,75.33
2026-01-02 15:52:00,AWS_004,22.52,1003.58,77.1
2026-01-02 15:53:00,AWS_004,22.84,1003.87,78.25
2026-01-02 15:54:00,AWS_004,23.67,1005.18,76.33
2026-01-02 15:55:00,AWS_004,23.16,1003.06,75.07
2026-01-02 15:56:00,AWS_004,23.02,1004.94,75.13
2026-01-02 15:57:00,AWS_004,23.52,1003.6,69.4
2026-01-02 15:58:00,AWS_004,23.26,1003.98,73.91
2026-01-02 15:59:00,AWS_004,22.92,1003.55,77.23
2026-01-02 16:00:00,AWS_004,23.05,1004.88,77.33
2026-01-02 16:01:00,AWS_004,22.65,1005.58,73.95
2026-01-02 16:02:00,AWS_004,22.72,1004.97,75.77
2026-01-02 16:03:00,AWS_004,22.85,1005.06,75.09
2026-01-02 16:04:00,AWS_004,23.14,1004.83,76.87
2026-01-02 16:05:00,AWS_004,22.41,1005.25,79.94
2026-01-02 16:06:00,AWS_004,22.93,1005.08,76.96
2026-01-02 16:07:00,AWS_004,22.73,1002.54,74.23
2026-01-02 16:08:00,AWS_004,22.52,1005.44,75.44
2026-01-02 16:09:00,AWS_004,22.71,1005.36,78.42
2026-01-02 16:10:00,AWS_004,21.93,1004.44,72.83
2026-01-02 16:11:00,AWS_004,22.55,1003.15,74.44
2026-01-02 16:12:00,AWS_004,22.4,1004.93,77.11
2026-01-02 16:13:00,AWS_004,22.72,1005.0,78.3
2026-01-02 16:14:00,AWS_004,21.91,1004.39,76.96
2026-01-02 16:15:00,AWS_004,22.89,1004.9,74.55
2026-01-02 16:16:00,AWS_004,23.16,1005.61,76.86
2026-01-02 16:17:00,AWS_004,22.74,1006.68,76.64
2026-01-02 16:18:00,AWS_004,22.98,1004.88,76.53
2026-01-02 16:19:00,AWS_004,22.57,1005.04,75.66
2026-01-02 16:20:00,AWS_004,22.14,1004.11,75.98
2026-01-02 16:21:00,AWS_004,22.75,1004.38,74.08
2026-01-02 16:22:00,AWS_004,23.02,1004.67,80.88
2026-01-02 16:23:00,AWS_004,22.21,1005.73,76.26
2026-01-02 16:24:00,AWS_004,22.54,1005.45,77.06
2026-01-02 16:25:00,AWS_004,22.62,1006.34,75.55
2026-01-02 16:26:00,AWS_004,23.85,1003.61,77.7
2026-01-02 16:27:00,AWS_004,22.79,1003.75,73.43
2026-01-02 16:28:00,AWS_004,21.93,1005.69,72.55
2026-01-02 16:29:00,AWS_004,21.82,1005.98,76.01
2026-01-02 16:30:00,AWS_004,22.97,1004.85,80.19
2026-01-02 16:31:00,AWS_004,23.66,1001.25,78.52
2026-01-02 16:32:00,AWS_004,22.55,1004.24,74.51
2026-01-02 16:33:00,AWS_004,22.51,1005.1,77.18
2026-01-02 16:34:00,AWS_004,22.81,1004.12,74.89
2026-01-02 16:35:00,AWS_004,22.31,1004.99,77.04
2026-01-02 16:36:00,AWS_004,21.61,1006.37,77.21
2026-01-02 16:37:00,AWS_004,23.03,1006.0,78.07
2026-01-02 16:38:00,AWS_004,22.37,1005.51,73.11
2026-01-02 16:39:00,AWS_004,23.02,1004.81,73.73
2026-01-02 16:40:00,AWS_004,22.29,1004.47,76.13
2026-01-02 16:41:00,AWS_004,22.64,1005.48,74.23
2026-01-02 16:42:00,AWS_004,22.92,1004.9,74.09
2026-01-02 16:43:00,AWS_004,23.0,1004.93,76.87
2026-01-02 16:44:00,AWS_004,22.66,1003.65,74.51
2026-01-02 16:45:00,AWS_004,22.63,1004.32,80.88
2026-01-02 16:46:00,AWS_004,22.8,1005.5,75.31
2026-01-02 16:47:00,AWS_004,22.73,1004.02,75.86
2026-01-02 16:48:00,AWS_004,22.02,1005.12,77.01
2026-01-02 16:49:00,AWS_004,22.02,1005.25,73.41
2026-01-02 16:50:00,AWS_004,21.68,1005.3,77.46
2026-01-02 16:51:00,AWS_004,22.83,1005.37,77.14
2026-01-02 16:52:00,AWS_004,22.35,1005.43,75.78
2026-01-02 16:53:00,AWS_004,22.83,1004.44,77.04
2026-01-02 16:54:00,AWS_004,22.66,1003.77,77.36
2026-01-02 16:55:00,AWS_004,22.09,1004.25,79.39
2026-01-02 16:56:00,AWS_004,22.44,1005.54,81.54
2026-01-02 16:57:00,AWS_004,22.3,1004.0,74.43
2026-01-02 16:58:00,AWS_004,22.23,1004.13,73.97
2026-01-02 16:59:00,AWS_004,22.84,1004.13,76.78
2026-01-02 17:00:00,AWS_004,23.47,1003.5,72.43
2026-01-02 17:01:00,AWS_004,22.9,1004.06,77.9
2026-01-02 17:02:00,AWS_004,22.44,1005.78,76.84
2026-01-02 17:03:00,AWS_004,22.95,1004.42,77.37
2026-01-02 17:04:00,AWS_004,23.13,1003.6,76.04
2026-01-02 17:05:00,AWS_004,21.88,1004.59,77.17
2026-01-02 17:06:00,AWS_004,22.92,1005.41,77.61
2026-01-02 17:07:00,AWS_004,22.73,1003.55,77.08
2026-01-02 17:08:00,AWS_004,22.9,1005.78,74.0
2026-01-02 17:09:00,AWS_004,22.74,1003.87,77.05
2026-01-02 17:10:00,AWS_004,22.32,1004.71,80.42
2026-01-02 17:11:00,AWS_004,23.22,1004.71,77.21
2026-01-02 17:12:00,AWS_004,22.54,1004.59,77.01
2026-01-02 17:13:00,AWS_004,22.22,1004.99,79.87
2026-01-02 17:14:00,AWS_004,22.6,1005.67,75.27
2026-01-02 17:15:00,AWS_004,22.78,1005.02,78.55
2026-01-02 17:16:00,AWS_004,22.42,1004.58,75.72
2026-01-02 17:17:00,AWS_004,22.54,1005.43,78.96
2026-01-02 17:18:00,AWS_004,22.41,1005.24,78.4
2026-01-02 17:19:00,AWS_004,22.11,1004.54,75.98
2026-01-02 17:20:00,AWS_004,22.04,1005.12,76.29
2026-01-02 17:21:00,AWS_004,21.8,1004.49,78.78
2026-01-02 17:22:00,AWS_004,22.97,1004.4,73.12
2026-01-02 17:23:00,AWS_004,22.27,1005.74,75.96
2026-01-02 17:24:00,AWS_004,20.98,1005.46,78.09
2026-01-02 17:25:00,AWS_004,22.51,1005.73,76.24
2026-01-02 17:26:00,AWS_004,22.5,1005.62,77.14
2026-01-02 17:27:00,AWS_004,21.6,1004.41,72.79
2026-01-02 17:28:00,AWS_004,22.01,1005.93,75.17
2026-01-02 17:29:00,AWS_004,21.99,1004.9,78.25
2026-01-02 17:30:00,AWS_004,22.04,1005.88,75.4
2026-01-02 17:31:00,AWS_004,22.82,1005.05,74.3
2026-01-02 17:32:00,AWS_004,22.27,1005.4,79.03
2026-01-02 17:33:00,AWS_004,22.16,1005.43,77.95
2026-01-02 17:34:00,AWS_004,22.77,1005.81,74.75
2026-01-02 17:35:00,AWS_004,22.52,1003.86,77.21
2026-01-02 17:36:00,AWS_004,21.62,1003.91,74.82
2026-01-02 17:37:00,AWS_004,22.07,1005.72,76.63
2026-01-02 17:38:00,AWS_004,22.45,1005.47,77.3
2026-01-02 17:39:00,AWS_004,21.94,1004.57,75.33
2026-01-02 17:40:00,AWS_004,23.12,1005.49,78.44
2026-01-02 17:41:00,AWS_004,22.36,1004.08,78.75
2026-01-02 17:42:00,AWS_004,22.01,1007.82,77.49
2026-01-02 17:43:00,AWS_004,21.86,1006.26,77.79
2026-01-02 17:44:00,AWS_004,22.68,1005.72,74.07
2026-01-02 17:45:00,AWS_004,22.05,1005.29,79.7
2026-01-02 17:46:00,AWS_004,22.46,1004.74,76.79
2026-01-02 17:47:00,AWS_004,21.84,1004.19,75.11
2026-01-02 17:48:00,AWS_004,22.33,1005.15,77.28
2026-01-02 17:49:00,AWS_004,22.05,1004.56,78.48
2026-01-02 17:50:00,AWS_004,22.17,1004.62,78.01
2026-01-02 17:51:00,AWS_004,21.98,1004.13,74.82
2026-01-02 17:52:00,AWS_004,22.71,1005.47,78.51
2026-01-02 17:53:00,AWS_004,22.1,1004.97,76.87
2026-01-02 17:54:00,AWS_004,22.24,1005.71,78.0
2026-01-02 17:55:00,AWS_004,22.26,1005.65,75.39
2026-01-02 17:56:00,AWS_004,22.94,1005.48,79.09
2026-01-02 17:57:00,AWS_004,22.65,1007.43,77.36
2026-01-02 17:58:00,AWS_004,22.61,1005.97,79.38
2026-01-02 17:59:00,AWS_004,21.66,1004.3,73.93
2026-01-02 18:00:00,AWS_004,22.03,1005.69,74.2
2026-01-02 18:01:00,AWS_004,22.77,1005.28,76.52
2026-01-02 18:02:00,AWS_004,21.83,1004.26,79.93
2026-01-02 18:03:00,AWS_004,22.33,1004.2,80.92
2026-01-02 18:04:00,AWS_004,21.87,1005.71,75.22
2026-01-02 18:05:00,AWS_004,21.91,1005.91,77.1
2026-01-02 18:06:00,AWS_004,22.97,1004.52,77.31
2026-01-02 18:07:00,AWS_004,22.58,1006.14,78.43
2026-01-02 18:08:00,AWS_004,22.69,1005.6,78.76
2026-01-02 18:09:00,AWS_004,22.61,1006.33,74.76
2026-01-02 18:10:00,AWS_004,22.24,1006.25,77.12
2026-01-02 18:11:00,AWS_004,22.02,1005.26,72.97
2026-01-02 18:12:00,AWS_004,22.14,1006.7,78.61
2026-01-02 18:13:00,AWS_004,22.23,1004.5,76.3
2026-01-02 18:14:00,AWS_004,23.01,1007.32,74.57
2026-01-02 18:15:00,AWS_004,21.77,1004.71,77.64
2026-01-02 18:16:00,AWS_004,22.08,1005.38,76.23
2026-01-02 18:17:00,AWS_004,21.94,1004.97,79.49
2026-01-02 18:18:00,AWS_004,22.73,1005.13,75.18
2026-01-02 18:19:00,AWS_004,23.05,1007.78,81.4
2026-01-02 18:20:00,AWS_004,22.44,1005.07,78.66
2026-01-02 18:21:00,AWS_004,22.47,1006.13,79.53
2026-01-02 18:22:00,AWS_004,22.35,1005.27,74.89
2026-01-02 18:23:00,AWS_004,22.49,1006.21,80.52
2026-01-02 18:24:00,AWS_004,22.63,1005.04,74.51
2026-01-02 18:25:00,AWS_004,22.49,1005.68,76.51
2026-01-02 18:26:00,AWS_004,22.53,1005.99,79.53
2026-01-02 18:27:00,AWS_004,22.64,1004.91,77.93
2026-01-02 18:28:00,AWS_004,21.62,1007.7,74.43
2026-01-02 18:29:00,AWS_004,22.33,1006.05,79.17
2026-01-02 18:30:00,AWS_004,22.46,1005.33,77.58
2026-01-02 18:31:00,AWS_004,22.51,1004.96,76.06
2026-01-02 18:32:00,AWS_004,22.27,1005.6,73.8
2026-01-02 18:33:00,AWS_004,22.41,1004.56,77.75
2026-01-02 18:34:00,AWS_004,22.06,1006.96,76.54
2026-01-02 18:35:00,AWS_004,21.64,1005.89,77.17
2026-01-02 18:36:00,AWS_004,22.75,1005.48,73.68
2026-01-02 18:37:00,AWS_004,21.9,1006.39,76.01
2026-01-02 18:38:00,AWS_004,22.3,1004.99,77.8
2026-01-02 18:39:00,AWS_004,22.07,1004.64,80.58
2026-01-02 18:40:00,AWS_004,23.0,1005.47,76.41
2026-01-02 18:41:00,AWS_004,22.34,1005.68,79.7
2026-01-02 18:42:00,AWS_004,22.25,1006.01,78.37
2026-01-02 18:43:00,AWS_004,22.68,1004.41,77.26
2026-01-02 18:44:00,AWS_004,23.25,1005.24,74.75
2026-01-02 18:45:00,AWS_004,22.55,1003.14,74.83
2026-01-02 18:46:00,AWS_004,22.24,1004.67,77.99
2026-01-02 18:47:00,AWS_004,22.68,1006.2,75.7
2026-01-02 18:48:00,AWS_004,21.77,1006.4,75.51
2026-01-02 18:49:00,AWS_004,22.43,1004.72,76.37
2026-01-02 18:50:00,AWS_004,23.21,1005.38,76.39
2026-01-02 18:51:00,AWS_004,22.48,1005.67,78.51
2026-01-02 18:52:00,AWS_004,22.46,1006.52,75.68
2026-01-02 18:53:00,AWS_004,22.44,1006.89,78.28
2026-01-02 18:54:00,AWS_004,22.27,1005.79,77.55
2026-01-02 18:55:00,AWS_004,22.56,1005.47,73.31
2026-01-02 18:56:00,AWS_004,22.75,1004.53,77.23
2026-01-02 18:57:00,AWS_004,22.31,1005.78,71.3
2026-01-02 18:58:00,AWS_004,21.46,1007.36,74.83
2026-01-02 18:59:00,AWS_004,22.64,1006.74,77.53
2026-01-02 19:00:00,AWS_004,23.32,1005.85,76.57
2026-01-02 19:01:00,AWS_004,22.32,1005.96,73.04
2026-01-02 19:02:00,AWS_004,21.89,1005.17,74.33
2026-01-02 19:03:00,AWS_004,22.75,1005.45,71.33
2026-01-02 19:04:00,AWS_004,23.18,1005.86,73.85
2026-01-02 19:05:00,AWS_004,22.71,1005.87,77.68
2026-01-02 19:06:00,AWS_004,23.19,1006.56,75.39
2026-01-02 19:07:00,AWS_004,22.82,1006.53,76.83
2026-01-02 19:08:00,AWS_004,22.79,1006.18,76.5
2026-01-02 19:09:00,AWS_004,22.31,1004.98,76.53
2026-01-02 19:10:00,AWS_004,22.64,1005.01,78.49
2026-01-02 19:11:00,AWS_004,22.52,1005.08,76.02
2026-01-02 19:12:00,AWS_004,22.51,1005.98,78.23
2026-01-02 19:13:00,AWS_004,22.44,1004.18,71.44
2026-01-02 19:14:00,AWS_004,22.64,1005.8,78.6
2026-01-02 19:15:00,AWS_004,22.04,1006.94,73.78
2026-01-02 19:16:00,AWS_004,22.89,1006.36,74.2
2026-01-02 19:17:00,AWS_004,22.22,1005.55,74.92
2026-01-02 19:18:00,AWS_004,22.48,1005.28,78.48
2026-01-02 19:19:00,AWS_004,22.72,1006.49,74.52
2026-01-02 19:20:00,AWS_004,22.22,1006.1,74.96
2026-01-02 19:21:00,AWS_004,21.82,1005.66,74.33
2026-01-02 19:22:00,AWS_004,22.46,1005.4,76.75
2026-01-02 19:23:00,AWS_004,22.05,1005.94,77.71
2026-01-02 19:24:00,AWS_004,22.91,1005.64,79.61
2026-01-02 19:25:00,AWS_004,22.17,1006.52,80.98
2026-01-02 19:26:00,AWS_004,23.24,1006.89,77.47
2026-01-02 19:27:00,AWS_004,22.65,1004.81,76.88
2026-01-02 19:28:00,AWS_004,22.68,1004.93,73.69
2026-01-02 19:29:00,AWS_004,21.87,1007.0,79.93
2026-01-02 19:30:00,AWS_004,22.73,1006.06,76.52
2026-01-02 19:31:00,AWS_004,22.65,1005.03,75.49
2026-01-02 19:32:00,AWS_004,22.17,1006.73,76.82
2026-01-02 19:33:00,AWS_004,22.73,1006.22,74.75
2026-01-02 19:34:00,AWS_004,22.55,1007.72,71.33
2026-01-02 19:35:00,AWS_004,22.63,1005.77,77.13
2026-01-02 19:36:00,AWS_004,22.74,1006.86,78.65
2026-01-02 19:37:00,AWS_004,22.55,1004.82,77.05
2026-01-02 19:38:00,AWS_004,22.84,1007.1,75.91
2026-01-02 19:39:00,AWS_004,22.72,1006.75,75.92
2026-01-02 19:40:00,AWS_004,22.95,1007.28,76.22
2026-01-02 19:41:00,AWS_004,22.56,1006.89,76.14
2026-01-02 19:42:00,AWS_004,22.35,1005.93,75.71
2026-01-02 19:43:00,AWS_004,22.51,1005.08,75.86
2026-01-02 19:44:00,AWS_004,23.38,1005.55,78.9
2026-01-02 19:45:00,AWS_004,23.19,1004.63,76.71
2026-01-02 19:46:00,AWS_004,23.3,1005.31,75.95
2026-01-02 19:47:00,AWS_004,23.34,1006.39,77.03
2026-01-02 19:48:00,AWS_004,22.65,1006.02,77.01
2026-01-02 19:49:00,AWS_004,22.97,1005.89,77.56
2026-01-02 19:50:00,AWS_004,22.89,1005.44,74.13
2026-01-02 19:51:00,AWS_004,23.13,1004.66,74.66
2026-01-02 19:52:00,AWS_004,22.76,1006.23,73.97
2026-01-02 19:53:00,AWS_004,22.93,1006.4,77.1
2026-01-02 19:54:00,AWS_004,22.93,1005.31,76.98
2026-01-02 19:55:00,AWS_004,23.12,1005.68,72.97
2026-01-02 19:56:00,AWS_004,23.18,1007.35,76.28
2026-01-02 19:57:00,AWS_004,22.97,1007.05,78.21
2026-01-02 19:58:00,AWS_004,22.99,1004.94,74.97
2026-01-02 19:59:00,AWS_004,23.04,1006.07,76.05
2026-01-02 20:00:00,AWS_004,23.62,1007.31,76.85
2026-01-02 20:01:00,AWS_004,22.28,1005.98,72.72
2026-01-02 20:02:00,AWS_004,22.6,1005.95,75.64
2026-01-02 20:03:00,AWS_004,23.27,1007.04,77.86
2026-01-02 20:04:00,AWS_004,23.12,1006.97,74.1
2026-01-02 20:05:00,AWS_004,23.12,1006.93,76.92
2026-01-02 20:06:00,AWS_004,23.3,1005.98,75.29
2026-01-02 20:07:00,AWS_004,23.13,1006.73,73.86
2026-01-02 20:08:00,AWS_004,22.83,1007.4,74.98
2026-01-02 20:09:00,AWS_004,23.32,1006.18,74.1
2026-01-02 20:10:00,AWS_004,23.09,1005.9,73.34
2026-01-02 20:11:00,AWS_004,22.91,1007.21,74.58
2026-01-02 20:12:00,AWS_004,23.38,1007.87,75.2
2026-01-02 20:13:00,AWS_004,23.37,1007.94,74.7
2026-01-02 20:14:00,AWS_004,23.21,1005.95,74.48
2026-01-02 20:15:00,AWS_004,23.82,1006.04,75.43
2026-01-02 20:16:00,AWS_004,23.68,1005.45,76.01
2026-01-02 20:17:00,AWS_004,23.56,1006.37,72.63
2026-01-02 20:18:00,AWS_004,24.2,1005.43,74.38
2026-01-02 20:19:00,AWS_004,23.13,1005.87,70.91
2026-01-02 20:20:00,AWS_004,23.01,1006.86,74.51
2026-01-02 20:21:00,AWS_004,23.55,1006.62,75.1
2026-01-02 20:22:00,AWS_004,23.12,1004.87,75.91
2026-01-02 20:23:00,AWS_004,23.24,1007.58,75.05
2026-01-02 20:24:00,AWS_004,22.85,1005.46,75.8
2026-01-02 20:25:00,AWS_004,23.5,1005.57,74.81
2026-01-02 20:26:00,AWS_004,22.69,1005.36,73.3
2026-01-02 20:27:00,AWS_004,23.25,1005.83,72.38
2026-01-02 20:28:00,AWS_004,23.29,1005.64,74.06
2026-01-02 20:29:00,AWS_004,23.14,1005.67,73.02
2026-01-02 20:30:00,AWS_004,22.62,1004.41,74.28
2026-01-02 20:31:00,AWS_004,22.63,1006.49,73.5
2026-01-02 20:32:00,AWS_004,23.06,1006.58,75.29
2026-01-02 20:33:00,AWS_004,23.58,1008.2,74.52
2026-01-02 20:34:00,AWS_004,23.5,1006.8,75.29
2026-01-02 20:35:00,AWS_004,23.39,1006.02,75.24
2026-01-02 20:36:00,AWS_004,23.05,1005.46,73.97
2026-01-02 20:37:00,AWS_004,23.56,1006.36,74.06
2026-01-02 20:38:00,AWS_004,22.72,1006.8,75.26
2026-01-02 20:39:00,AWS_004,22.49,1006.05,79.12
2026-01-02 20:40:00,AWS_004,23.37,1006.51,72.21
2026-01-02 20:41:00,AWS_004,23.26,1007.98,74.24
2026-01-02 20:42:00,AWS_004,23.9,1006.16,71.73
2026-01-02 20:43:00,AWS_004,23.57,1004.97,74.05
2026-01-02 20:44:00,AWS_004,24.18,1007.19,72.71
2026-01-02 20:45:00,AWS_004,23.32,1006.75,73.78
2026-01-02 20:46:00,AWS_004,23.74,1005.14,74.3
2026-01-02 20:47:00,AWS_004,23.46,1006.85,72.97
2026-01-02 20:48:00,AWS_004,24.13,1005.72,70.35
2026-01-02 20:49:00,AWS_004,23.51,1006.88,76.73
2026-01-02 20:50:00,AWS_004,23.95,1008.06,75.53
2026-01-02 20:51:00,AWS_004,23.19,1006.4,73.55
2026-01-02 20:52:00,AWS_004,23.47,1007.42,71.99
2026-01-02 20:53:00,AWS_004,23.62,1005.58,73.91
2026-01-02 20:54:00,AWS_004,24.17,1005.35,74.43
2026-01-02 20:55:00,AWS_004,22.8,1008.19,75.21
2026-01-02 20:56:00,AWS_004,23.56,1006.83,75.36
2026-01-02 20:57:00,AWS_004,23.57,1007.1,75.7
2026-01-02 20:58:00,AWS_004,22.9,1007.52,70.08
2026-01-02 20:59:00,AWS_004,23.56,1006.19,72.91
2026-01-02 21:00:00,AWS_004,23.14,1007.28,75.47
2026-01-02 21:01:00,AWS_004,22.84,1007.16,71.6
2026-01-02 21:02:00,AWS_004,23.68,1005.6,75.85
2026-01-02 21:03:00,AWS_004,23.69,1007.85,76.99
2026-01-02 21:04:00,AWS_004,23.72,1007.69,75.72
2026-01-02 21:05:00,AWS_004,23.94,1005.63,74.62
2026-01-02 21:06:00,AWS_004,23.5,1006.82,72.37
2026-01-02 21:07:00,AWS_004,24.58,1006.49,73.79
2026-01-02 21:08:00,AWS_004,23.87,1007.82,70.49
2026-01-02 21:09:00,AWS_004,24.41,1005.56,71.58
2026-01-02 21:10:00,AWS_004,23.24,1009.58,71.69
2026-01-02 21:11:00,AWS_004,23.6,1006.57,73.19
2026-01-02 21:12:00,AWS_004,24.22,1007.3,72.25
2026-01-02 21:13:00,AWS_004,23.87,1007.83,73.51
2026-01-02 21:14:00,AWS_004,23.55,1006.57,74.71
2026-01-02 21:15:00,AWS_004,23.26,1006.65,71.49
2026-01-02 21:16:00,AWS_004,24.31,1006.34,73.17
2026-01-02 21:17:00,AWS_004,24.29,1006.05,72.0
2026-01-02 21:18:00,AWS_004,24.14,1006.98,73.17
2026-01-02 21:19:00,AWS_004,23.86,1006.66,74.13
2026-01-02 21:20:00,AWS_004,23.63,1006.37,74.56
2026-01-02 21:21:00,AWS_004,24.08,1006.43,74.01
2026-01-02 21:22:00,AWS_004,23.59,1007.26,73.46
2026-01-02 21:23:00,AWS_004,23.83,1006.17,69.75
2026-01-02 21:24:00,AWS_004,24.65,1006.61,70.39
2026-01-02 21:25:00,AWS_004,23.42,1007.54,70.86
2026-01-02 21:26:00,AWS_004,24.45,1007.03,73.19
2026-01-02 21:27:00,AWS_004,24.8,1006.0,69.85
2026-01-02 21:28:00,AWS_004,24.54,1006.83,73.06
2026-01-02 21:29:00,AWS_004,24.39,1007.2,72.88
2026-01-02 21:30:00,AWS_004,24.06,1007.65,68.43
2026-01-02 21:31:00,AWS_004,24.01,1006.27,70.09
2026-01-02 21:32:00,AWS_004,23.39,1006.43,74.31
2026-01-02 21:33:00,AWS_004,24.32,1006.33,73.57
2026-01-02 21:34:00,AWS_004,24.16,1006.38,70.44
2026-01-02 21:35:00,AWS_004,24.06,1007.23,70.03
2026-01-02 21:36:00,AWS_004,24.35,1007.39,67.15
2026-01-02 21:37:00,AWS_004,24.4,1007.76,74.95
2026-01-02 21:38:00,AWS_004,24.14,1006.85,72.05
2026-01-02 21:39:00,AWS_004,25.05,1005.81,75.69
2026-01-02 21:40:00,AWS_004,24.72,1007.48,71.5
2026-01-02 21:41:00,AWS_004,24.8,1007.08,72.41
2026-01-02 21:42:00,AWS_004,24.42,1007.01,73.58
2026-01-02 21:43:00,AWS_004,24.68,1005.94,75.03
2026-01-02 21:44:00,AWS_004,24.14,1006.82,72.71
2026-01-02 21:45:00,AWS_004,24.78,1006.03,71.67
2026-01-02 21:46:00,AWS_004,24.45,1007.38,71.68
2026-01-02 21:47:00,AWS_004,24.14,1006.66,69.49
2026-01-02 21:48:00,AWS_004,24.56,1006.6,70.77
2026-01-02 21:49:00,AWS_004,24.47,1005.79,71.59
2026-01-02 21:50:00,AWS_004,25.54,1007.85,74.21
2026-01-02 21:51:00,AWS_004,24.8,1006.83,70.54
2026-01-02 21:52:00,AWS_004,25.28,1007.11,73.48
2026-01-02 21:53:00,AWS_004,25.12,1006.46,71.15
2026-01-02 21:54:00,AWS_004,24.7,1005.74,73.76
2026-01-02 21:55:00,AWS_004,24.52,1006.64,72.58
2026-01-02 21:56:00,AWS_004,24.02,1006.78,72.4
2026-01-02 21:57:00,AWS_004,24.39,1007.32,73.09
2026-01-02 21:58:00,AWS_004,25.02,1006.81,72.76
2026-01-02 21:59:00,AWS_004,24.65,1006.53,73.17
2026-01-02 22:00:00,AWS_004,24.94,1005.91,75.26
2026-01-02 22:01:00,AWS_004,24.0,1007.16,74.19
2026-01-02 22:02:00,AWS_004,25.01,1006.49,71.84
2026-01-02 22:03:00,AWS_004,25.29,1008.19,69.98
2026-01-02 22:04:00,AWS_004,24.16,1007.27,71.55
2026-01-02 22:05:00,AWS_004,25.04,1007.6,66.92
2026-01-02 22:06:00,AWS_004,25.45,1006.96,72.38
2026-01-02 22:07:00,AWS_004,25.6,1007.33,68.56
2026-01-02 22:08:00,AWS_004,24.74,1006.47,72.88
2026-01-02 22:09:00,AWS_004,25.28,1006.25,74.55
2026-01-02 22:10:00,AWS_004,25.56,1007.21,67.64
2026-01-02 22:11:00,AWS_004,25.16,1007.66,70.39
2026-01-02 22:12:00,AWS_004,25.54,1005.66,68.32
2026-01-02 22:13:00,AWS_004,25.03,1006.82,66.94
2026-01-02 22:14:00,AWS_004,25.22,1008.7,70.14
2026-01-02 22:15:00,AWS_004,24.83,1007.62,71.58
2026-01-02 22:16:00,AWS_004,25.04,1008.48,71.77
2026-01-02 22:17:00,AWS_004,25.29,1006.75,70.52
2026-01-02 22:18:00,AWS_004,24.86,1006.9,66.84
2026-01-02 22:19:00,AWS_004,25.07,1008.05,70.37
2026-01-02 22:20:00,AWS_004,25.48,1007.78,67.09
2026-01-02 22:21:00,AWS_004,26.02,1007.21,67.17
2026-01-02 22:22:00,AWS_004,24.4,1006.29,67.98
2026-01-02 22:23:00,AWS_004,26.03,1008.23,72.03
2026-01-02 22:24:00,AWS_004,25.16,1009.32,70.97
2026-01-02 22:25:00,AWS_004,25.67,1006.07,70.48
2026-01-02 22:26:00,AWS_004,25.76,1008.46,68.06
2026-01-02 22:27:00,AWS_004,25.95,1006.97,68.96
2026-01-02 22:28:00,AWS_004,25.05,1007.08,66.95
2026-01-02 22:29:00,AWS_004,25.27,1007.57,72.37
2026-01-02 22:30:00,AWS_004,25.36,1006.4,73.99
2026-01-02 22:31:00,AWS_004,25.26,1007.35,70.66
2026-01-02 22:32:00,AWS_004,25.95,1006.09,70.96
2026-01-02 22:33:00,AWS_004,25.41,1007.77,69.13
2026-01-02 22:34:00,AWS_004,24.81,1009.19,66.16
2026-01-02 22:35:00,AWS_004,25.23,1006.9,67.66
2026-01-02 22:36:00,AWS_004,24.87,1007.28,68.37
2026-01-02 22:37:00,AWS_004,25.43,1007.33,68.48
2026-01-02 22:38:00,AWS_004,25.81,1008.22,67.97
2026-01-02 22:39:00,AWS_004,25.3,1007.77,69.25
2026-01-02 22:40:00,AWS_004,25.42,1008.19,67.4
2026-01-02 22:41:00,AWS_004,25.49,1007.06,73.39
2026-01-02 22:42:00,AWS_004,25.68,1007.82,66.27
2026-01-02 22:43:00,AWS_004,25.85,1004.78,70.73
2026-01-02 22:44:00,AWS_004,25.99,1008.02,68.38
2026-01-02 22:45:00,AWS_004,26.59,1006.52,69.78
2026-01-02 22:46:00,AWS_004,25.76,1007.24,69.82
2026-01-02 22:47:00,AWS_004,26.02,1008.11,69.07
2026-01-02 22:48:00,AWS_004,25.11,1006.29,66.44
2026-01-02 22:49:00,AWS_004,25.62,1008.4,67.99
2026-01-02 22:50:00,AWS_004,25.68,1007.44,68.95
2026-01-02 22:51:00,AWS_004,25.4,1008.71,68.77
2026-01-02 22:52:00,AWS_004,25.62,1006.83,66.46
2026-01-02 22:53:00,AWS_004,25.81,1006.11,71.04
2026-01-02 22:54:00,AWS_004,25.67,1007.55,63.42
2026-01-02 22:55:00,AWS_004,26.94,1008.05,67.86
2026-01-02 22:56:00,AWS_004,26.12,1008.13,66.47
2026-01-02 22:57:00,AWS_004,26.74,1006.69,68.62
2026-01-02 22:58:00,AWS_004,26.55,1006.31,70.24
2026-01-02 22:59:00,AWS_004,25.72,1007.37,65.34
2026-01-02 23:00:00,AWS_004,26.01,1008.04,72.81
2026-01-02 23:01:00,AWS_004,25.85,1008.01,68.46
2026-01-02 23:02:00,AWS_004,25.98,1008.9,68.77
2026-01-02 23:03:00,AWS_004,25.67,1007.35,65.07
2026-01-02 23:04:00,AWS_004,25.91,1006.18,67.81
2026-01-02 23:05:00,AWS_004,26.25,1008.63,69.8
2026-01-02 23:06:00,AWS_004,26.26,1007.83,68.22
2026-01-02 23:07:00,AWS_004,26.25,1007.91,68.03
2026-01-02 23:08:00,AWS_004,26.15,1008.31,67.6
2026-01-02 23:09:00,AWS_004,26.53,1008.71,64.89
2026-01-02 23:10:00,AWS_004,26.11,1007.69,64.83
2026-01-02 23:11:00,AWS_004,26.79,1008.66,69.88
2026-01-02 23:12:00,AWS_004,25.52,1008.17,69.26
2026-01-02 23:13:00,AWS_004,26.54,1007.21,69.5
2026-01-02 23:14:00,AWS_004,26.49,1007.56,65.75
2026-01-02 23:15:00,AWS_004,26.05,1008.25,67.03
2026-01-02 23:16:00,AWS_004,26.2,1007.2,69.75
2026-01-02 23:17:00,AWS_004,26.55,1008.48,64.78
2026-01-02 23:18:00,AWS_004,26.75,1007.91,69.45
2026-01-02 23:19:00,AWS_004,25.7,1008.09,65.96
2026-01-02 23:20:00,AWS_004,26.68,1008.95,65.37
2026-01-02 23:21:00,AWS_004,26.26,1008.09,66.97
2026-01-02 23:22:00,AWS_004,26.92,1007.87,64.75
2026-01-02 23:23:00,AWS_004,25.75,1007.76,63.14
2026-01-02 23:24:00,AWS_004,27.49,1007.73,67.03
2026-01-02 23:25:00,AWS_004,26.18,1008.09,67.89
2026-01-02 23:26:00,AWS_004,27.13,1008.94,69.2
2026-01-02 23:27:00,AWS_004,26.55,1007.37,67.94
2026-01-02 23:28:00,AWS_004,26.27,1007.32,70.6
2026-01-02 23:29:00,AWS_004,26.73,1008.9,69.34
2026-01-02 23:30:00,AWS_004,27.05,1007.43,68.04
2026-01-02 23:31:00,AWS_004,26.04,1008.07,67.45
2026-01-02 23:32:00,AWS_004,26.97,1007.43,68.92
2026-01-02 23:33:00,AWS_004,26.7,1006.57,61.98
2026-01-02 23:34:00,AWS_004,26.96,1008.08,65.4
2026-01-02 23:35:00,AWS_004,26.75,1008.82,62.59
2026-01-02 23:36:00,AWS_004,26.54,1007.89,67.58
2026-01-02 23:37:00,AWS_004,26.35,1006.76,64.72
2026-01-02 23:38:00,AWS_004,27.08,1008.04,72.19
2026-01-02 23:39:00,AWS_004,27.1,1007.36,65.06
2026-01-02 23:40:00,AWS_004,27.12,1005.88,66.26
2026-01-02 23:41:00,AWS_004,27.05,1007.92,65.19
2026-01-02 23:42:00,AWS_004,27.28,1008.4,64.96
2026-01-02 23:43:00,AWS_004,27.49,1008.94,63.4
2026-01-02 23:44:00,AWS_004,26.19,1009.41,63.28
2026-01-02 23:45:00,AWS_004,26.03,1008.54,61.43
2026-01-02 23:46:00,AWS_004,27.68,1008.77,66.82
2026-01-02 23:47:00,AWS_004,26.47,1007.01,64.83
2026-01-02 23:48:00,AWS_004,26.6,1009.34,69.5
2026-01-02 23:49:00,AWS_004,26.94,1009.06,63.09
2026-01-02 23:50:00,AWS_004,26.41,1007.77,68.48
2026-01-02 23:51:00,AWS_004,26.94,1008.61,68.62
2026-01-02 23:52:00,AWS_004,26.74,1008.54,67.97
2026-01-02 23:53:00,AWS_004,27.05,1009.26,65.84
2026-01-02 23:54:00,AWS_004,27.27,1007.97,64.64
2026-01-02 23:55:00,AWS_004,27.05,1007.51,67.81
2026-01-02 23:56:00,AWS_004,27.05,1007.72,63.63
2026-01-02 23:57:00,AWS_004,27.33,1008.84,65.7
2026-01-02 23:58:00,AWS_004,27.67,1006.59,65.02
2026-01-02 23:59:00,AWS_004,27.91,1005.74,63.27
2026-01-03 00:00:00,AWS_004,27.21,1008.86,65.56
2026-01-03 00:01:00,AWS_004,28.05,1008.38,66.43
2026-01-03 00:02:00,AWS_004,27.69,1008.18,63.03
2026-01-03 00:03:00,AWS_004,26.87,1007.13,65.76
2026-01-03 00:04:00,AWS_004,26.88,1006.81,60.33
2026-01-03 00:05:00,AWS_004,27.17,1007.68,62.64
2026-01-03 00:06:00,AWS_004,28.0,1008.49,63.77
2026-01-03 00:07:00,AWS_004,27.25,1007.74,65.35
2026-01-03 00:08:00,AWS_004,26.71,1008.94,66.32
2026-01-03 00:09:00,AWS_004,27.4,1007.46,64.69
2026-01-03 00:10:00,AWS_004,26.72,1007.82,65.61
2026-01-03 00:11:00,AWS_004,27.11,1008.81,64.1
2026-01-03 00:12:00,AWS_004,27.32,1007.95,65.18
2026-01-03 00:13:00,AWS_004,27.64,1008.0,65.02
2026-01-03 00:14:00,AWS_004,28.01,1007.75,63.25
2026-01-03 00:15:00,AWS_004,27.9,1007.61,63.5
2026-01-03 00:16:00,AWS_004,27.17,1008.57,65.36
2026-01-03 00:17:00,AWS_004,27.52,1008.68,67.73
2026-01-03 00:18:00,AWS_004,27.72,1008.49,66.47
2026-01-03 00:19:00,AWS_004,27.6,1007.82,61.75
2026-01-03 00:20:00,AWS_004,27.62,1008.16,61.7
2026-01-03 00:21:00,AWS_004,27.06,1009.61,62.83
2026-01-03 00:22:00,AWS_004,27.31,1007.2,64.05
2026-01-03 00:23:00,AWS_004,27.63,1009.86,63.89
2026-01-03 00:24:00,AWS_004,26.58,1008.44,66.23
2026-01-03 00:25:00,AWS_004,28.09,1008.22,66.28
2026-01-03 00:26:00,AWS_004,27.31,1009.14,63.65
2026-01-03 00:27:00,AWS_004,28.16,1006.73,63.13
2026-01-03 00:28:00,AWS_004,28.14,1009.5,64.57
2026-01-03 00:29:00,AWS_004,27.71,1009.89,65.61
2026-01-03 00:30:00,AWS_004,28.35,1009.28,64.54
2026-01-03 00:31:00,AWS_004,28.27,1006.74,62.52
2026-01-03 00:32:00,AWS_004,27.87,1009.04,62.11
2026-01-03 00:33:00,AWS_004,27.84,1009.75,61.06
2026-01-03 00:34:00,AWS_004,28.47,1009.68,63.61
2026-01-03 00:35:00,AWS_004,28.15,1007.33,64.42
2026-01-03 00:36:00,AWS_004,28.49,1009.27,64.59
2026-01-03 00:37:00,AWS_004,27.14,1009.91,65.37
2026-01-03 00:38:00,AWS_004,28.16,1008.5,65.98
2026-01-03 00:39:00,AWS_004,27.51,1007.32,60.22
2026-01-03 00:40:00,AWS_004,28.15,1009.16,63.73
2026-01-03 00:41:00,AWS_004,28.47,1009.35,63.74
2026-01-03 00:42:00,AWS_004,28.9,1008.4,62.67
2026-01-03 00:43:00,AWS_004,27.85,1007.57,61.11
2026-01-03 00:44:00,AWS_004,28.04,1009.32,65.6
2026-01-03 00:45:00,AWS_004,28.23,1007.92,61.48
2026-01-03 00:46:00,AWS_004,27.9,1008.87,58.22
2026-01-03 00:47:00,AWS_004,28.7,1009.8,62.6
2026-01-03 00:48:00,AWS_004,28.31,1007.24,62.03
2026-01-03 00:49:00,AWS_004,28.4,1009.3,66.17
2026-01-03 00:50:00,AWS_004,28.62,1008.42,63.38
2026-01-03 00:51:00,AWS_004,28.37,1008.45,61.74
2026-01-03 00:52:00,AWS_004,28.09,1009.01,61.91
2026-01-03 00:53:00,AWS_004,28.41,1007.99,61.83
2026-01-03 00:54:00,AWS_004,28.12,1007.68,66.63
2026-01-03 00:55:00,AWS_004,28.53,1007.2,63.5
2026-01-03 00:56:00,AWS_004,28.9,1009.62,59.28
2026-01-03 00:57:00,AWS_004,28.05,1008.35,61.56
2026-01-03 00:58:00,AWS_004,27.93,1009.11,61.95
2026-01-03 00:59:00,AWS_004,28.59,1008.27,59.73
2026-01-03 01:00:00,AWS_004,28.28,1007.74,58.33
2026-01-03 01:01:00,AWS_004,28.62,1009.2,63.03
2026-01-03 01:02:00,AWS_004,28.76,1008.95,60.18
2026-01-03 01:03:00,AWS_004,27.79,1008.51,64.24
2026-01-03 01:04:00,AWS_004,28.95,1008.95,61.71
2026-01-03 01:05:00,AWS_004,28.23,1007.94,60.69
2026-01-03 01:06:00,AWS_004,28.7,1009.57,56.76
2026-01-03 01:07:00,AWS_004,28.47,1009.76,63.99
2026-01-03 01:08:00,AWS_004,28.53,1009.35,62.08
2026-01-03 01:09:00,AWS_004,29.45,1008.45,60.55
2026-01-03 01:10:00,AWS_004,28.92,1008.8,59.61
2026-01-03 01:11:00,AWS_004,29.18,1010.02,64.54
2026-01-03 01:12:00,AWS_004,28.9,1009.8,59.16
2026-01-03 01:13:00,AWS_004,29.11,1010.38,60.5
2026-01-03 01:14:00,AWS_004,29.05,1008.17,62.33
2026-01-03 01:15:00,AWS_004,29.0,1008.1,64.04
2026-01-03 01:16:00,AWS_004,29.36,1008.91,60.66
2026-01-03 01:17:00,AWS_004,29.0,1009.14,59.57
2026-01-03 01:18:00,AWS_004,29.88,1008.71,60.78
2026-01-03 01:19:00,AWS_004,29.37,1008.52,62.75
2026-01-03 01:20:00,AWS_004,28.55,1009.86,63.15
2026-01-03 01:21:00,AWS_004,28.95,1008.78,58.1
2026-01-03 01:22:00,AWS_004,29.2,1007.89,61.03
2026-01-03 01:23:00,AWS_004,29.08,1007.99,57.88
2026-01-03 01:24:00,AWS_004,29.36,1009.07,62.47
2026-01-03 01:25:00,AWS_004,29.42,1011.29,61.5
2026-01-03 01:26:00,AWS_004,28.58,1008.11,58.76
2026-01-03 01:27:00,AWS_004,29.66,1008.65,63.62
2026-01-03 01:28:00,AWS_004,28.97,1010.83,61.17
2026-01-03 01:29:00,AWS_004,28.95,1008.53,60.91
2026-01-03 01:30:00,AWS_004,28.97,1009.29,60.05
2026-01-03 01:31:00,AWS_004,29.55,1010.44,60.34
2026-01-03 01:32:00,AWS_004,29.14,1008.18,59.55
2026-01-03 01:33:00,AWS_004,29.0,1008.71,58.78
2026-01-03 01:34:00,AWS_004,29.12,1008.57,62.67
2026-01-03 01:35:00,AWS_004,28.59,1007.76,59.18
2026-01-03 01:36:00,AWS_004,28.99,1010.23,59.07
2026-01-03 01:37:00,AWS_004,28.85,1008.52,59.81
2026-01-03 01:38:00,AWS_004,29.26,1008.29,62.87
2026-01-03 01:39:00,AWS_004,29.65,1008.65,62.24
2026-01-03 01:40:00,AWS_004,29.63,1009.76,59.14
2026-01-03 01:41:00,AWS_004,29.93,1009.11,62.33
2026-01-03 01:42:00,AWS_004,29.86,1008.4,60.05
2026-01-03 01:43:00,AWS_004,29.25,1009.37,58.1
2026-01-03 01:44:00,AWS_004,29.49,1009.7,58.79
2026-01-03 01:45:00,AWS_004,29.49,1009.04,62.44
2026-01-03 01:46:00,AWS_004,28.66,1008.88,63.81
2026-01-03 01:47:00,AWS_004,29.06,1009.88,60.24
2026-01-03 01:48:00,AWS_004,29.5,1008.94,58.42
2026-01-03 01:49:00,AWS_004,29.51,1010.38,59.26
2026-01-03 01:50:00,AWS_004,29.81,1008.49,57.93
2026-01-03 01:51:00,AWS_004,29.81,1008.48,58.18
2026-01-03 01:52:00,AWS_004,28.93,1008.39,57.94
2026-01-03 01:53:00,AWS_004,29.87,1008.93,59.16
2026-01-03 01:54:00,AWS_004,29.75,1009.13,59.52
2026-01-03 01:55:00,AWS_004,29.95,1008.08,58.93
2026-01-03 01:56:00,AWS_004,30.14,1009.23,58.74
2026-01-03 01:57:00,AWS_004,29.68,1009.61,60.66
2026-01-03 01:58:00,AWS_004,30.25,1007.99,58.63
2026-01-03 01:59:00,AWS_004,29.42,1008.76,58.72
2026-01-01 00:00:00,AWS_005,28.32,1009.29,64.52
2026-01-01 00:01:00,AWS_005,27.79,1007.56,67.03
2026-01-01 00:02:00,AWS_005,28.14,1007.99,64.16
2026-01-01 00:03:00,AWS_005,27.44,1008.59,66.29
2026-01-01 00:04:00,AWS_005,28.01,1008.96,67.16
2026-01-01 00:05:00,AWS_005,27.8,1007.01,65.72
2026-01-01 00:06:00,AWS_005,27.55,1008.32,61.46
2026-01-01 00:07:00,AWS_005,28.15,1009.07,63.79
2026-01-01 00:08:00,AWS_005,28.53,1009.81,62.87
2026-01-01 00:09:00,AWS_005,27.77,1008.51,62.14
2026-01-01 00:10:00,AWS_005,28.2,1007.37,66.66
2026-01-01 00:11:00,AWS_005,27.97,1008.49,65.18
2026-01-01 00:12:00,AWS_005,28.12,1008.13,59.24
2026-01-01 00:13:00,AWS_005,28.43,1008.79,64.3
2026-01-01 00:14:00,AWS_005,28.7,1010.0,62.94
2026-01-01 00:15:00,AWS_005,28.64,1007.6,66.07
2026-01-01 00:16:00,AWS_005,27.86,1009.42,62.84
2026-01-01 00:17:00,AWS_005,27.65,1009.28,64.74
2026-01-01 00:18:00,AWS_005,27.4,1009.09,64.67
2026-01-01 00:19:00,AWS_005,28.48,1008.78,62.36
2026-01-01 00:20:00,AWS_005,28.04,1010.24,61.94
2026-01-01 00:21:00,AWS_005,28.7,1009.62,67.96
2026-01-01 00:22:00,AWS_005,27.88,1008.13,64.63
2026-01-01 00:23:00,AWS_005,28.49,1008.65,63.9
2026-01-01 00:24:00,AWS_005,27.63,1007.75,66.17
2026-01-01 00:25:00,AWS_005,28.56,1009.74,67.21
2026-01-01 00:26:00,AWS_005,28.54,1008.67,66.64
2026-01-01 00:27:00,AWS_005,27.96,1007.1,60.84
2026-01-01 00:28:00,AWS_005,28.5,1006.69,63.6
2026-01-01 00:29:00,AWS_005,29.27,1008.21,62.93
2026-01-01 00:30:00,AWS_005,28.74,1008.0,67.22
2026-01-01 00:31:00,AWS_005,29.67,1008.32,64.81
2026-01-01 00:32:00,AWS_005,28.57,1008.52,60.74
2026-01-01 00:33:00,AWS_005,28.76,1009.73,59.6
2026-01-01 00:34:00,AWS_005,28.36,1009.84,66.47
2026-01-01 00:35:00,AWS_005,28.67,1010.5,63.15
2026-01-01 00:36:00,AWS_005,28.21,1010.09,63.05
2026-01-01 00:37:00,AWS_005,28.98,1009.23,62.38
2026-01-01 00:38:00,AWS_005,28.32,1007.62,61.36
2026-01-01 00:39:00,AWS_005,29.33,1009.39,63.05
2026-01-01 00:40:00,AWS_005,28.15,1007.49,64.53
2026-01-01 00:41:00,AWS_005,28.58,1009.03,62.81
2026-01-01 00:42:00,AWS_005,28.63,1007.58,64.91
2026-01-01 00:43:00,AWS_005,28.3,1010.34,64.14
2026-01-01 00:44:00,AWS_005,28.86,1009.1,64.52
2026-01-01 00:45:00,AWS_005,28.58,1008.63,63.03
2026-01-01 00:46:00,AWS_005,29.37,1008.45,62.28
2026-01-01 00:47:00,AWS_005,28.51,1008.79,60.25
2026-01-01 00:48:00,AWS_005,29.02,1008.24,64.48
2026-01-01 00:49:00,AWS_005,28.84,1008.57,62.97
2026-01-01 00:50:00,AWS_005,28.81,1007.24,61.89
2026-01-01 00:51:00,AWS_005,28.96,1008.12,60.08
2026-01-01 00:52:00,AWS_005,29.22,1007.93,64.84
2026-01-01 00:53:00,AWS_005,28.21,1009.29,62.22
2026-01-01 00:54:00,AWS_005,29.0,1008.9,65.96
2026-01-01 00:55:00,AWS_005,28.67,1009.58,58.01
2026-01-01 00:56:00,AWS_005,28.72,1008.56,62.72
2026-01-01 00:57:00,AWS_005,29.14,1008.99,59.33
2026-01-01 00:58:00,AWS_005,29.51,1007.29,60.53
2026-01-01 00:59:00,AWS_005,29.71,1009.65,61.39
2026-01-01 01:00:00,AWS_005,28.88,1009.94,63.14
2026-01-01 01:01:00,AWS_005,27.99,1009.46,62.39
2026-01-01 01:02:00,AWS_005,29.18,1008.24,60.7
2026-01-01 01:03:00,AWS_005,28.45,1009.4,60.41
2026-01-01 01:04:00,AWS_005,29.37,1009.1,58.26
2026-01-01 01:05:00,AWS_005,28.85,1007.4,60.42
2026-01-01 01:06:00,AWS_005,29.37,1009.97,60.1
2026-01-01 01:07:00,AWS_005,28.91,1008.14,63.92
2026-01-01 01:08:00,AWS_005,28.81,1009.46,60.7
2026-01-01 01:09:00,AWS_005,28.84,1009.03,60.66
2026-01-01 01:10:00,AWS_005,29.48,1010.09,61.81
2026-01-01 01:11:00,AWS_005,28.81,1008.33,64.08
2026-01-01 01:12:00,AWS_005,29.58,1008.63,63.98
2026-01-01 01:13:00,AWS_005,30.09,1009.59,66.02
2026-01-01 01:14:00,AWS_005,30.07,1008.57,58.39
2026-01-01 01:15:00,AWS_005,28.78,1010.2,61.47
2026-01-01 01:16:00,AWS_005,28.9,1008.46,60.88
2026-01-01 01:17:00,AWS_005,29.66,1009.55,57.4
2026-01-01 01:18:00,AWS_005,29.06,1009.08,58.66
2026-01-01 01:19:00,AWS_005,29.75,1008.57,62.77
2026-01-01 01:20:00,AWS_005,28.84,1010.16,61.95
2026-01-01 01:21:00,AWS_005,29.52,1008.27,61.88
2026-01-01 01:22:00,AWS_005,29.94,1009.54,61.69
2026-01-01 01:23:00,AWS_005,28.97,1007.13,57.38
2026-01-01 01:24:00,AWS_005,29.56,1009.39,58.5
2026-01-01 01:25:00,AWS_005,29.58,1010.12,59.58
2026-01-01 01:26:00,AWS_005,29.89,1009.03,62.26
2026-01-01 01:27:00,AWS_005,29.4,1009.33,60.82
2026-01-01 01:28:00,AWS_005,29.12,1010.54,62.31
2026-01-01 01:29:00,AWS_005,28.7,1010.03,64.37
2026-01-01 01:30:00,AWS_005,30.26,1007.41,57.23
2026-01-01 01:31:00,AWS_005,30.08,1008.76,60.12
2026-01-01 01:32:00,AWS_005,29.76,1008.98,60.08
2026-01-01 01:33:00,AWS_005,29.77,1009.46,58.61
2026-01-01 01:34:00,AWS_005,29.98,1009.17,61.1
2026-01-01 01:35:00,AWS_005,30.22,1008.81,65.88
2026-01-01 01:36:00,AWS_005,29.04,1008.77,58.22
2026-01-01 01:37:00,AWS_005,29.16,1008.1,61.28
2026-01-01 01:38:00,AWS_005,29.12,1008.45,57.93
2026-01-01 01:39:00,AWS_005,29.77,1009.94,56.37
2026-01-01 01:40:00,AWS_005,30.0,1008.43,58.7
2026-01-01 01:41:00,AWS_005,30.35,1008.64,60.43
2026-01-01 01:42:00,AWS_005,28.8,1008.12,60.63
2026-01-01 01:43:00,AWS_005,29.45,1009.61,63.34
2026-01-01 01:44:00,AWS_005,30.06,1010.08,60.3
2026-01-01 01:45:00,AWS_005,30.13,1010.25,59.72
2026-01-01 01:46:00,AWS_005,29.97,1009.01,61.31
2026-01-01 01:47:00,AWS_005,29.62,1009.28,60.1
2026-01-01 01:48:00,AWS_005,29.81,1009.36,59.5
2026-01-01 01:49:00,AWS_005,30.05,1009.02,59.14
2026-01-01 01:50:00,AWS_005,29.44,1009.62,60.73
2026-01-01 01:51:00,AWS_005,29.8,1010.27,60.47
2026-01-01 01:52:00,AWS_005,29.61,1010.17,58.84
2026-01-01 01:53:00,AWS_005,30.38,1009.25,62.2
2026-01-01 01:54:00,AWS_005,29.84,1008.96,60.96
2026-01-01 01:55:00,AWS_005,29.7,1008.48,61.15
2026-01-01 01:56:00,AWS_005,30.03,1008.02,57.36
2026-01-01 01:57:00,AWS_005,30.56,1009.85,58.11
2026-01-01 01:58:00,AWS_005,30.27,1009.43,62.12
2026-01-01 01:59:00,AWS_005,30.74,1009.44,61.13
2026-01-01 02:00:00,AWS_005,30.69,1011.4,56.17
2026-01-01 02:01:00,AWS_005,30.03,1010.72,59.63
2026-01-01 02:02:00,AWS_005,30.41,1009.49,60.83
2026-01-01 02:03:00,AWS_005,30.81,1009.64,56.81
2026-01-01 02:04:00,AWS_005,30.2,1008.59,60.84
2026-01-01 02:05:00,AWS_005,30.51,1010.0,58.88
2026-01-01 02:06:00,AWS_005,30.07,1009.68,61.74
2026-01-01 02:07:00,AWS_005,30.36,1008.8,58.43
2026-01-01 02:08:00,AWS_005,30.36,1009.71,55.75
2026-01-01 02:09:00,AWS_005,30.73,1010.35,59.65
2026-01-01 02:10:00,AWS_005,30.35,1011.18,56.3
2026-01-01 02:11:00,AWS_005,30.61,1008.33,57.36
2026-01-01 02:12:00,AWS_005,30.69,1008.63,54.83
2026-01-01 02:13:00,AWS_005,30.24,1009.47,56.8
2026-01-01 02:14:00,AWS_005,30.41,1009.74,61.06
2026-01-01 02:15:00,AWS_005,30.78,1010.91,58.63
2026-01-01 02:16:00,AWS_005,31.35,1010.56,57.82
2026-01-01 02:17:00,AWS_005,30.13,1007.93,56.49
2026-01-01 02:18:00,AWS_005,30.86,1009.26,58.62
2026-01-01 02:19:00,AWS_005,31.15,1008.39,57.72
2026-01-01 02:20:00,AWS_005,30.72,1008.57,62.9
2026-01-01 02:21:00,AWS_005,30.34,1010.09,58.12
2026-01-01 02:22:00,AWS_005,30.7,1009.74,58.94
2026-01-01 02:23:00,AWS_005,30.35,1010.96,56.72
2026-01-01 02:24:00,AWS_005,30.55,1008.52,57.91
2026-01-01 02:25:00,AWS_005,30.93,1009.63,58.83
2026-01-01 02:26:00,AWS_005,30.77,1009.23,56.02
2026-01-01 02:27:00,AWS_005,30.89,1010.93,59.01
2026-01-01 02:28:00,AWS_005,30.36,1008.96,58.04
2026-01-01 02:29:00,AWS_005,30.6,1009.86,53.18
2026-01-01 02:30:00,AWS_005,31.1,1008.58,59.34
2026-01-01 02:31:00,AWS_005,30.21,1010.86,58.63
2026-01-01 02:32:00,AWS_005,30.36,1011.18,58.09
2026-01-01 02:33:00,AWS_005,30.79,1009.16,56.3
2026-01-01 02:34:00,AWS_005,30.72,1009.07,62.46
2026-01-01 02:35:00,AWS_005,31.25,1009.95,56.31
2026-01-01 02:36:00,AWS_005,30.0,1009.09,51.47
2026-01-01 02:37:00,AWS_005,30.95,1010.67,58.44
2026-01-01 02:38:00,AWS_005,31.54,1010.12,57.1
2026-01-01 02:39:00,AWS_005,31.14,1010.78,54.44
2026-01-01 02:40:00,AWS_005,30.42,1008.91,56.78
2026-01-01 02:41:00,AWS_005,32.02,1008.68,57.11
2026-01-01 02:42:00,AWS_005,30.84,1010.08,55.7
2026-01-01 02:43:00,AWS_005,30.11,1011.15,57.39
2026-01-01 02:44:00,AWS_005,31.42,1009.06,57.84
2026-01-01 02:45:00,AWS_005,30.79,1010.19,57.0
2026-01-01 02:46:00,AWS_005,31.88,1009.29,55.2
2026-01-01 02:47:00,AWS_005,31.43,1010.68,57.95
2026-01-01 02:48:00,AWS_005,32.01,1009.13,53.73
2026-01-01 02:49:00,AWS_005,30.76,1010.07,57.74
2026-01-01 02:50:00,AWS_005,31.7,1010.75,57.51
2026-01-01 02:51:00,AWS_005,30.88,1008.79,56.42
2026-01-01 02:52:00,AWS_005,31.36,1010.36,55.79
2026-01-01 02:53:00,AWS_005,31.31,1009.6,54.32
2026-01-01 02:54:00,AWS_005,31.81,1010.57,55.68
2026-01-01 02:55:00,AWS_005,31.6,1010.19,55.07
2026-01-01 02:56:00,AWS_005,31.1,1009.57,54.65
2026-01-01 02:57:00,AWS_005,31.74,1009.84,54.22
2026-01-01 02:58:00,AWS_005,31.28,1008.45,59.22
2026-01-01 02:59:00,AWS_005,31.61,1010.63,58.08
2026-01-01 03:00:00,AWS_005,31.47,1011.46,61.4
2026-01-01 03:01:00,AWS_005,31.28,1009.51,56.95
2026-01-01 03:02:00,AWS_005,30.85,1009.92,57.88
2026-01-01 03:03:00,AWS_005,31.48,1011.22,56.26
2026-01-01 03:04:00,AWS_005,31.14,1008.54,59.39
2026-01-01 03:05:00,AWS_005,30.94,1010.38,56.23
2026-01-01 03:06:00,AWS_005,31.77,1011.33,58.24
2026-01-01 03:07:00,AWS_005,31.2,1009.49,56.63
2026-01-01 03:08:00,AWS_005,30.75,1009.57,59.9
2026-01-01 03:09:00,AWS_005,31.49,1011.07,55.22
2026-01-01 03:10:00,AWS_005,31.44,1009.15,58.45
2026-01-01 03:11:00,AWS_005,31.49,1010.72,55.9
2026-01-01 03:12:00,AWS_005,31.51,1010.33,54.41
2026-01-01 03:13:00,AWS_005,31.14,1010.95,55.94
2026-01-01 03:14:00,AWS_005,31.4,1009.95,51.52
2026-01-01 03:15:00,AWS_005,31.99,1011.29,57.85
2026-01-01 03:16:00,AWS_005,31.93,1009.76,57.28
2026-01-01 03:17:00,AWS_005,31.46,1008.9,59.71
2026-01-01 03:18:00,AWS_005,31.85,1008.85,53.95
2026-01-01 03:19:00,AWS_005,31.67,1009.22,54.35
2026-01-01 03:20:00,AWS_005,31.51,1010.64,53.28
2026-01-01 03:21:00,AWS_005,32.16,1009.51,56.51
2026-01-01 03:22:00,AWS_005,31.32,1010.1,54.91
2026-01-01 03:23:00,AWS_005,31.81,1010.19,54.06
2026-01-01 03:24:00,AWS_005,31.04,1009.51,56.47
2026-01-01 03:25:00,AWS_005,31.86,1010.26,57.85
2026-01-01 03:26:00,AWS_005,31.46,1010.9,55.82
2026-01-01 03:27:00,AWS_005,31.59,1010.18,54.62
2026-01-01 03:28:00,AWS_005,31.64,1010.9,57.89
2026-01-01 03:29:00,AWS_005,30.88,1009.87,55.0
2026-01-01 03:30:00,AWS_005,31.14,1010.39,54.94
2026-01-01 03:31:00,AWS_005,32.13,1010.26,56.47
2026-01-01 03:32:00,AWS_005,31.85,1011.05,54.04
2026-01-01 03:33:00,AWS_005,32.4,1010.54,57.43
2026-01-01 03:34:00,AWS_005,31.29,1009.69,53.52
2026-01-01 03:35:00,AWS_005,32.19,1010.61,54.1
2026-01-01 03:36:00,AWS_005,32.04,1009.46,52.99
2026-01-01 03:37:00,AWS_005,32.34,1010.55,56.99
2026-01-01 03:38:00,AWS_005,31.84,1010.21,57.94
2026-01-01 03:39:00,AWS_005,31.94,1010.37,54.9
2026-01-01 03:40:00,AWS_005,31.56,1010.22,56.06
2026-01-01 03:41:00,AWS_005,31.82,1009.78,55.87
2026-01-01 03:42:00,AWS_005,31.74,1009.68,55.7
2026-01-01 03:43:00,AWS_005,31.42,1011.14,52.77
2026-01-01 03:44:00,AWS_005,32.01,1011.79,53.74
2026-01-01 03:45:00,AWS_005,32.35,1010.51,56.54
2026-01-01 03:46:00,AWS_005,32.46,1010.33,57.43
2026-01-01 03:47:00,AWS_005,31.67,1009.33,56.86
2026-01-01 03:48:00,AWS_005,31.99,1008.91,54.97
2026-01-01 03:49:00,AWS_005,31.97,1009.04,56.51
2026-01-01 03:50:00,AWS_005,32.62,1010.76,51.8
2026-01-01 03:51:00,AWS_005,32.76,1008.92,50.81
2026-01-01 03:52:00,AWS_005,31.53,1010.87,52.07
2026-01-01 03:53:00,AWS_005,32.26,1009.48,60.44
2026-01-01 03:54:00,AWS_005,32.29,1010.49,58.92
2026-01-01 03:55:00,AWS_005,32.01,1010.04,51.55
2026-01-01 03:56:00,AWS_005,31.6,1009.53,54.27
2026-01-01 03:57:00,AWS_005,32.39,1009.28,53.82
2026-01-01 03:58:00,AWS_005,32.61,1009.01,57.25
2026-01-01 03:59:00,AWS_005,31.92,1009.53,55.94
2026-01-01 04:00:00,AWS_005,32.62,1012.19,53.85
2026-01-01 04:01:00,AWS_005,32.16,1011.46,55.71
2026-01-01 04:02:00,AWS_005,32.74,1010.57,56.1
2026-01-01 04:03:00,AWS_005,32.75,1010.14,50.81
2026-01-01 04:04:00,AWS_005,32.18,1009.97,55.57
2026-01-01 04:05:00,AWS_005,32.37,1010.53,54.44
2026-01-01 04:06:00,AWS_005,31.93,1010.0,52.16
2026-01-01 04:07:00,AWS_005,31.57,1010.0,53.25
2026-01-01 04:08:00,AWS_005,32.33,1010.86,54.97
2026-01-01 04:09:00,AWS_005,31.65,1009.67,54.63
2026-01-01 04:10:00,AWS_005,33.09,1008.5,53.98
2026-01-01 04:11:00,AWS_005,32.72,1010.02,53.73
2026-01-01 04:12:00,AWS_005,32.21,1011.66,54.42
2026-01-01 04:13:00,AWS_005,33.35,1009.2,51.07
2026-01-01 04:14:00,AWS_005,32.04,1009.52,57.69
2026-01-01 04:15:00,AWS_005,32.14,1010.01,53.51
2026-01-01 04:16:00,AWS_005,32.15,1009.25,55.23
2026-01-01 04:17:00,AWS_005,32.29,1011.74,57.43
2026-01-01 04:18:00,AWS_005,32.2,1010.62,56.44
2026-01-01 04:19:00,AWS_005,32.52,1009.13,54.75
2026-01-01 04:20:00,AWS_005,31.95,1010.45,53.9
2026-01-01 04:21:00,AWS_005,32.41,1010.53,54.06
2026-01-01 04:22:00,AWS_005,32.15,1010.38,50.82
2026-01-01 04:23:00,AWS_005,32.4,1010.45,51.62
2026-01-01 04:24:00,AWS_005,31.95,1010.48,54.52
2026-01-01 04:25:00,AWS_005,32.05,1010.84,53.26
2026-01-01 04:26:00,AWS_005,33.25,1010.9,51.0
2026-01-01 04:27:00,AWS_005,32.04,1009.41,54.55
2026-01-01 04:28:00,AWS_005,32.63,1010.66,55.46
2026-01-01 04:29:00,AWS_005,32.21,1010.77,56.26
2026-01-01 04:30:00,AWS_005,32.03,1010.14,54.98
2026-01-01 04:31:00,AWS_005,32.47,1012.0,52.63
2026-01-01 04:32:00,AWS_005,32.1,1010.58,55.24
2026-01-01 04:33:00,AWS_005,32.67,1011.05,54.42
2026-01-01 04:34:00,AWS_005,32.42,1010.3,51.98
2026-01-01 04:35:00,AWS_005,33.01,1010.42,51.9
2026-01-01 04:36:00,AWS_005,31.96,1010.95,55.5
2026-01-01 04:37:00,AWS_005,32.6,1009.57,54.41
2026-01-01 04:38:00,AWS_005,32.65,1011.28,54.28
2026-01-01 04:39:00,AWS_005,32.11,1009.71,53.87
2026-01-01 04:40:00,AWS_005,32.25,1011.41,54.93
2026-01-01 04:41:00,AWS_005,31.95,1010.49,52.68
2026-01-01 04:42:00,AWS_005,31.9,1012.36,53.43
2026-01-01 04:43:00,AWS_005,32.49,1011.51,55.16
2026-01-01 04:44:00,AWS_005,32.87,1011.52,53.73
2026-01-01 04:45:00,AWS_005,32.5,1010.85,52.14
2026-01-01 04:46:00,AWS_005,32.52,1011.55,52.24
2026-01-01 04:47:00,AWS_005,32.04,1011.36,53.69
2026-01-01 04:48:00,AWS_005,31.73,1009.21,48.42
2026-01-01 04:49:00,AWS_005,32.71,1010.07,57.07
2026-01-01 04:50:00,AWS_005,32.32,1010.03,53.21
2026-01-01 04:51:00,AWS_005,31.87,1010.16,54.51
2026-01-01 04:52:00,AWS_005,32.38,1010.58,54.8
2026-01-01 04:53:00,AWS_005,32.7,1011.21,54.01
2026-01-01 04:54:00,AWS_005,32.77,1011.74,50.76
2026-01-01 04:55:00,AWS_005,32.7,1011.29,51.35
2026-01-01 04:56:00,AWS_005,32.34,1011.81,50.49
2026-01-01 04:57:00,AWS_005,32.87,1009.98,55.64
2026-01-01 04:58:00,AWS_005,32.63,1010.43,50.35
2026-01-01 04:59:00,AWS_005,32.29,1010.63,52.1
2026-01-01 05:00:00,AWS_005,32.2,1010.31,56.02
2026-01-01 05:01:00,AWS_005,32.73,1009.95,51.14
2026-01-01 05:02:00,AWS_005,33.0,1011.17,53.68
2026-01-01 05:03:00,AWS_005,32.9,1010.3,54.89
2026-01-01 05:04:00,AWS_005,32.73,1011.52,53.24
2026-01-01 05:05:00,AWS_005,32.93,1009.9,53.66
2026-01-01 05:06:00,AWS_005,33.63,1011.57,54.4
2026-01-01 05:07:00,AWS_005,32.8,1011.06,56.89
2026-01-01 05:08:00,AWS_005,32.75,1011.07,51.44
2026-01-01 05:09:00,AWS_005,32.91,1011.1,52.42
2026-01-01 05:10:00,AWS_005,33.0,1010.85,54.55
2026-01-01 05:11:00,AWS_005,32.17,1010.87,52.88
2026-01-01 05:12:00,AWS_005,32.78,1010.71,52.14
2026-01-01 05:13:00,AWS_005,33.11,1011.17,55.31
2026-01-01 05:14:00,AWS_005,33.41,1011.38,48.79
2026-01-01 05:15:00,AWS_005,32.73,1010.58,55.49
2026-01-01 05:16:00,AWS_005,32.54,1012.06,56.4
2026-01-01 05:17:00,AWS_005,32.79,1010.67,52.8
2026-01-01 05:18:00,AWS_005,32.47,1010.4,50.57
2026-01-01 05:19:00,AWS_005,33.36,1010.85,53.55
2026-01-01 05:20:00,AWS_005,32.93,1010.37,54.15
2026-01-01 05:21:00,AWS_005,32.72,1011.36,49.89
2026-01-01 05:22:00,AWS_005,33.19,1010.88,53.33
2026-01-01 05:23:00,AWS_005,32.29,1011.59,57.06
2026-01-01 05:24:00,AWS_005,31.92,1010.96,55.67
2026-01-01 05:25:00,AWS_005,32.93,1010.94,54.19
2026-01-01 05:26:00,AWS_005,33.19,1010.69,53.95
2026-01-01 05:27:00,AWS_005,32.71,1011.69,53.2
2026-01-01 05:28:00,AWS_005,32.49,1010.84,53.42
2026-01-01 05:29:00,AWS_005,32.39,1011.25,52.92
2026-01-01 05:30:00,AWS_005,32.28,1011.88,53.51
2026-01-01 05:31:00,AWS_005,33.04,1010.98,49.83
2026-01-01 05:32:00,AWS_005,33.11,1010.98,48.76
2026-01-01 05:33:00,AWS_005,33.15,1010.88,51.58
2026-01-01 05:34:00,AWS_005,32.79,1011.22,55.14
2026-01-01 05:35:00,AWS_005,32.32,1011.72,54.26
2026-01-01 05:36:00,AWS_005,32.5,1011.71,54.76
2026-01-01 05:37:00,AWS_005,33.03,1011.48,53.25
2026-01-01 05:38:00,AWS_005,32.38,1012.07,55.49
2026-01-01 05:39:00,AWS_005,32.75,1011.17,55.72
2026-01-01 05:40:00,AWS_005,32.39,1012.23,55.44
2026-01-01 05:41:00,AWS_005,32.52,1011.96,51.68
2026-01-01 05:42:00,AWS_005,32.34,1010.6,53.15
2026-01-01 05:43:00,AWS_005,32.81,1011.76,52.11
2026-01-01 05:44:00,AWS_005,32.22,1009.65,55.98
2026-01-01 05:45:00,AWS_005,32.5,1012.1,55.27
2026-01-01 05:46:00,AWS_005,33.15,1011.09,53.94
2026-01-01 05:47:00,AWS_005,33.23,1010.53,54.4
2026-01-01 05:48:00,AWS_005,33.08,1009.76,53.6
2026-01-01 05:49:00,AWS_005,33.38,1011.06,51.15
2026-01-01 05:50:00,AWS_005,32.28,1012.15,55.16
2026-01-01 05:51:00,AWS_005,32.77,1011.37,57.04
2026-01-01 05:52:00,AWS_005,32.84,1010.87,54.02
2026-01-01 05:53:00,AWS_005,33.59,1011.04,52.76
2026-01-01 05:54:00,AWS_005,32.72,1012.26,51.55
2026-01-01 05:55:00,AWS_005,33.13,1011.76,52.49
2026-01-01 05:56:00,AWS_005,33.49,1011.18,50.45
2026-01-01 05:57:00,AWS_005,32.87,1011.97,51.17
2026-01-01 05:58:00,AWS_005,32.63,1011.86,52.67
2026-01-01 05:59:00,AWS_005,32.66,1010.52,53.63
2026-01-01 06:00:00,AWS_005,32.13,1010.96,50.05
2026-01-01 06:01:00,AWS_005,32.63,1012.38,53.38
2026-01-01 06:02:00,AWS_005,32.25,1011.79,56.17
2026-01-01 06:03:00,AWS_005,33.13,1012.67,53.87
2026-01-01 06:04:00,AWS_005,32.19,1011.74,53.99
2026-01-01 06:05:00,AWS_005,32.97,1010.7,53.81
2026-01-01 06:06:00,AWS_005,33.27,1011.26,49.8
2026-01-01 06:07:00,AWS_005,33.1,1011.91,49.98
2026-01-01 06:08:00,AWS_005,32.62,1011.28,54.2
2026-01-01 06:09:00,AWS_005,33.12,1011.34,54.43
2026-01-01 06:10:00,AWS_005,32.81,1012.93,55.1
2026-01-01 06:11:00,AWS_005,32.63,1011.11,55.71
2026-01-01 06:12:00,AWS_005,32.66,1011.57,51.98
2026-01-01 06:13:00,AWS_005,32.98,1011.52,54.96
2026-01-01 06:14:00,AWS_005,32.18,1012.05,54.94
2026-01-01 06:15:00,AWS_005,32.6,1011.54,56.1
2026-01-01 06:16:00,AWS_005,32.95,1011.44,56.24
2026-01-01 06:17:00,AWS_005,32.6,1012.95,52.25
2026-01-01 06:18:00,AWS_005,32.28,1011.26,52.88
2026-01-01 06:19:00,AWS_005,32.44,1011.94,53.46
2026-01-01 06:20:00,AWS_005,32.87,1010.33,51.39
2026-01-01 06:21:00,AWS_005,32.99,1011.36,55.27
2026-01-01 06:22:00,AWS_005,33.23,1011.29,52.63
2026-01-01 06:23:00,AWS_005,33.1,1011.32,55.4
2026-01-01 06:24:00,AWS_005,33.1,1010.0,56.09
2026-01-01 06:25:00,AWS_005,32.02,1011.1,52.51
2026-01-01 06:26:00,AWS_005,33.08,1010.7,49.59
2026-01-01 06:27:00,AWS_005,32.57,1012.27,53.03
2026-01-01 06:28:00,AWS_005,32.2,1010.71,55.76
2026-01-01 06:29:00,AWS_005,33.0,1011.91,55.74
2026-01-01 06:30:00,AWS_005,32.84,1011.96,52.9
2026-01-01 06:31:00,AWS_005,33.12,1010.94,53.35
2026-01-01 06:32:00,AWS_005,32.55,1010.75,52.81
2026-01-01 06:33:00,AWS_005,32.76,1011.21,51.94
2026-01-01 06:34:00,AWS_005,32.04,1011.12,49.7
2026-01-01 06:35:00,AWS_005,33.54,1010.66,54.18
2026-01-01 06:36:00,AWS_005,32.22,1011.21,52.18
2026-01-01 06:37:00,AWS_005,32.43,1011.7,53.59
2026-01-01 06:38:00,AWS_005,32.33,1010.51,54.52
2026-01-01 06:39:00,AWS_005,32.83,1011.31,54.98
2026-01-01 06:40:00,AWS_005,32.4,1011.05,51.81
2026-01-01 06:41:00,AWS_005,33.17,1011.55,51.24
2026-01-01 06:42:00,AWS_005,32.86,1012.99,54.38
2026-01-01 06:43:00,AWS_005,32.13,1010.28,54.53
2026-01-01 06:44:00,AWS_005,33.04,1011.41,52.09
2026-01-01 06:45:00,AWS_005,33.08,1011.72,55.22
2026-01-01 06:46:00,AWS_005,32.42,1011.1,53.16
2026-01-01 06:47:00,AWS_005,32.25,1011.81,51.77
2026-01-01 06:48:00,AWS_005,32.87,1010.35,51.3
2026-01-01 06:49:00,AWS_005,32.96,1011.24,54.25
2026-01-01 06:50:00,AWS_005,32.3,1009.39,53.76
2026-01-01 06:51:00,AWS_005,33.06,1011.34,54.06
2026-01-01 06:52:00,AWS_005,32.46,1010.55,51.1
2026-01-01 06:53:00,AWS_005,33.16,1011.79,48.87
2026-01-01 06:54:00,AWS_005,32.05,1012.68,54.55
2026-01-01 06:55:00,AWS_005,32.38,1011.77,55.75
2026-01-01 06:56:00,AWS_005,32.58,1011.5,50.12
2026-01-01 06:57:00,AWS_005,32.26,1011.15,52.53
2026-01-01 06:58:00,AWS_005,32.64,1011.35,58.66
2026-01-01 06:59:00,AWS_005,32.51,1011.36,54.52
2026-01-01 07:00:00,AWS_005,32.56,1011.59,56.02
2026-01-01 07:01:00,AWS_005,32.48,1011.97,56.68
2026-01-01 07:02:00,AWS_005,32.12,1010.98,52.47
2026-01-01 07:03:00,AWS_005,32.62,1012.51,58.13
2026-01-01 07:04:00,AWS_005,32.57,1011.43,49.99
2026-01-01 07:05:00,AWS_005,32.21,1011.62,54.5
2026-01-01 07:06:00,AWS_005,33.11,1012.64,54.18
2026-01-01 07:07:00,AWS_005,32.73,1009.91,51.3
2026-01-01 07:08:00,AWS_005,32.88,1009.59,52.04
2026-01-01 07:09:00,AWS_005,32.27,1011.94,52.31
2026-01-01 07:10:00,AWS_005,31.66,1011.64,50.67
2026-01-01 07:11:00,AWS_005,33.27,1012.83,50.74
2026-01-01 07:12:00,AWS_005,32.64,1010.74,52.95
2026-01-01 07:13:00,AWS_005,32.71,1012.04,52.63
2026-01-01 07:14:00,AWS_005,32.69,1011.37,52.31
2026-01-01 07:15:00,AWS_005,32.71,1012.42,55.3
2026-01-01 07:16:00,AWS_005,32.12,1009.92,52.15
2026-01-01 07:17:00,AWS_005,32.12,1011.46,54.21
2026-01-01 07:18:00,AWS_005,32.12,1012.26,53.69
2026-01-01 07:19:00,AWS_005,32.74,1011.04,53.08
2026-01-01 07:20:00,AWS_005,32.03,1011.64,50.99
2026-01-01 07:21:00,AWS_005,31.89,1011.73,53.4
2026-01-01 07:22:00,AWS_005,32.24,1011.96,52.48
2026-01-01 07:23:00,AWS_005,32.38,1010.83,55.7
2026-01-01 07:24:00,AWS_005,32.46,1011.32,55.07
2026-01-01 07:25:00,AWS_005,32.28,1012.1,52.64
2026-01-01 07:26:00,AWS_005,32.66,1012.31,52.05
2026-01-01 07:27:00,AWS_005,32.93,1011.86,52.07
2026-01-01 07:28:00,AWS_005,32.47,1011.45,53.38
2026-01-01 07:29:00,AWS_005,32.91,1011.8,55.99
2026-01-01 07:30:00,AWS_005,32.65,1012.41,56.27
2026-01-01 07:31:00,AWS_005,32.04,1011.9,48.6
2026-01-01 07:32:00,AWS_005,32.08,1010.8,56.99
2026-01-01 07:33:00,AWS_005,32.05,1010.85,53.74
2026-01-01 07:34:00,AWS_005,32.32,1011.78,51.24
2026-01-01 07:35:00,AWS_005,32.28,1010.43,53.91
2026-01-01 07:36:00,AWS_005,32.62,1012.4,52.38
2026-01-01 07:37:00,AWS_005,32.31,1011.02,57.36
2026-01-01 07:38:00,AWS_005,32.46,1010.85,52.92
2026-01-01 07:39:00,AWS_005,31.89,1013.13,52.19
2026-01-01 07:40:00,AWS_005,32.44,1011.37,58.32
2026-01-01 07:41:00,AWS_005,32.15,1012.01,54.95
2026-01-01 07:42:00,AWS_005,32.11,1012.27,53.15
2026-01-01 07:43:00,AWS_005,32.06,1012.96,57.9
2026-01-01 07:44:00,AWS_005,32.91,1011.33,56.83
2026-01-01 07:45:00,AWS_005,31.83,1011.95,53.01
2026-01-01 07:46:00,AWS_005,32.56,1011.71,52.65
2026-01-01 07:47:00,AWS_005,32.26,1013.73,54.48
2026-01-01 07:48:00,AWS_005,31.73,1010.2,53.98
2026-01-01 07:49:00,AWS_005,32.14,1011.69,52.91
2026-01-01 07:50:00,AWS_005,31.32,1011.81,54.32
2026-01-01 07:51:00,AWS_005,32.93,1011.74,57.88
2026-01-01 07:52:00,AWS_005,32.08,1010.68,56.5
2026-01-01 07:53:00,AWS_005,32.67,1010.36,55.21
2026-01-01 07:54:00,AWS_005,32.75,1010.61,53.77
2026-01-01 07:55:00,AWS_005,31.97,1012.54,54.22
2026-01-01 07:56:00,AWS_005,32.2,1011.84,55.87
2026-01-01 07:57:00,AWS_005,32.25,1010.45,55.74
2026-01-01 07:58:00,AWS_005,32.93,1013.01,54.69
2026-01-01 07:59:00,AWS_005,32.08,1013.44,56.75
2026-01-01 08:00:00,AWS_005,32.12,1012.11,52.28
2026-01-01 08:01:00,AWS_005,31.57,1012.22,56.6
2026-01-01 08:02:00,AWS_005,31.77,1011.95,55.9
2026-01-01 08:03:00,AWS_005,31.91,1011.38,51.83
2026-01-01 08:04:00,AWS_005,32.62,1010.42,53.4
2026-01-01 08:05:00,AWS_005,32.85,1011.03,57.74
2026-01-01 08:06:00,AWS_005,32.28,1011.85,55.82
2026-01-01 08:07:00,AWS_005,32.21,1012.36,54.56
2026-01-01 08:08:00,AWS_005,32.33,1011.72,55.48
2026-01-01 08:09:00,AWS_005,31.77,1011.83,54.88
2026-01-01 08:10:00,AWS_005,32.59,1011.95,55.6
2026-01-01 08:11:00,AWS_005,31.45,1012.0,56.78
2026-01-01 08:12:00,AWS_005,31.83,1011.45,58.56
2026-01-01 08:13:00,AWS_005,32.26,1012.26,53.01
2026-01-01 08:14:00,AWS_005,31.79,1011.04,57.32
2026-01-01 08:15:00,AWS_005,32.96,1012.18,54.28
2026-01-01 08:16:00,AWS_005,32.23,1010.72,52.59
2026-01-01 08:17:00,AWS_005,32.34,1010.99,57.7
2026-01-01 08:18:00,AWS_005,31.63,1011.37,53.73
2026-01-01 08:19:00,AWS_005,32.31,1012.11,57.14
2026-01-01 08:20:00,AWS_005,32.24,1012.14,57.33
2026-01-01 08:21:00,AWS_005,32.52,1011.28,59.09
2026-01-01 08:22:00,AWS_005,31.01,1010.83,57.7
2026-01-01 08:23:00,AWS_005,31.56,1012.93,57.87
2026-01-01 08:24:00,AWS_005,31.99,1012.03,57.65
2026-01-01 08:25:00,AWS_005,31.99,1011.87,55.77
2026-01-01 08:26:00,AWS_005,31.82,1012.27,58.06
2026-01-01 08:27:00,AWS_005,31.21,1011.22,54.86
2026-01-01 08:28:00,AWS_005,31.89,1012.84,54.17
2026-01-01 08:29:00,AWS_005,31.92,1012.45,56.64
2026-01-01 08:30:00,AWS_005,31.78,1011.77,57.96
2026-01-01 08:31:00,AWS_005,31.75,1011.95,55.17
2026-01-01 08:32:00,AWS_005,32.13,1011.81,54.75
2026-01-01 08:33:00,AWS_005,31.68,1013.07,52.7
2026-01-01 08:34:00,AWS_005,31.23,1012.36,53.96
2026-01-01 08:35:00,AWS_005,32.28,1012.45,54.25
2026-01-01 08:36:00,AWS_005,32.24,1012.07,58.13
2026-01-01 08:37:00,AWS_005,31.67,1012.02,54.9
2026-01-01 08:38:00,AWS_005,32.02,1013.53,56.7
2026-01-01 08:39:00,AWS_005,31.05,1011.74,52.77
2026-01-01 08:40:00,AWS_005,31.59,1012.21,58.41
2026-01-01 08:41:00,AWS_005,30.95,1013.69,56.31
2026-01-01 08:42:00,AWS_005,32.07,1013.1,53.17
2026-01-01 08:43:00,AWS_005,31.0,1012.35,54.87
2026-01-01 08:44:00,AWS_005,31.42,1010.84,54.39
2026-01-01 08:45:00,AWS_005,31.66,1013.79,56.44
2026-01-01 08:46:00,AWS_005,31.89,1011.86,55.3
2026-01-01 08:47:00,AWS_005,31.76,1012.13,55.45
2026-01-01 08:48:00,AWS_005,31.99,1012.89,54.41
2026-01-01 08:49:00,AWS_005,31.84,1011.9,53.66
2026-01-01 08:50:00,AWS_005,32.03,1012.24,57.79
2026-01-01 08:51:00,AWS_005,30.78,1012.12,58.18
2026-01-01 08:52:00,AWS_005,31.28,1011.78,54.89
2026-01-01 08:53:00,AWS_005,31.64,1012.36,57.26
2026-01-01 08:54:00,AWS_005,32.07,1011.58,54.51
2026-01-01 08:55:00,AWS_005,31.23,1011.18,57.9
2026-01-01 08:56:00,AWS_005,32.2,1012.52,56.1
2026-01-01 08:57:00,AWS_005,31.54,1013.09,54.93
2026-01-01 08:58:00,AWS_005,31.1,1011.5,54.4
2026-01-01 08:59:00,AWS_005,30.9,1011.68,58.66
2026-01-01 09:00:00,AWS_005,31.65,1012.11,53.73
2026-01-01 09:01:00,AWS_005,31.08,1012.11,56.39
2026-01-01 09:02:00,AWS_005,31.21,1010.53,52.75
2026-01-01 09:03:00,AWS_005,31.37,1011.77,54.7
2026-01-01 09:04:00,AWS_005,31.37,1013.55,54.12
2026-01-01 09:05:00,AWS_005,32.04,1013.24,51.8
2026-01-01 09:06:00,AWS_005,31.41,1013.49,55.67
2026-01-01 09:07:00,AWS_005,31.0,1012.62,56.11
2026-01-01 09:08:00,AWS_005,30.93,1011.7,54.47
2026-01-01 09:09:00,AWS_005,31.88,1012.34,55.63
2026-01-01 09:10:00,AWS_005,30.99,1012.61,56.43
2026-01-01 09:11:00,AWS_005,31.41,1011.88,53.14
2026-01-01 09:12:00,AWS_005,31.24,1010.76,57.03
2026-01-01 09:13:00,AWS_005,31.31,1012.87,58.22
2026-01-01 09:14:00,AWS_005,31.69,1011.79,57.64
2026-01-01 09:15:00,AWS_005,31.23,1012.65,57.72
2026-01-01 09:16:00,AWS_005,31.42,1010.89,56.82
2026-01-01 09:17:00,AWS_005,31.2,1011.64,57.86
2026-01-01 09:18:00,AWS_005,30.88,1012.47,59.34
2026-01-01 09:19:00,AWS_005,31.24,1012.67,62.27
2026-01-01 09:20:00,AWS_005,30.77,1012.77,55.22
2026-01-01 09:21:00,AWS_005,30.55,1012.11,55.67
2026-01-01 09:22:00,AWS_005,31.23,1012.33,55.43
2026-01-01 09:23:00,AWS_005,31.16,1012.49,59.96
2026-01-01 09:24:00,AWS_005,31.11,1012.43,60.56
2026-01-01 09:25:00,AWS_005,30.94,1012.64,59.01
2026-01-01 09:26:00,AWS_005,30.9,1011.26,54.87
2026-01-01 09:27:00,AWS_005,30.48,1013.68,56.97
2026-01-01 09:28:00,AWS_005,30.15,1012.04,58.31
2026-01-01 09:29:00,AWS_005,31.23,1012.12,58.34
2026-01-01 09:30:00,AWS_005,31.21,1011.96,61.57
2026-01-01 09:31:00,AWS_005,30.74,1012.38,59.86
2026-01-01 09:32:00,AWS_005,31.41,1011.05,59.81
2026-01-01 09:33:00,AWS_005,31.01,1011.81,56.98
2026-01-01 09:34:00,AWS_005,30.92,1010.68,58.69
2026-01-01 09:35:00,AWS_005,31.58,1011.83,54.62
2026-01-01 09:36:00,AWS_005,30.25,1012.34,58.11
2026-01-01 09:37:00,AWS_005,30.72,1012.67,58.34
2026-01-01 09:38:00,AWS_005,30.38,1012.17,55.53
2026-01-01 09:39:00,AWS_005,30.55,1012.45,57.48
2026-01-01 09:40:00,AWS_005,30.66,1010.87,61.05
2026-01-01 09:41:00,AWS_005,30.65,1012.35,58.08
2026-01-01 09:42:00,AWS_005,30.22,1013.23,59.45
2026-01-01 09:43:00,AWS_005,30.66,1012.6,63.03
2026-01-01 09:44:00,AWS_005,30.28,1011.64,57.38
2026-01-01 09:45:00,AWS_005,31.07,1012.37,60.03
2026-01-01 09:46:00,AWS_005,30.88,1013.33,58.0
2026-01-01 09:47:00,AWS_005,30.69,1012.7,60.63
2026-01-01 09:48:00,AWS_005,30.35,1012.72,58.38
2026-01-01 09:49:00,AWS_005,30.58,1011.62,60.62
2026-01-01 09:50:00,AWS_005,30.78,1011.96,61.3
2026-01-01 09:51:00,AWS_005,30.35,1012.2,58.19
2026-01-01 09:52:00,AWS_005,29.83,1013.7,60.75
2026-01-01 09:53:00,AWS_005,30.73,1011.53,55.25
2026-01-01 09:54:00,AWS_005,30.64,1012.47,58.99
2026-01-01 09:55:00,AWS_005,30.54,1012.8,61.39
2026-01-01 09:56:00,AWS_005,30.09,1012.86,63.58
2026-01-01 09:57:00,AWS_005,30.76,1012.07,56.34
2026-01-01 09:58:00,AWS_005,30.81,1012.01,56.65
2026-01-01 09:59:00,AWS_005,30.45,1013.81,57.91
2026-01-01 10:00:00,AWS_005,30.16,1012.06,59.33
2026-01-01 10:01:00,AWS_005,30.15,1011.94,57.75
2026-01-01 10:02:00,AWS_005,30.12,1013.02,60.88
2026-01-01 10:03:00,AWS_005,30.08,1012.38,58.57
2026-01-01 10:04:00,AWS_005,30.1,1011.24,57.76
2026-01-01 10:05:00,AWS_005,30.35,1013.07,57.14
2026-01-01 10:06:00,AWS_005,30.56,1011.97,59.38
2026-01-01 10:07:00,AWS_005,30.76,1011.96,60.24
2026-01-01 10:08:00,AWS_005,29.8,1014.42,61.18
2026-01-01 10:09:00,AWS_005,29.84,1012.1,58.64
2026-01-01 10:10:00,AWS_005,30.46,1012.35,60.41
2026-01-01 10:11:00,AWS_005,29.74,1013.03,62.66
2026-01-01 10:12:00,AWS_005,29.62,1011.55,62.01
2026-01-01 10:13:00,AWS_005,29.69,1012.75,58.76
2026-01-01 10:14:00,AWS_005,29.98,1013.04,61.01
2026-01-01 10:15:00,AWS_005,30.68,1013.36,59.33
2026-01-01 10:16:00,AWS_005,29.96,1012.83,58.87
2026-01-01 10:17:00,AWS_005,30.1,1011.42,57.93
2026-01-01 10:18:00,AWS_005,29.49,1012.66,63.38
2026-01-01 10:19:00,AWS_005,30.38,1011.23,58.47
2026-01-01 10:20:00,AWS_005,30.28,1013.3,59.61
2026-01-01 10:21:00,AWS_005,29.72,1013.17,56.16
2026-01-01 10:22:00,AWS_005,29.61,1012.5,62.22
2026-01-01 10:23:00,AWS_005,30.25,1012.47,60.01
2026-01-01 10:24:00,AWS_005,29.76,1012.31,62.5
2026-01-01 10:25:00,AWS_005,29.56,1012.3,60.87
2026-01-01 10:26:00,AWS_005,29.66,1013.1,60.48
2026-01-01 10:27:00,AWS_005,29.88,1012.08,61.94
2026-01-01 10:28:00,AWS_005,30.06,1014.08,60.29
2026-01-01 10:29:00,AWS_005,29.88,1012.47,56.68
2026-01-01 10:30:00,AWS_005,29.84,1013.32,60.94
2026-01-01 10:31:00,AWS_005,29.61,1011.01,62.68
2026-01-01 10:32:00,AWS_005,29.75,1011.87,58.78
2026-01-01 10:33:00,AWS_005,29.51,1013.07,56.34
2026-01-01 10:34:00,AWS_005,29.54,1012.6,59.16
2026-01-01 10:35:00,AWS_005,30.2,1012.36,61.31
2026-01-01 10:36:00,AWS_005,29.62,1013.19,58.34
2026-01-01 10:37:00,AWS_005,29.44,1014.04,60.52
2026-01-01 10:38:00,AWS_005,29.3,1011.42,61.62
2026-01-01 10:39:00,AWS_005,28.67,1013.15,59.09
2026-01-01 10:40:00,AWS_005,30.36,1011.99,63.48
2026-01-01 10:41:00,AWS_005,30.38,1013.03,62.3
2026-01-01 10:42:00,AWS_005,29.74,1011.99,58.98
2026-01-01 10:43:00,AWS_005,29.05,1012.77,62.44
2026-01-01 10:44:00,AWS_005,30.54,1012.85,59.44
2026-01-01 10:45:00,AWS_005,28.86,1011.8,60.11
2026-01-01 10:46:00,AWS_005,29.56,1011.98,61.28
2026-01-01 10:47:00,AWS_005,28.7,1012.21,62.89
2026-01-01 10:48:00,AWS_005,28.49,1011.06,61.2
2026-01-01 10:49:00,AWS_005,29.43,1012.72,62.17
2026-01-01 10:50:00,AWS_005,29.46,1013.54,64.26
2026-01-01 10:51:00,AWS_005,29.35,1011.36,61.96
2026-01-01 10:52:00,AWS_005,29.87,1012.89,60.23
2026-01-01 10:53:00,AWS_005,29.24,1012.64,62.94
2026-01-01 10:54:00,AWS_005,29.56,1011.81,60.5
2026-01-01 10:55:00,AWS_005,28.9,1014.0,61.07
2026-01-01 10:56:00,AWS_005,29.71,1013.29,62.82
2026-01-01 10:57:00,AWS_005,29.72,1013.36,62.91
2026-01-01 10:58:00,AWS_005,29.05,1012.4,61.43
2026-01-01 10:59:00,AWS_005,29.28,1011.16,61.22
2026-01-01 11:00:00,AWS_005,28.83,1012.51,65.55
2026-01-01 11:01:00,AWS_005,29.0,1012.27,57.56
2026-01-01 11:02:00,AWS_005,29.36,1013.19,62.73
2026-01-01 11:03:00,AWS_005,29.24,1011.9,62.08
2026-01-01 11:04:00,AWS_005,28.33,1013.45,61.25
2026-01-01 11:05:00,AWS_005,28.55,1011.88,62.72
2026-01-01 11:06:00,AWS_005,28.75,1012.94,60.25
2026-01-01 11:07:00,AWS_005,29.05,1011.78,59.64
2026-01-01 11:08:00,AWS_005,28.57,1012.35,64.38
2026-01-01 11:09:00,AWS_005,28.35,1011.32,61.01
2026-01-01 11:10:00,AWS_005,27.85,1012.44,62.16
2026-01-01 11:11:00,AWS_005,29.71,1011.58,57.94
2026-01-01 11:12:00,AWS_005,28.94,1012.83,59.04
2026-01-01 11:13:00,AWS_005,28.26,1012.94,63.06
2026-01-01 11:14:00,AWS_005,29.23,1012.38,64.77
2026-01-01 11:15:00,AWS_005,29.39,1011.87,61.29
2026-01-01 11:16:00,AWS_005,28.85,1012.71,65.97
2026-01-01 11:17:00,AWS_005,29.0,1013.15,65.33
2026-01-01 11:18:00,AWS_005,29.25,1012.25,64.58
2026-01-01 11:19:00,AWS_005,28.95,1012.05,65.03
2026-01-01 11:20:00,AWS_005,28.94,1011.38,65.55
2026-01-01 11:21:00,AWS_005,28.05,1012.57,61.93
2026-01-01 11:22:00,AWS_005,27.55,1013.24,62.07
2026-01-01 11:23:00,AWS_005,28.96,1013.54,64.46
2026-01-01 11:24:00,AWS_005,28.51,1012.59,60.64
2026-01-01 11:25:00,AWS_005,28.39,1011.28,63.84
2026-01-01 11:26:00,AWS_005,28.94,1012.02,64.14
2026-01-01 11:27:00,AWS_005,28.15,1013.33,64.68
2026-01-01 11:28:00,AWS_005,28.5,1013.06,64.48
2026-01-01 11:29:00,AWS_005,28.51,1011.57,60.81
2026-01-01 11:30:00,AWS_005,28.74,1013.98,60.02
2026-01-01 11:31:00,AWS_005,28.58,1011.53,63.62
2026-01-01 11:32:00,AWS_005,28.56,1012.09,68.43
2026-01-01 11:33:00,AWS_005,28.24,1012.8,61.67
2026-01-01 11:34:00,AWS_005,28.23,1012.34,63.0
2026-01-01 11:35:00,AWS_005,28.5,1012.14,64.29
2026-01-01 11:36:00,AWS_005,28.14,1012.41,62.67
2026-01-01 11:37:00,AWS_005,27.98,1013.22,65.11
2026-01-01 11:38:00,AWS_005,28.81,1013.94,65.27
2026-01-01 11:39:00,AWS_005,28.0,1012.65,66.99
2026-01-01 11:40:00,AWS_005,28.07,1011.9,65.05
2026-01-01 11:41:00,AWS_005,28.72,1012.49,63.35
2026-01-01 11:42:00,AWS_005,27.93,1013.98,65.79
2026-01-01 11:43:00,AWS_005,28.31,1013.05,64.03
2026-01-01 11:44:00,AWS_005,28.33,1013.48,63.41
2026-01-01 11:45:00,AWS_005,28.11,1013.07,63.39
2026-01-01 11:46:00,AWS_005,27.97,1013.16,63.28
2026-01-01 11:47:00,AWS_005,27.65,1012.44,66.5
2026-01-01 11:48:00,AWS_005,28.33,1013.56,66.52
2026-01-01 11:49:00,AWS_005,28.5,1010.14,64.99
2026-01-01 11:50:00,AWS_005,28.43,1012.86,63.59
2026-01-01 11:51:00,AWS_005,28.16,1012.79,64.9
2026-01-01 11:52:00,AWS_005,27.2,1011.71,63.11
2026-01-01 11:53:00,AWS_005,28.28,1012.68,64.45
2026-01-01 11:54:00,AWS_005,27.9,1012.88,61.66
2026-01-01 11:55:00,AWS_005,27.69,1011.02,64.51
2026-01-01 11:56:00,AWS_005,28.17,1012.7,66.53
2026-01-01 11:57:00,AWS_005,27.97,1013.45,63.78
2026-01-01 11:58:00,AWS_005,28.26,1013.75,66.95
2026-01-01 11:59:00,AWS_005,27.97,1012.91,66.17
2026-01-01 12:00:00,AWS_005,27.71,1012.34,65.87
2026-01-01 12:01:00,AWS_005,27.65,1013.19,63.93
2026-01-01 12:02:00,AWS_005,28.02,1011.74,63.29
2026-01-01 12:03:00,AWS_005,27.21,1013.04,67.16
2026-01-01 12:04:00,AWS_005,27.53,1012.38,62.86
2026-01-01 12:05:00,AWS_005,26.83,1013.36,64.48
2026-01-01 12:06:00,AWS_005,27.85,1012.04,65.81
2026-01-01 12:07:00,AWS_005,27.92,1013.79,70.2
2026-01-01 12:08:00,AWS_005,27.33,1013.39,66.85
2026-01-01 12:09:00,AWS_005,27.18,1012.71,64.15
2026-01-01 12:10:00,AWS_005,27.98,1012.64,65.49
2026-01-01 12:11:00,AWS_005,27.29,1013.78,65.11
2026-01-01 12:12:00,AWS_005,27.81,1014.14,66.28
2026-01-01 12:13:00,AWS_005,27.53,1012.14,67.68
2026-01-01 12:14:00,AWS_005,27.3,1012.18,64.49
2026-01-01 12:15:00,AWS_005,27.72,1013.46,66.17
2026-01-01 12:16:00,AWS_005,27.48,1010.54,67.79
2026-01-01 12:17:00,AWS_005,28.04,1010.38,63.49
2026-01-01 12:18:00,AWS_005,27.13,1011.83,65.67
2026-01-01 12:19:00,AWS_005,26.87,1012.68,65.26
2026-01-01 12:20:00,AWS_005,27.37,1011.55,66.01
2026-01-01 12:21:00,AWS_005,27.55,1011.44,61.66
2026-01-01 12:22:00,AWS_005,27.26,1012.06,64.74
2026-01-01 12:23:00,AWS_005,28.03,1013.53,61.98
2026-01-01 12:24:00,AWS_005,27.78,1012.13,64.12
2026-01-01 12:25:00,AWS_005,27.06,1013.33,66.58
2026-01-01 12:26:00,AWS_005,27.27,1012.53,67.18
2026-01-01 12:27:00,AWS_005,26.51,1013.68,65.62
2026-01-01 12:28:00,AWS_005,27.63,1012.25,62.24
2026-01-01 12:29:00,AWS_005,26.91,1012.78,65.34
2026-01-01 12:30:00,AWS_005,27.24,1012.62,64.06
2026-01-01 12:31:00,AWS_005,27.04,1012.33,66.11
2026-01-01 12:32:00,AWS_005,26.52,1013.08,66.86
2026-01-01 12:33:00,AWS_005,27.43,1013.0,63.5
2026-01-01 12:34:00,AWS_005,26.65,1012.63,66.01
2026-01-01 12:35:00,AWS_005,26.85,1010.91,62.42
2026-01-01 12:36:00,AWS_005,27.37,1011.5,66.49
2026-01-01 12:37:00,AWS_005,26.62,1011.7,66.54
2026-01-01 12:38:00,AWS_005,27.59,1012.63,63.96
2026-01-01 12:39:00,AWS_005,26.57,1012.41,64.14
2026-01-01 12:40:00,AWS_005,26.48,1011.84,70.61
2026-01-01 12:41:00,AWS_005,26.94,1011.78,67.82
2026-01-01 12:42:00,AWS_005,27.56,1012.99,65.79
2026-01-01 12:43:00,AWS_005,26.88,1011.86,66.58
2026-01-01 12:44:00,AWS_005,27.25,1010.46,64.91
2026-01-01 12:45:00,AWS_005,26.3,1012.56,67.79
2026-01-01 12:46:00,AWS_005,26.67,1012.0,67.16
2026-01-01 12:47:00,AWS_005,26.68,1013.04,68.9
2026-01-01 12:48:00,AWS_005,26.27,1011.83,69.55
2026-01-01 12:49:00,AWS_005,26.12,1012.24,70.24
2026-01-01 12:50:00,AWS_005,26.64,1012.65,69.32
2026-01-01 12:51:00,AWS_005,27.34,1010.67,67.22
2026-01-01 12:52:00,AWS_005,26.78,1011.94,64.98
2026-01-01 12:53:00,AWS_005,26.4,1011.8,67.16
2026-01-01 12:54:00,AWS_005,25.83,1012.04,67.7
2026-01-01 12:55:00,AWS_005,26.48,1012.0,68.64
2026-01-01 12:56:00,AWS_005,26.43,1012.41,66.78
2026-01-01 12:57:00,AWS_005,26.74,1012.56,65.55
2026-01-01 12:58:00,AWS_005,26.46,1012.91,68.52
2026-01-01 12:59:00,AWS_005,26.79,1012.82,72.89
2026-01-01 13:00:00,AWS_005,26.83,1013.36,70.96
2026-01-01 13:01:00,AWS_005,26.47,1013.18,70.54
2026-01-01 13:02:00,AWS_005,26.46,1013.52,67.47
2026-01-01 13:03:00,AWS_005,26.47,1013.39,66.75
2026-01-01 13:04:00,AWS_005,25.74,1011.99,69.83
2026-01-01 13:05:00,AWS_005,26.7,1012.16,70.88
2026-01-01 13:06:00,AWS_005,27.07,1012.22,67.88
2026-01-01 13:07:00,AWS_005,26.4,1013.34,67.29
2026-01-01 13:08:00,AWS_005,26.04,1012.22,67.44
2026-01-01 13:09:00,AWS_005,26.33,1013.03,68.99
2026-01-01 13:10:00,AWS_005,26.14,1010.9,68.48
2026-01-01 13:11:00,AWS_005,26.3,1010.73,68.69
2026-01-01 13:12:00,AWS_005,26.15,1013.45,71.19
2026-01-01 13:13:00,AWS_005,25.39,1012.82,70.49
2026-01-01 13:14:00,AWS_005,26.27,1013.37,68.46
2026-01-01 13:15:00,AWS_005,27.1,1011.19,68.86
2026-01-01 13:16:00,AWS_005,25.65,1012.56,70.94
2026-01-01 13:17:00,AWS_005,26.61,1011.23,70.01
2026-01-01 13:18:00,AWS_005,26.31,1013.14,72.3
2026-01-01 13:19:00,AWS_005,25.76,1012.44,70.41
2026-01-01 13:20:00,AWS_005,25.57,1012.32,69.62
2026-01-01 13:21:00,AWS_005,26.19,1013.12,68.17
2026-01-01 13:22:00,AWS_005,26.21,1012.34,66.06
2026-01-01 13:23:00,AWS_005,25.44,1012.31,71.37
2026-01-01 13:24:00,AWS_005,26.39,1011.26,71.44
2026-01-01 13:25:00,AWS_005,25.81,1013.49,72.08
2026-01-01 13:26:00,AWS_005,26.18,1012.5,66.96
2026-01-01 13:27:00,AWS_005,26.24,1012.83,70.21
2026-01-01 13:28:00,AWS_005,26.3,1011.32,68.15
2026-01-01 13:29:00,AWS_005,25.53,1013.52,69.34
2026-01-01 13:30:00,AWS_005,26.71,1012.53,66.47
2026-01-01 13:31:00,AWS_005,25.51,1013.77,68.28
2026-01-01 13:32:00,AWS_005,26.22,1013.19,69.48
2026-01-01 13:33:00,AWS_005,25.64,1010.43,70.53
2026-01-01 13:34:00,AWS_005,25.84,1013.01,71.28
2026-01-01 13:35:00,AWS_005,25.75,1013.11,73.01
2026-01-01 13:36:00,AWS_005,25.97,1012.88,69.64
2026-01-01 13:37:00,AWS_005,26.18,1012.54,68.99
2026-01-01 13:38:00,AWS_005,25.5,1012.21,70.67
2026-01-01 13:39:00,AWS_005,25.37,1012.34,70.63
2026-01-01 13:40:00,AWS_005,24.88,1013.48,67.84
2026-01-01 13:41:00,AWS_005,25.75,1013.54,67.69
2026-01-01 13:42:00,AWS_005,25.6,1012.21,74.75
2026-01-01 13:43:00,AWS_005,25.69,1011.72,70.76
2026-01-01 13:44:00,AWS_005,25.58,1013.36,71.85
2026-01-01 13:45:00,AWS_005,25.91,1013.09,71.44
2026-01-01 13:46:00,AWS_005,25.38,1012.51,71.3
2026-01-01 13:47:00,AWS_005,25.7,1011.57,72.94
2026-01-01 13:48:00,AWS_005,25.53,1010.99,74.92
2026-01-01 13:49:00,AWS_005,25.14,1012.94,71.61
2026-01-01 13:50:00,AWS_005,25.23,1011.88,70.78
2026-01-01 13:51:00,AWS_005,25.86,1011.86,72.62
2026-01-01 13:52:00,AWS_005,25.8,1012.67,70.18
2026-01-01 13:53:00,AWS_005,25.74,1011.89,68.27
2026-01-01 13:54:00,AWS_005,25.36,1011.92,72.03
2026-01-01 13:55:00,AWS_005,24.51,1011.74,68.96
2026-01-01 13:56:00,AWS_005,24.73,1012.85,69.24
2026-01-01 13:57:00,AWS_005,25.27,1011.53,68.33
2026-01-01 13:58:00,AWS_005,24.75,1011.1,65.89
2026-01-01 13:59:00,AWS_005,25.79,1011.51,68.31
2026-01-01 14:00:00,AWS_005,24.99,1013.42,71.21
2026-01-01 14:01:00,AWS_005,25.19,1011.8,73.45
2026-01-01 14:02:00,AWS_005,25.97,1012.66,70.02
2026-01-01 14:03:00,AWS_005,25.67,1012.02,69.75
2026-01-01 14:04:00,AWS_005,25.38,1012.1,71.05
2026-01-01 14:05:00,AWS_005,25.31,1013.36,71.08
2026-01-01 14:06:00,AWS_005,24.9,1012.36,71.16
2026-01-01 14:07:00,AWS_005,25.49,1013.59,73.44
2026-01-01 14:08:00,AWS_005,25.25,1013.8,70.74
2026-01-01 14:09:00,AWS_005,25.09,1013.52,70.42
2026-01-01 14:10:00,AWS_005,25.39,1011.83,71.47
2026-01-01 14:11:00,AWS_005,25.37,1012.39,72.8
2026-01-01 14:12:00,AWS_005,24.7,1013.43,77.26
2026-01-01 14:13:00,AWS_005,25.44,1012.88,75.07
2026-01-01 14:14:00,AWS_005,25.02,1013.17,72.12
2026-01-01 14:15:00,AWS_005,25.07,1013.24,70.64
2026-01-01 14:16:00,AWS_005,24.49,1013.28,71.54
2026-01-01 14:17:00,AWS_005,24.49,1011.45,70.41
2026-01-01 14:18:00,AWS_005,24.4,1012.19,72.23
2026-01-01 14:19:00,AWS_005,25.92,1011.71,72.49
2026-01-01 14:20:00,AWS_005,25.85,1012.13,73.1
2026-01-01 14:21:00,AWS_005,24.25,1012.39,67.99
2026-01-01 14:22:00,AWS_005,24.31,1012.3,70.22
2026-01-01 14:23:00,AWS_005,24.69,1011.75,74.92
2026-01-01 14:24:00,AWS_005,25.32,1011.2,69.85
2026-01-01 14:25:00,AWS_005,25.11,1010.99,70.56
2026-01-01 14:26:00,AWS_005,25.71,1013.67,71.49
2026-01-01 14:27:00,AWS_005,24.7,1013.2,75.02
2026-01-01 14:28:00,AWS_005,24.53,1012.48,73.55
2026-01-01 14:29:00,AWS_005,24.81,1009.91,71.71
2026-01-01 14:30:00,AWS_005,24.7,1011.54,71.38
2026-01-01 14:31:00,AWS_005,24.74,1012.59,70.98
2026-01-01 14:32:00,AWS_005,24.78,1012.87,69.88
2026-01-01 14:33:00,AWS_005,25.57,1011.94,70.81
2026-01-01 14:34:00,AWS_005,24.75,1012.63,75.99
2026-01-01 14:35:00,AWS_005,24.26,1012.11,75.49
2026-01-01 14:36:00,AWS_005,24.55,1013.09,71.87
2026-01-01 14:37:00,AWS_005,24.94,1012.15,71.6
2026-01-01 14:38:00,AWS_005,24.88,1012.12,74.91
2026-01-01 14:39:00,AWS_005,24.84,1011.77,71.46
2026-01-01 14:40:00,AWS_005,23.92,1012.77,74.05
2026-01-01 14:41:00,AWS_005,23.96,1012.5,70.54
2026-01-01 14:42:00,AWS_005,24.52,1011.24,73.13
2026-01-01 14:43:00,AWS_005,24.73,1012.47,71.89
2026-01-01 14:44:00,AWS_005,24.2,1012.3,73.79
2026-01-01 14:45:00,AWS_005,25.12,1012.92,75.49
2026-01-01 14:46:00,AWS_005,24.72,1012.08,71.74
2026-01-01 14:47:00,AWS_005,24.28,1011.37,70.86
2026-01-01 14:48:00,AWS_005,25.58,1011.78,72.43
2026-01-01 14:49:00,AWS_005,24.27,1013.61,75.74
2026-01-01 14:50:00,AWS_005,24.29,1011.97,73.37
2026-01-01 14:51:00,AWS_005,24.25,1012.96,73.0
2026-01-01 14:52:00,AWS_005,24.42,1011.03,75.49
2026-01-01 14:53:00,AWS_005,23.96,1012.44,74.26
2026-01-01 14:54:00,AWS_005,24.67,1010.9,77.9
2026-01-01 14:55:00,AWS_005,24.71,1012.18,71.12
2026-01-01 14:56:00,AWS_005,24.61,1011.52,73.32
2026-01-01 14:57:00,AWS_005,24.15,1011.37,70.61
2026-01-01 14:58:00,AWS_005,24.13,1011.28,71.23
2026-01-01 14:59:00,AWS_005,24.54,1011.94,76.08
2026-01-01 15:00:00,AWS_005,24.37,1010.58,71.68
2026-01-01 15:01:00,AWS_005,23.94,1010.95,76.65
2026-01-01 15:02:00,AWS_005,23.44,1012.17,71.34
2026-01-01 15:03:00,AWS_005,24.08,1010.7,73.41
2026-01-01 15:04:00,AWS_005,24.43,1010.87,71.24
2026-01-01 15:05:00,AWS_005,24.4,1013.52,74.98
2026-01-01 15:06:00,AWS_005,23.58,1013.34,74.11
2026-01-01 15:07:00,AWS_005,24.51,1011.41,76.26
2026-01-01 15:08:00,AWS_005,24.9,1012.34,75.46
2026-01-01 15:09:00,AWS_005,24.0,1011.41,74.06
2026-01-01 15:10:00,AWS_005,24.05,1011.44,74.08
2026-01-01 15:11:00,AWS_005,23.9,1009.56,71.35
2026-01-01 15:12:00,AWS_005,23.96,1013.28,74.68
2026-01-01 15:13:00,AWS_005,24.57,1012.5,73.76
2026-01-01 15:14:00,AWS_005,23.76,1012.65,75.31
2026-01-01 15:15:00,AWS_005,24.15,1012.48,75.52
2026-01-01 15:16:00,AWS_005,23.93,1011.89,72.77
2026-01-01 15:17:00,AWS_005,24.1,1011.66,72.64
2026-01-01 15:18:00,AWS_005,23.9,1012.01,74.28
2026-01-01 15:19:00,AWS_005,24.33,1013.21,73.64
2026-01-01 15:20:00,AWS_005,24.4,1012.05,71.27
2026-01-01 15:21:00,AWS_005,24.12,1013.58,72.22
2026-01-01 15:22:00,AWS_005,23.87,1011.4,76.41
2026-01-01 15:23:00,AWS_005,24.26,1010.83,75.19
2026-01-01 15:24:00,AWS_005,23.63,1011.28,74.27
2026-01-01 15:25:00,AWS_005,24.09,1011.89,76.86
2026-01-01 15:26:00,AWS_005,23.7,1013.12,74.27
2026-01-01 15:27:00,AWS_005,23.97,1011.62,75.84
2026-01-01 15:28:00,AWS_005,23.49,1010.84,74.38
2026-01-01 15:29:00,AWS_005,24.34,1012.01,74.61
2026-01-01 15:30:00,AWS_005,23.35,1012.97,80.8
2026-01-01 15:31:00,AWS_005,23.78,1011.99,73.16
2026-01-01 15:32:00,AWS_005,23.23,1012.15,75.69
2026-01-01 15:33:00,AWS_005,24.27,1011.96,75.67
2026-01-01 15:34:00,AWS_005,24.42,1011.81,76.95
2026-01-01 15:35:00,AWS_005,23.31,1013.9,74.53
2026-01-01 15:36:00,AWS_005,23.9,1013.02,78.71
2026-01-01 15:37:00,AWS_005,23.64,1013.47,74.02
2026-01-01 15:38:00,AWS_005,23.95,1014.27,73.87
2026-01-01 15:39:00,AWS_005,24.36,1012.99,76.49
2026-01-01 15:40:00,AWS_005,23.87,1011.58,77.29
2026-01-01 15:41:00,AWS_005,23.4,1012.66,72.37
2026-01-01 15:42:00,AWS_005,23.42,1013.48,73.35
2026-01-01 15:43:00,AWS_005,23.54,1012.37,75.26
2026-01-01 15:44:00,AWS_005,23.38,1011.66,76.14
2026-01-01 15:45:00,AWS_005,23.96,1013.03,77.67
2026-01-01 15:46:00,AWS_005,23.98,1010.91,75.24
2026-01-01 15:47:00,AWS_005,24.14,1012.04,77.34
2026-01-01 15:48:00,AWS_005,23.45,1012.53,71.46
2026-01-01 15:49:00,AWS_005,24.07,1011.83,72.69
2026-01-01 15:50:00,AWS_005,24.27,1012.41,75.11
2026-01-01 15:51:00,AWS_005,23.06,1012.43,77.24
2026-01-01 15:52:00,AWS_005,23.38,1012.35,74.53
2026-01-01 15:53:00,AWS_005,23.52,1011.75,74.62
2026-01-01 15:54:00,AWS_005,23.88,1011.58,75.99
2026-01-01 15:55:00,AWS_005,24.08,1011.8,74.8
2026-01-01 15:56:00,AWS_005,22.84,1010.79,78.09
2026-01-01 15:57:00,AWS_005,23.25,1012.99,75.51
2026-01-01 15:58:00,AWS_005,23.97,1012.31,80.26
2026-01-01 15:59:00,AWS_005,23.16,1012.01,75.67
2026-01-01 16:00:00,AWS_005,23.8,1011.33,74.63
2026-01-01 16:01:00,AWS_005,23.7,1011.97,75.6
2026-01-01 16:02:00,AWS_005,23.77,1011.95,77.63
2026-01-01 16:03:00,AWS_005,23.77,1011.51,75.14
2026-01-01 16:04:00,AWS_005,23.27,1012.69,69.87
2026-01-01 16:05:00,AWS_005,23.33,1010.95,74.57
2026-01-01 16:06:00,AWS_005,23.28,1011.12,70.91
2026-01-01 16:07:00,AWS_005,23.5,1012.73,76.6
2026-01-01 16:08:00,AWS_005,22.55,1013.04,73.35
2026-01-01 16:09:00,AWS_005,23.58,1012.05,75.71
2026-01-01 16:10:00,AWS_005,24.07,1011.04,72.7
2026-01-01 16:11:00,AWS_005,23.45,1012.88,75.5
2026-01-01 16:12:00,AWS_005,23.31,1011.99,76.03
2026-01-01 16:13:00,AWS_005,23.38,1011.91,74.73
2026-01-01 16:14:00,AWS_005,23.55,1013.04,75.65
2026-01-01 16:15:00,AWS_005,23.79,1012.47,72.4
2026-01-01 16:16:00,AWS_005,23.29,1011.51,75.88
2026-01-01 16:17:00,AWS_005,23.25,1010.54,74.53
2026-01-01 16:18:00,AWS_005,22.75,1011.54,76.01
2026-01-01 16:19:00,AWS_005,23.31,1012.16,75.61
2026-01-01 16:20:00,AWS_005,22.8,1012.29,75.4
2026-01-01 16:21:00,AWS_005,23.06,1010.8,75.0
2026-01-01 16:22:00,AWS_005,23.62,1011.25,76.47
2026-01-01 16:23:00,AWS_005,23.66,1009.4,79.28
2026-01-01 16:24:00,AWS_005,23.43,1012.04,75.7
2026-01-01 16:25:00,AWS_005,23.72,1010.39,77.07
2026-01-01 16:26:00,AWS_005,22.57,1011.39,79.13
2026-01-01 16:27:00,AWS_005,23.87,1011.03,76.83
2026-01-01 16:28:00,AWS_005,22.87,1012.28,77.55
2026-01-01 16:29:00,AWS_005,23.32,1012.05,74.35
2026-01-01 16:30:00,AWS_005,22.93,1011.15,76.81
2026-01-01 16:31:00,AWS_005,23.31,1011.85,76.81
2026-01-01 16:32:00,AWS_005,23.19,1012.26,79.68
2026-01-01 16:33:00,AWS_005,23.63,1011.96,73.65
2026-01-01 16:34:00,AWS_005,24.15,1009.01,80.51
2026-01-01 16:35:00,AWS_005,23.51,1013.56,78.48
2026-01-01 16:36:00,AWS_005,23.1,1012.13,78.13
2026-01-01 16:37:00,AWS_005,23.75,1012.6,73.92
2026-01-01 16:38:00,AWS_005,22.45,1011.12,74.43
2026-01-01 16:39:00,AWS_005,22.89,1010.94,77.51
2026-01-01 16:40:00,AWS_005,23.02,1011.26,72.12
2026-01-01 16:41:00,AWS_005,23.0,1013.28,73.28
2026-01-01 16:42:00,AWS_005,22.81,1011.42,77.9
2026-01-01 16:43:00,AWS_005,23.37,1011.62,78.71
2026-01-01 16:44:00,AWS_005,23.09,1013.15,80.63
2026-01-01 16:45:00,AWS_005,23.03,1011.37,75.69
2026-01-01 16:46:00,AWS_005,23.64,1011.67,74.65
2026-01-01 16:47:00,AWS_005,22.89,1010.59,74.86
2026-01-01 16:48:00,AWS_005,23.47,1013.2,77.32
2026-01-01 16:49:00,AWS_005,22.94,1011.03,76.03
2026-01-01 16:50:00,AWS_005,22.95,1011.5,73.74
2026-01-01 16:51:00,AWS_005,22.74,1008.95,77.51
2026-01-01 16:52:00,AWS_005,22.45,1011.49,74.42
2026-01-01 16:53:00,AWS_005,22.76,1011.56,77.98
2026-01-01 16:54:00,AWS_005,22.31,1011.28,77.92
2026-01-01 16:55:00,AWS_005,23.12,1010.22,75.93
2026-01-01 16:56:00,AWS_005,22.88,1012.04,77.11
2026-01-01 16:57:00,AWS_005,23.44,1010.08,75.97
2026-01-01 16:58:00,AWS_005,22.71,1010.27,76.42
2026-01-01 16:59:00,AWS_005,22.89,1011.38,74.01
2026-01-01 17:00:00,AWS_005,23.47,1012.55,69.8
2026-01-01 17:01:00,AWS_005,23.34,1011.54,76.35
2026-01-01 17:02:00,AWS_005,23.03,1011.81,74.63
2026-01-01 17:03:00,AWS_005,22.56,1011.03,74.92
2026-01-01 17:04:00,AWS_005,23.2,1011.02,74.81
2026-01-01 17:05:00,AWS_005,22.84,1012.26,78.56
2026-01-01 17:06:00,AWS_005,22.75,1012.53,78.82
2026-01-01 17:07:00,AWS_005,23.48,1012.43,77.36
2026-01-01 17:08:00,AWS_005,23.53,1012.03,76.04
2026-01-01 17:09:00,AWS_005,22.58,1011.79,77.37
2026-01-01 17:10:00,AWS_005,23.62,1010.38,78.91
2026-01-01 17:11:00,AWS_005,22.89,1011.07,80.05
2026-01-01 17:12:00,AWS_005,23.24,1010.95,75.23
2026-01-01 17:13:00,AWS_005,23.65,1011.57,73.71
2026-01-01 17:14:00,AWS_005,22.85,1012.13,77.38
2026-01-01 17:15:00,AWS_005,23.02,1011.23,73.18
2026-01-01 17:16:00,AWS_005,23.2,1009.5,77.33
2026-01-01 17:17:00,AWS_005,23.54,1012.5,77.23
2026-01-01 17:18:00,AWS_005,22.91,1010.77,76.53
2026-01-01 17:19:00,AWS_005,23.22,1010.8,80.39
2026-01-01 17:20:00,AWS_005,22.58,1011.99,76.97
2026-01-01 17:21:00,AWS_005,22.29,1011.05,77.93
2026-01-01 17:22:00,AWS_005,22.61,1011.48,79.15
2026-01-01 17:23:00,AWS_005,22.61,1011.72,76.7
2026-01-01 17:24:00,AWS_005,23.27,1011.57,76.06
2026-01-01 17:25:00,AWS_005,22.84,1011.24,76.13
2026-01-01 17:26:00,AWS_005,22.63,1011.54,77.71
2026-01-01 17:27:00,AWS_005,22.51,1013.29,77.52
2026-01-01 17:28:00,AWS_005,22.7,1012.46,80.31
2026-01-01 17:29:00,AWS_005,23.23,1012.19,75.62
2026-01-01 17:30:00,AWS_005,22.5,1011.8,76.43
2026-01-01 17:31:00,AWS_005,22.8,1012.76,78.81
2026-01-01 17:32:00,AWS_005,22.7,1012.18,78.22
2026-01-01 17:33:00,AWS_005,22.99,1012.51,76.8
2026-01-01 17:34:00,AWS_005,23.58,1012.54,76.53
2026-01-01 17:35:00,AWS_005,22.58,1012.0,75.93
2026-01-01 17:36:00,AWS_005,22.97,1011.88,75.13
2026-01-01 17:37:00,AWS_005,22.83,1011.19,76.89
2026-01-01 17:38:00,AWS_005,22.65,1012.99,78.11
2026-01-01 17:39:00,AWS_005,22.86,1011.39,77.69
2026-01-01 17:40:00,AWS_005,23.56,1010.53,76.79
2026-01-01 17:41:00,AWS_005,22.8,1011.71,77.6
2026-01-01 17:42:00,AWS_005,22.8,1011.25,75.06
2026-01-01 17:43:00,AWS_005,22.68,1010.59,78.1
2026-01-01 17:44:00,AWS_005,22.99,1010.63,74.11
2026-01-01 17:45:00,AWS_005,22.43,1011.41,77.48
2026-01-01 17:46:00,AWS_005,22.87,1011.45,78.16
2026-01-01 17:47:00,AWS_005,23.0,1010.23,77.19
2026-01-01 17:48:00,AWS_005,22.48,1011.03,77.0
2026-01-01 17:49:00,AWS_005,23.46,1012.11,74.87
2026-01-01 17:50:00,AWS_005,23.44,1009.26,76.9
2026-01-01 17:51:00,AWS_005,23.72,1011.1,80.96
2026-01-01 17:52:00,AWS_005,23.05,1011.31,76.86
2026-01-01 17:53:00,AWS_005,22.98,1011.81,76.44
2026-01-01 17:54:00,AWS_005,22.79,1011.11,73.76
2026-01-01 17:55:00,AWS_005,22.84,1010.96,77.73
2026-01-01 17:56:00,AWS_005,23.19,1011.75,77.87
2026-01-01 17:57:00,AWS_005,22.82,1011.21,76.05
2026-01-01 17:58:00,AWS_005,22.76,1012.66,76.51
2026-01-01 17:59:00,AWS_005,23.04,1011.74,74.34
2026-01-01 18:00:00,AWS_005,22.56,1011.89,77.25
2026-01-01 18:01:00,AWS_005,23.45,1011.29,77.99
2026-01-01 18:02:00,AWS_005,22.82,1012.73,72.48
2026-01-01 18:03:00,AWS_005,23.12,1010.77,76.93
2026-01-01 18:04:00,AWS_005,22.5,1010.29,80.46
2026-01-01 18:05:00,AWS_005,22.8,1011.13,77.3
2026-01-01 18:06:00,AWS_005,22.66,1010.99,77.98
2026-01-01 18:07:00,AWS_005,22.68,1011.08,79.11
2026-01-01 18:08:00,AWS_005,22.36,1012.77,78.13
2026-01-01 18:09:00,AWS_005,23.24,1010.55,76.27
2026-01-01 18:10:00,AWS_005,23.01,1011.12,73.75
2026-01-01 18:11:00,AWS_005,22.25,1009.86,82.39
2026-01-01 18:12:00,AWS_005,22.74,1012.68,78.48
2026-01-01 18:13:00,AWS_005,22.74,1009.3,78.67
2026-01-01 18:14:00,AWS_005,22.98,1011.26,79.06
2026-01-01 18:15:00,AWS_005,22.77,1010.07,79.21
2026-01-01 18:16:00,AWS_005,23.26,1010.02,78.56
2026-01-01 18:17:00,AWS_005,23.21,1010.42,77.02
2026-01-01 18:18:00,AWS_005,23.71,1010.24,76.32
2026-01-01 18:19:00,AWS_005,21.94,1011.33,78.42
2026-01-01 18:20:00,AWS_005,23.38,1010.09,77.24
2026-01-01 18:21:00,AWS_005,23.15,1011.94,77.18
2026-01-01 18:22:00,AWS_005,22.77,1012.16,78.92
2026-01-01 18:23:00,AWS_005,22.74,1012.41,81.13
2026-01-01 18:24:00,AWS_005,22.81,1009.86,75.05
2026-01-01 18:25:00,AWS_005,22.94,1010.45,77.89
2026-01-01 18:26:00,AWS_005,22.63,1010.69,74.91
2026-01-01 18:27:00,AWS_005,22.21,1010.61,77.31
2026-01-01 18:28:00,AWS_005,22.64,1011.7,73.55
2026-01-01 18:29:00,AWS_005,22.75,1011.31,75.51
2026-01-01 18:30:00,AWS_005,23.09,1010.3,76.94
2026-01-01 18:31:00,AWS_005,22.39,1010.81,79.03
2026-01-01 18:32:00,AWS_005,23.12,1011.01,73.92
2026-01-01 18:33:00,AWS_005,22.39,1010.89,77.74
2026-01-01 18:34:00,AWS_005,23.03,1010.43,76.8
2026-01-01 18:35:00,AWS_005,23.09,1010.12,79.79
2026-01-01 18:36:00,AWS_005,22.82,1011.61,76.04
2026-01-01 18:37:00,AWS_005,22.9,1010.05,77.71
2026-01-01 18:38:00,AWS_005,23.16,1011.56,76.52
2026-01-01 18:39:00,AWS_005,22.65,1011.18,74.87
2026-01-01 18:40:00,AWS_005,23.01,1010.29,75.67
2026-01-01 18:41:00,AWS_005,22.75,1011.38,75.3
2026-01-01 18:42:00,AWS_005,23.52,1010.39,73.31
2026-01-01 18:43:00,AWS_005,23.12,1011.41,79.88
2026-01-01 18:44:00,AWS_005,22.49,1010.32,76.06
2026-01-01 18:45:00,AWS_005,23.64,1011.03,77.73
2026-01-01 18:46:00,AWS_005,23.32,1010.9,74.55
2026-01-01 18:47:00,AWS_005,22.44,1010.44,76.84
2026-01-01 18:48:00,AWS_005,22.31,1010.67,77.75
2026-01-01 18:49:00,AWS_005,22.44,1010.4,76.9
2026-01-01 18:50:00,AWS_005,22.54,1011.85,75.06
2026-01-01 18:51:00,AWS_005,23.0,1010.34,78.32
2026-01-01 18:52:00,AWS_005,22.98,1010.84,72.6
2026-01-01 18:53:00,AWS_005,23.24,1009.22,73.53
2026-01-01 18:54:00,AWS_005,22.83,1010.33,76.44
2026-01-01 18:55:00,AWS_005,22.85,1011.38,71.86
2026-01-01 18:56:00,AWS_005,23.01,1011.25,75.07
2026-01-01 18:57:00,AWS_005,23.42,1011.21,75.69
2026-01-01 18:58:00,AWS_005,22.22,1010.83,79.66
2026-01-01 18:59:00,AWS_005,22.88,1011.05,75.28
2026-01-01 19:00:00,AWS_005,23.51,1012.0,75.55
2026-01-01 19:01:00,AWS_005,23.02,1010.1,72.88
2026-01-01 19:02:00,AWS_005,22.88,1011.81,76.72
2026-01-01 19:03:00,AWS_005,22.68,1010.12,76.57
2026-01-01 19:04:00,AWS_005,23.37,1011.06,74.35
2026-01-01 19:05:00,AWS_005,22.82,1010.12,78.35
2026-01-01 19:06:00,AWS_005,22.83,1011.48,78.2
2026-01-01 19:07:00,AWS_005,23.57,1009.76,75.37
2026-01-01 19:08:00,AWS_005,22.61,1009.98,72.63
2026-01-01 19:09:00,AWS_005,23.69,1010.69,74.32
2026-01-01 19:10:00,AWS_005,23.11,1010.14,79.51
2026-01-01 19:11:00,AWS_005,23.06,1010.2,76.71
2026-01-01 19:12:00,AWS_005,23.17,1010.66,74.88
2026-01-01 19:13:00,AWS_005,23.08,1009.75,79.13
2026-01-01 19:14:00,AWS_005,22.86,1010.85,76.01
2026-01-01 19:15:00,AWS_005,23.22,1011.03,76.39
2026-01-01 19:16:00,AWS_005,22.89,1009.47,81.13
2026-01-01 19:17:00,AWS_005,23.27,1010.92,78.17
2026-01-01 19:18:00,AWS_005,24.03,1010.88,75.74
2026-01-01 19:19:00,AWS_005,23.37,1011.06,77.03
2026-01-01 19:20:00,AWS_005,23.04,1010.79,77.38
2026-01-01 19:21:00,AWS_005,23.23,1010.98,77.9
2026-01-01 19:22:00,AWS_005,23.0,1010.97,74.17
2026-01-01 19:23:00,AWS_005,23.07,1010.88,79.48
2026-01-01 19:24:00,AWS_005,23.1,1010.97,79.05
2026-01-01 19:25:00,AWS_005,23.35,1011.9,74.33
2026-01-01 19:26:00,AWS_005,23.53,1011.71,76.14
2026-01-01 19:27:00,AWS_005,24.01,1010.56,76.3
2026-01-01 19:28:00,AWS_005,23.44,1010.15,76.45
2026-01-01 19:29:00,AWS_005,22.75,1011.65,77.66
2026-01-01 19:30:00,AWS_005,22.68,1012.46,75.42
2026-01-01 19:31:00,AWS_005,23.18,1010.6,76.93
2026-01-01 19:32:00,AWS_005,23.61,1011.02,77.31
2026-01-01 19:33:00,AWS_005,23.14,1010.35,77.02
2026-01-01 19:34:00,AWS_005,23.15,1011.03,76.96
2026-01-01 19:35:00,AWS_005,23.6,1009.01,77.09
2026-01-01 19:36:00,AWS_005,23.24,1010.17,76.39
2026-01-01 19:37:00,AWS_005,23.67,1011.16,72.11
2026-01-01 19:38:00,AWS_005,22.66,1009.87,73.89
2026-01-01 19:39:00,AWS_005,23.47,1011.01,73.31
2026-01-01 19:40:00,AWS_005,22.57,1010.97,73.73
2026-01-01 19:41:00,AWS_005,23.4,1011.01,73.87
2026-01-01 19:42:00,AWS_005,23.66,1010.14,77.9
2026-01-01 19:43:00,AWS_005,22.66,1011.15,78.48
2026-01-01 19:44:00,AWS_005,22.4,1012.01,77.07
2026-01-01 19:45:00,AWS_005,23.67,1010.13,73.78
2026-01-01 19:46:00,AWS_005,23.52,1009.98,73.89
2026-01-01 19:47:00,AWS_005,22.91,1010.37,74.42
2026-01-01 19:48:00,AWS_005,23.46,1010.72,74.23
2026-01-01 19:49:00,AWS_005,23.15,1009.67,78.31
2026-01-01 19:50:00,AWS_005,23.31,1010.12,72.93
2026-01-01 19:51:00,AWS_005,23.28,1011.64,76.25
2026-01-01 19:52:00,AWS_005,22.87,1011.38,73.05
2026-01-01 19:53:00,AWS_005,23.77,1009.67,76.56
2026-01-01 19:54:00,AWS_005,23.0,1011.95,74.78
2026-01-01 19:55:00,AWS_005,23.47,1010.1,73.28
2026-01-01 19:56:00,AWS_005,23.7,1010.71,74.38
2026-01-01 19:57:00,AWS_005,23.12,1010.46,76.47
2026-01-01 19:58:00,AWS_005,23.35,1011.16,72.19
2026-01-01 19:59:00,AWS_005,23.27,1009.5,74.16
2026-01-01 20:00:00,AWS_005,24.17,1009.99,75.02
2026-01-01 20:01:00,AWS_005,23.86,1009.67,72.61
2026-01-01 20:02:00,AWS_005,23.81,1009.55,73.43
2026-01-01 20:03:00,AWS_005,24.4,1009.79,78.22
2026-01-01 20:04:00,AWS_005,23.67,1009.71,72.64
2026-01-01 20:05:00,AWS_005,23.41,1010.88,74.19
2026-01-01 20:06:00,AWS_005,22.98,1010.05,76.2
2026-01-01 20:07:00,AWS_005,23.28,1010.15,75.05
2026-01-01 20:08:00,AWS_005,23.64,1008.88,74.03
2026-01-01 20:09:00,AWS_005,23.96,1011.13,76.72
2026-01-01 20:10:00,AWS_005,23.34,1008.96,70.97
2026-01-01 20:11:00,AWS_005,24.24,1010.4,76.49
2026-01-01 20:12:00,AWS_005,23.01,1011.38,73.16
2026-01-01 20:13:00,AWS_005,23.48,1011.54,69.92
2026-01-01 20:14:00,AWS_005,23.81,1009.19,79.32
2026-01-01 20:15:00,AWS_005,23.71,1010.15,75.05
2026-01-01 20:16:00,AWS_005,23.86,1010.9,76.49
2026-01-01 20:17:00,AWS_005,23.73,1009.95,77.07
2026-01-01 20:18:00,AWS_005,23.95,1011.13,73.04
2026-01-01 20:19:00,AWS_005,23.61,1008.63,74.34
2026-01-01 20:20:00,AWS_005,23.6,1010.38,74.76
2026-01-01 20:21:00,AWS_005,23.4,1010.61,73.39
2026-01-01 20:22:00,AWS_005,24.61,1009.32,77.15
2026-01-01 20:23:00,AWS_005,23.73,1010.87,77.4
2026-01-01 20:24:00,AWS_005,23.94,1009.4,74.45
2026-01-01 20:25:00,AWS_005,23.7,1011.51,75.68
2026-01-01 20:26:00,AWS_005,24.43,1009.95,76.36
2026-01-01 20:27:00,AWS_005,23.8,1010.07,75.18
2026-01-01 20:28:00,AWS_005,23.95,1009.37,73.43
2026-01-01 20:29:00,AWS_005,23.49,1009.9,69.59
2026-01-01 20:30:00,AWS_005,24.55,1009.61,74.71
2026-01-01 20:31:00,AWS_005,23.95,1010.41,76.08
2026-01-01 20:32:00,AWS_005,24.59,1010.37,72.57
2026-01-01 20:33:00,AWS_005,23.65,1010.08,74.77
2026-01-01 20:34:00,AWS_005,23.73,1010.28,75.28
2026-01-01 20:35:00,AWS_005,23.7,1009.26,75.26
2026-01-01 20:36:00,AWS_005,23.82,1009.3,74.58
2026-01-01 20:37:00,AWS_005,24.21,1011.09,72.29
2026-01-01 20:38:00,AWS_005,23.14,1009.52,76.67
2026-01-01 20:39:00,AWS_005,23.95,1010.34,74.14
2026-01-01 20:40:00,AWS_005,23.67,1008.26,73.12
2026-01-01 20:41:00,AWS_005,23.64,1010.43,70.88
2026-01-01 20:42:00,AWS_005,24.2,1011.01,74.93
2026-01-01 20:43:00,AWS_005,24.15,1010.17,79.0
2026-01-01 20:44:00,AWS_005,24.39,1010.2,73.59
2026-01-01 20:45:00,AWS_005,24.21,1011.31,73.05
2026-01-01 20:46:00,AWS_005,24.14,1010.28,73.96
2026-01-01 20:47:00,AWS_005,23.86,1009.5,73.8
2026-01-01 20:48:00,AWS_005,23.73,1009.68,73.18
2026-01-01 20:49:00,AWS_005,24.35,1009.54,78.03
2026-01-01 20:50:00,AWS_005,24.03,1010.8,73.94
2026-01-01 20:51:00,AWS_005,24.3,1011.04,71.21
2026-01-01 20:52:00,AWS_005,24.16,1010.86,71.42
2026-01-01 20:53:00,AWS_005,23.36,1009.41,76.02
2026-01-01 20:54:00,AWS_005,24.38,1010.04,74.27
2026-01-01 20:55:00,AWS_005,23.95,1010.54,72.97
2026-01-01 20:56:00,AWS_005,24.56,1009.04,72.76
2026-01-01 20:57:00,AWS_005,23.49,1010.69,74.99
2026-01-01 20:58:00,AWS_005,25.01,1010.64,71.98
2026-01-01 20:59:00,AWS_005,24.03,1010.43,73.22
2026-01-01 21:00:00,AWS_005,24.47,1010.6,74.94
2026-01-01 21:01:00,AWS_005,24.01,1009.86,71.96
2026-01-01 21:02:00,AWS_005,24.08,1009.25,75.95
2026-01-01 21:03:00,AWS_005,24.6,1010.85,70.1
2026-01-01 21:04:00,AWS_005,24.26,1009.94,73.41
2026-01-01 21:05:00,AWS_005,24.3,1009.48,73.45
2026-01-01 21:06:00,AWS_005,24.71,1009.99,69.01
2026-01-01 21:07:00,AWS_005,24.46,1009.98,71.74
2026-01-01 21:08:00,AWS_005,24.58,1009.5,74.38
2026-01-01 21:09:00,AWS_005,24.17,1010.3,71.7
2026-01-01 21:10:00,AWS_005,24.7,1011.39,72.58
2026-01-01 21:11:00,AWS_005,24.5,1008.85,72.26
2026-01-01 21:12:00,AWS_005,24.64,1008.87,74.98
2026-01-01 21:13:00,AWS_005,24.63,1010.82,73.68
2026-01-01 21:14:00,AWS_005,24.95,1010.46,72.05
2026-01-01 21:15:00,AWS_005,24.72,1011.15,71.48
2026-01-01 21:16:00,AWS_005,24.07,1011.32,74.61
2026-01-01 21:17:00,AWS_005,24.31,1010.42,73.12
2026-01-01 21:18:00,AWS_005,24.66,1008.88,74.81
2026-01-01 21:19:00,AWS_005,24.74,1010.07,73.99
2026-01-01 21:20:00,AWS_005,24.07,1009.5,66.18
2026-01-01 21:21:00,AWS_005,24.22,1010.17,74.82
2026-01-01 21:22:00,AWS_005,25.07,1009.18,72.88
2026-01-01 21:23:00,AWS_005,25.44,1010.19,73.08
2026-01-01 21:24:00,AWS_005,24.01,1010.33,68.54
2026-01-01 21:25:00,AWS_005,24.79,1009.97,71.54
2026-01-01 21:26:00,AWS_005,24.72,1010.08,72.59
2026-01-01 21:27:00,AWS_005,25.12,1010.32,69.86
2026-01-01 21:28:00,AWS_005,24.94,1009.12,75.04
2026-01-01 21:29:00,AWS_005,25.09,1009.96,73.84
2026-01-01 21:30:00,AWS_005,23.86,1009.65,71.5
2026-01-01 21:31:00,AWS_005,24.79,1010.6,75.89
2026-01-01 21:32:00,AWS_005,24.44,1010.32,72.96
2026-01-01 21:33:00,AWS_005,24.47,1009.23,74.92
2026-01-01 21:34:00,AWS_005,24.35,1010.24,70.51
2026-01-01 21:35:00,AWS_005,24.95,1010.77,73.05
2026-01-01 21:36:00,AWS_005,25.01,1009.98,74.74
2026-01-01 21:37:00,AWS_005,25.15,1009.39,74.38
2026-01-01 21:38:00,AWS_005,24.75,1008.78,73.99
2026-01-01 21:39:00,AWS_005,25.48,1008.05,74.41
2026-01-01 21:40:00,AWS_005,24.57,1010.51,74.94
2026-01-01 21:41:00,AWS_005,24.39,1008.52,67.22
2026-01-01 21:42:00,AWS_005,25.07,1008.78,70.94
2026-01-01 21:43:00,AWS_005,24.73,1009.67,68.27
2026-01-01 21:44:00,AWS_005,25.23,1009.83,68.25
2026-01-01 21:45:00,AWS_005,24.77,1010.75,70.62
2026-01-01 21:46:00,AWS_005,24.82,1009.86,70.77
2026-01-01 21:47:00,AWS_005,24.81,1009.34,74.3
2026-01-01 21:48:00,AWS_005,24.8,1009.33,69.15
2026-01-01 21:49:00,AWS_005,25.11,1008.32,71.85
2026-01-01 21:50:00,AWS_005,25.22,1010.68,74.64
2026-01-01 21:51:00,AWS_005,24.85,1010.23,71.1
2026-01-01 21:52:00,AWS_005,24.7,1009.73,75.26
2026-01-01 21:53:00,AWS_005,25.38,1010.65,67.56
2026-01-01 21:54:00,AWS_005,25.36,1010.35,69.57
2026-01-01 21:55:00,AWS_005,25.51,1009.92,74.31
2026-01-01 21:56:00,AWS_005,24.82,1009.45,69.83
2026-01-01 21:57:00,AWS_005,24.93,1009.5,70.66
2026-01-01 21:58:00,AWS_005,25.61,1008.28,74.43
2026-01-01 21:59:00,AWS_005,25.65,1010.31,72.37
2026-01-01 22:00:00,AWS_005,25.15,1009.29,67.71
2026-01-01 22:01:00,AWS_005,24.95,1010.29,72.19
2026-01-01 22:02:00,AWS_005,25.07,1010.01,69.5
2026-01-01 22:03:00,AWS_005,24.99,1009.5,69.88
2026-01-01 22:04:00,AWS_005,25.71,1010.08,70.63
2026-01-01 22:05:00,AWS_005,25.7,1008.78,69.61
2026-01-01 22:06:00,AWS_005,25.46,1008.21,71.71
2026-01-01 22:07:00,AWS_005,25.18,1009.26,68.94
2026-01-01 22:08:00,AWS_005,25.12,1009.73,71.24
2026-01-01 22:09:00,AWS_005,25.24,1010.05,72.1
2026-01-01 22:10:00,AWS_005,25.15,1009.43,70.41
2026-01-01 22:11:00,AWS_005,25.62,1008.63,70.63
2026-01-01 22:12:00,AWS_005,25.85,1010.38,70.63
2026-01-01 22:13:00,AWS_005,25.88,1009.05,70.66
2026-01-01 22:14:00,AWS_005,25.23,1009.63,70.15
2026-01-01 22:15:00,AWS_005,25.36,1009.72,70.0
2026-01-01 22:16:00,AWS_005,25.4,1009.36,70.02
2026-01-01 22:17:00,AWS_005,26.05,1007.74,70.59
2026-01-01 22:18:00,AWS_005,25.13,1008.75,69.3
2026-01-01 22:19:00,AWS_005,25.68,1009.66,69.83
2026-01-01 22:20:00,AWS_005,25.35,1010.53,72.05
2026-01-01 22:21:00,AWS_005,25.65,1009.81,74.04
2026-01-01 22:22:00,AWS_005,26.02,1009.65,74.9
2026-01-01 22:23:00,AWS_005,25.63,1007.66,70.2
2026-01-01 22:24:00,AWS_005,25.48,1010.08,67.82
2026-01-01 22:25:00,AWS_005,26.1,1009.97,69.35
2026-01-01 22:26:00,AWS_005,25.87,1009.68,70.08
2026-01-01 22:27:00,AWS_005,26.03,1009.43,71.9
2026-01-01 22:28:00,AWS_005,25.97,1009.61,68.25
2026-01-01 22:29:00,AWS_005,25.4,1010.18,69.39
2026-01-01 22:30:00,AWS_005,26.42,1009.15,67.57
2026-01-01 22:31:00,AWS_005,25.84,1009.48,72.88
2026-01-01 22:32:00,AWS_005,26.28,1008.93,70.58
2026-01-01 22:33:00,AWS_005,25.82,1009.17,68.74
2026-01-01 22:34:00,AWS_005,26.21,1009.25,69.53
2026-01-01 22:35:00,AWS_005,26.41,1009.64,66.65
2026-01-01 22:36:00,AWS_005,26.38,1008.74,70.21
2026-01-01 22:37:00,AWS_005,26.09,1009.03,70.02
2026-01-01 22:38:00,AWS_005,25.93,1009.38,65.66
2026-01-01 22:39:00,AWS_005,25.52,1009.01,67.69
2026-01-01 22:40:00,AWS_005,25.61,1009.23,68.51
2026-01-01 22:41:00,AWS_005,26.57,1008.14,68.48
2026-01-01 22:42:00,AWS_005,25.82,1009.53,67.99
2026-01-01 22:43:00,AWS_005,26.49,1008.59,69.21
2026-01-01 22:44:00,AWS_005,26.55,1007.96,71.7
2026-01-01 22:45:00,AWS_005,26.39,1009.29,69.82
2026-01-01 22:46:00,AWS_005,26.39,1009.32,71.16
2026-01-01 22:47:00,AWS_005,25.78,1009.39,69.49
2026-01-01 22:48:00,AWS_005,25.73,1009.39,68.07
2026-01-01 22:49:00,AWS_005,26.03,1009.36,68.3
2026-01-01 22:50:00,AWS_005,26.97,1010.19,70.21
2026-01-01 22:51:00,AWS_005,26.88,1009.68,69.64
2026-01-01 22:52:00,AWS_005,26.37,1009.75,71.17
2026-01-01 22:53:00,AWS_005,26.89,1009.45,68.47
2026-01-01 22:54:00,AWS_005,26.02,1009.67,65.62
2026-01-01 22:55:00,AWS_005,26.27,1008.63,67.97
2026-01-01 22:56:00,AWS_005,27.07,1009.48,65.32
2026-01-01 22:57:00,AWS_005,27.3,1009.89,67.99
2026-01-01 22:58:00,AWS_005,26.79,1008.78,65.86
2026-01-01 22:59:00,AWS_005,25.86,1010.04,67.97
2026-01-01 23:00:00,AWS_005,27.06,1008.66,68.4
2026-01-01 23:01:00,AWS_005,26.44,1009.3,67.81
2026-01-01 23:02:00,AWS_005,26.85,1008.1,67.45
2026-01-01 23:03:00,AWS_005,26.62,1009.55,67.19
2026-01-01 23:04:00,AWS_005,27.01,1009.88,70.17
2026-01-01 23:05:00,AWS_005,26.65,1008.87,68.42
2026-01-01 23:06:00,AWS_005,27.74,1007.81,64.76
2026-01-01 23:07:00,AWS_005,27.06,1008.9,68.02
2026-01-01 23:08:00,AWS_005,26.19,1008.15,70.73
2026-01-01 23:09:00,AWS_005,26.04,1008.93,66.73
2026-01-01 23:10:00,AWS_005,26.07,1009.51,66.83
2026-01-01 23:11:00,AWS_005,26.99,1009.21,68.81
2026-01-01 23:12:00,AWS_005,27.16,1007.58,65.78
2026-01-01 23:13:00,AWS_005,25.75,1008.56,65.08
2026-01-01 23:14:00,AWS_005,27.31,1008.97,64.26
2026-01-01 23:15:00,AWS_005,26.98,1009.91,68.7
2026-01-01 23:16:00,AWS_005,27.51,1008.67,69.03
2026-01-01 23:17:00,AWS_005,26.5,1009.18,66.07
2026-01-01 23:18:00,AWS_005,27.02,1008.91,64.88
2026-01-01 23:19:00,AWS_005,27.04,1008.3,68.88
2026-01-01 23:20:00,AWS_005,26.64,1008.39,66.83
2026-01-01 23:21:00,AWS_005,26.46,1008.59,63.02
2026-01-01 23:22:00,AWS_005,27.36,1009.76,67.72
2026-01-01 23:23:00,AWS_005,27.1,1008.11,67.51
2026-01-01 23:24:00,AWS_005,27.19,1008.58,69.65
2026-01-01 23:25:00,AWS_005,27.6,1008.23,68.5
2026-01-01 23:26:00,AWS_005,27.06,1009.75,68.57
2026-01-01 23:27:00,AWS_005,27.22,1009.0,64.97
2026-01-01 23:28:00,AWS_005,27.26,1009.78,63.96
2026-01-01 23:29:00,AWS_005,27.29,1006.55,67.64
2026-01-01 23:30:00,AWS_005,26.6,1009.41,66.6
2026-01-01 23:31:00,AWS_005,27.18,1007.94,67.81
2026-01-01 23:32:00,AWS_005,27.67,1008.18,66.71
2026-01-01 23:33:00,AWS_005,27.18,1008.49,69.3
2026-01-01 23:34:00,AWS_005,27.06,1008.62,65.5
2026-01-01 23:35:00,AWS_005,27.66,1008.61,66.39
2026-01-01 23:36:00,AWS_005,27.3,1008.05,64.99
2026-01-01 23:37:00,AWS_005,27.06,1008.52,64.45
2026-01-01 23:38:00,AWS_005,26.99,1008.52,68.8
2026-01-01 23:39:00,AWS_005,27.34,1007.27,65.87
2026-01-01 23:40:00,AWS_005,27.11,1008.86,70.98
2026-01-01 23:41:00,AWS_005,27.76,1008.58,63.31
2026-01-01 23:42:00,AWS_005,27.12,1008.72,66.14
2026-01-01 23:43:00,AWS_005,27.56,1008.16,66.21
2026-01-01 23:44:00,AWS_005,27.63,1008.57,68.33
2026-01-01 23:45:00,AWS_005,27.74,1006.8,64.02
2026-01-01 23:46:00,AWS_005,28.14,1008.1,64.54
2026-01-01 23:47:00,AWS_005,26.99,1008.16,62.85
2026-01-01 23:48:00,AWS_005,27.8,1008.47,68.56
2026-01-01 23:49:00,AWS_005,27.82,1008.48,62.13
2026-01-01 23:50:00,AWS_005,27.16,1009.26,65.77
2026-01-01 23:51:00,AWS_005,27.72,1007.6,70.47
2026-01-01 23:52:00,AWS_005,27.47,1009.05,67.69
2026-01-01 23:53:00,AWS_005,28.22,1010.07,67.83
2026-01-01 23:54:00,AWS_005,27.46,1008.07,68.74
2026-01-01 23:55:00,AWS_005,27.62,1009.04,65.61
2026-01-01 23:56:00,AWS_005,27.58,1009.59,65.54
2026-01-01 23:57:00,AWS_005,27.41,1009.56,65.15
2026-01-01 23:58:00,AWS_005,27.15,1008.19,64.95
2026-01-01 23:59:00,AWS_005,27.46,1009.28,63.83
2026-01-02 00:00:00,AWS_005,27.87,1009.1,67.77
2026-01-02 00:01:00,AWS_005,27.95,1009.36,63.89
2026-01-02 00:02:00,AWS_005,28.18,1008.94,64.33
2026-01-02 00:03:00,AWS_005,28.3,1009.32,62.19
2026-01-02 00:04:00,AWS_005,28.06,1008.19,66.45
2026-01-02 00:05:00,AWS_005,28.24,1008.0,67.92
2026-01-02 00:06:00,AWS_005,28.16,1006.61,60.22
2026-01-02 00:07:00,AWS_005,27.53,1008.01,67.73
2026-01-02 00:08:00,AWS_005,28.14,1008.09,66.06
2026-01-02 00:09:00,AWS_005,28.02,1006.89,67.07
2026-01-02 00:10:00,AWS_005,27.81,1008.36,65.22
2026-01-02 00:11:00,AWS_005,28.06,1009.17,65.63
2026-01-02 00:12:00,AWS_005,28.22,1007.57,65.04
2026-01-02 00:13:00,AWS_005,28.02,1009.79,62.32
2026-01-02 00:14:00,AWS_005,28.52,1008.58,64.03
2026-01-02 00:15:00,AWS_005,28.28,1008.95,63.24
2026-01-02 00:16:00,AWS_005,28.51,1008.23,66.33
2026-01-02 00:17:00,AWS_005,28.69,1007.55,63.57
2026-01-02 00:18:00,AWS_005,28.05,1008.68,65.04
2026-01-02 00:19:00,AWS_005,28.05,1008.85,61.83
2026-01-02 00:20:00,AWS_005,28.71,1008.1,67.64
2026-01-02 00:21:00,AWS_005,27.96,1008.43,64.42
2026-01-02 00:22:00,AWS_005,28.26,1008.21,61.14
2026-01-02 00:23:00,AWS_005,28.12,1007.69,65.82
2026-01-02 00:24:00,AWS_005,27.94,1008.46,64.25
2026-01-02 00:25:00,AWS_005,28.56,1007.63,65.28
2026-01-02 00:26:00,AWS_005,28.27,1008.79,69.94
2026-01-02 00:27:00,AWS_005,28.03,1010.03,65.88
2026-01-02 00:28:00,AWS_005,28.79,1009.04,65.73
2026-01-02 00:29:00,AWS_005,27.92,1008.01,62.78
2026-01-02 00:30:00,AWS_005,28.41,1008.43,63.65
2026-01-02 00:31:00,AWS_005,28.85,1009.04,62.67
2026-01-02 00:32:00,AWS_005,28.88,1008.05,60.71
2026-01-02 00:33:00,AWS_005,28.7,1008.57,62.42
2026-01-02 00:34:00,AWS_005,28.2,1008.69,65.5
2026-01-02 00:35:00,AWS_005,28.64,1008.31,63.94
2026-01-02 00:36:00,AWS_005,28.74,1008.25,60.79
2026-01-02 00:37:00,AWS_005,28.44,1008.93,62.86
2026-01-02 00:38:00,AWS_005,28.79,1009.46,61.45
2026-01-02 00:39:00,AWS_005,28.07,1008.0,63.9
2026-01-02 00:40:00,AWS_005,27.98,1009.05,61.55
2026-01-02 00:41:00,AWS_005,28.45,1006.86,61.75
2026-01-02 00:42:00,AWS_005,29.0,1008.43,60.24
2026-01-02 00:43:00,AWS_005,29.09,1006.29,66.09
2026-01-02 00:44:00,AWS_005,28.26,1007.41,62.61
2026-01-02 00:45:00,AWS_005,29.38,1007.19,62.43
2026-01-02 00:46:00,AWS_005,28.85,1009.32,63.27
2026-01-02 00:47:00,AWS_005,28.21,1007.77,63.37
2026-01-02 00:48:00,AWS_005,28.98,1007.95,61.13
2026-01-02 00:49:00,AWS_005,29.39,1007.8,62.93
2026-01-02 00:50:00,AWS_005,28.7,1006.82,62.59
2026-01-02 00:51:00,AWS_005,29.31,1008.19,64.39
2026-01-02 00:52:00,AWS_005,29.52,1008.02,63.8
2026-01-02 00:53:00,AWS_005,28.98,1007.3,62.23
2026-01-02 00:54:00,AWS_005,28.68,1009.04,62.25
2026-01-02 00:55:00,AWS_005,29.47,1009.01,61.72
2026-01-02 00:56:00,AWS_005,29.49,1006.91,62.31
2026-01-02 00:57:00,AWS_005,28.54,1007.36,61.98
2026-01-02 00:58:00,AWS_005,29.03,1008.28,62.31
2026-01-02 00:59:00,AWS_005,29.38,1007.52,59.01
2026-01-02 01:00:00,AWS_005,29.42,1007.71,60.61
2026-01-02 01:01:00,AWS_005,29.01,1007.06,64.72
2026-01-02 01:02:00,AWS_005,28.77,1007.06,60.47
2026-01-02 01:03:00,AWS_005,29.8,1007.44,61.46
2026-01-02 01:04:00,AWS_005,29.23,1007.96,62.11
2026-01-02 01:05:00,AWS_005,29.14,1008.0,61.3
2026-01-02 01:06:00,AWS_005,29.0,1007.18,60.46
2026-01-02 01:07:00,AWS_005,29.18,1006.91,63.38
2026-01-02 01:08:00,AWS_005,28.65,1006.82,59.42
2026-01-02 01:09:00,AWS_005,29.7,1008.6,57.32
2026-01-02 01:10:00,AWS_005,29.21,1009.5,63.97
2026-01-02 01:11:00,AWS_005,28.5,1008.13,58.76
2026-01-02 01:12:00,AWS_005,28.97,1005.73,62.74
2026-01-02 01:13:00,AWS_005,29.76,1008.23,60.47
2026-01-02 01:14:00,AWS_005,29.34,1008.71,64.2
2026-01-02 01:15:00,AWS_005,29.11,1007.24,60.65
2026-01-02 01:16:00,AWS_005,29.5,1008.45,60.01
2026-01-02 01:17:00,AWS_005,29.34,1008.6,62.82
2026-01-02 01:18:00,AWS_005,29.53,1008.76,63.47
2026-01-02 01:19:00,AWS_005,29.63,1007.25,64.18
2026-01-02 01:20:00,AWS_005,29.2,1007.77,55.87
2026-01-02 01:21:00,AWS_005,29.32,1007.85,56.89
2026-01-02 01:22:00,AWS_005,29.27,1008.75,58.62
2026-01-02 01:23:00,AWS_005,29.3,1007.36,58.51
2026-01-02 01:24:00,AWS_005,29.36,1008.43,59.71
2026-01-02 01:25:00,AWS_005,29.51,1007.89,60.75
2026-01-02 01:26:00,AWS_005,29.4,1008.43,60.99
2026-01-02 01:27:00,AWS_005,29.73,1008.26,61.66
2026-01-02 01:28:00,AWS_005,29.56,1007.12,59.11
2026-01-02 01:29:00,AWS_005,29.43,1007.85,60.28
2026-01-02 01:30:00,AWS_005,28.96,1007.07,60.28
2026-01-02 01:31:00,AWS_005,29.39,1007.6,60.39
2026-01-02 01:32:00,AWS_005,29.62,1009.01,59.3
2026-01-02 01:33:00,AWS_005,30.17,1007.26,60.69
2026-01-02 01:34:00,AWS_005,29.78,1007.1,58.14
2026-01-02 01:35:00,AWS_005,29.22,1007.44,63.61
2026-01-02 01:36:00,AWS_005,29.89,1008.12,58.36
2026-01-02 01:37:00,AWS_005,29.69,1008.1,60.86
2026-01-02 01:38:00,AWS_005,30.12,1007.85,59.37
2026-01-02 01:39:00,AWS_005,29.32,1006.91,58.99
2026-01-02 01:40:00,AWS_005,30.41,1007.34,56.9
2026-01-02 01:41:00,AWS_005,30.13,1008.66,58.8
2026-01-02 01:42:00,AWS_005,29.88,1006.31,59.35
2026-01-02 01:43:00,AWS_005,29.37,1007.72,58.63
2026-01-02 01:44:00,AWS_005,29.42,1007.33,61.09
2026-01-02 01:45:00,AWS_005,30.3,1007.87,63.04
2026-01-02 01:46:00,AWS_005,30.37,1007.6,59.5
2026-01-02 01:47:00,AWS_005,30.48,1006.28,60.62
2026-01-02 01:48:00,AWS_005,30.75,1007.94,62.03
2026-01-02 01:49:00,AWS_005,30.4,1006.68,57.37
2026-01-02 01:50:00,AWS_005,30.29,1006.51,63.0
2026-01-02 01:51:00,AWS_005,31.1,1007.49,56.77
2026-01-02 01:52:00,AWS_005,29.94,1007.11,59.36
2026-01-02 01:53:00,AWS_005,30.14,1006.79,60.67
2026-01-02 01:54:00,AWS_005,29.58,1007.11,62.37
2026-01-02 01:55:00,AWS_005,30.47,1006.83,59.21
2026-01-02 01:56:00,AWS_005,30.16,1008.64,59.39
2026-01-02 01:57:00,AWS_005,30.01,1007.65,62.4
2026-01-02 01:58:00,AWS_005,30.04,1007.26,56.08
2026-01-02 01:59:00,AWS_005,29.98,1007.99,57.03
2026-01-02 02:00:00,AWS_005,30.25,1007.22,56.55
2026-01-02 02:01:00,AWS_005,29.76,1007.16,56.79
2026-01-02 02:02:00,AWS_005,29.81,1008.1,57.06
2026-01-02 02:03:00,AWS_005,29.93,1006.79,61.33
2026-01-02 02:04:00,AWS_005,30.14,1006.52,61.86
2026-01-02 02:05:00,AWS_005,30.22,1007.86,59.54
2026-01-02 02:06:00,AWS_005,29.61,1007.45,60.69
2026-01-02 02:07:00,AWS_005,30.24,1007.44,60.32
2026-01-02 02:08:00,AWS_005,30.13,1007.02,58.64
2026-01-02 02:09:00,AWS_005,30.8,1007.77,60.45
2026-01-02 02:10:00,AWS_005,30.14,1006.19,60.07
2026-01-02 02:11:00,AWS_005,30.92,1005.73,59.8
2026-01-02 02:12:00,AWS_005,31.24,1006.95,58.64
2026-01-02 02:13:00,AWS_005,31.02,1007.77,58.8
2026-01-02 02:14:00,AWS_005,30.18,1008.25,58.04
2026-01-02 02:15:00,AWS_005,30.8,1007.68,54.81
2026-01-02 02:16:00,AWS_005,30.23,1006.5,58.16
2026-01-02 02:17:00,AWS_005,30.3,1006.5,58.35
2026-01-02 02:18:00,AWS_005,30.34,1008.19,56.41
2026-01-02 02:19:00,AWS_005,30.72,1007.94,57.2
2026-01-02 02:20:00,AWS_005,30.33,1007.64,59.52
2026-01-02 02:21:00,AWS_005,30.72,1007.93,59.83
2026-01-02 02:22:00,AWS_005,31.22,1007.32,54.71
2026-01-02 02:23:00,AWS_005,30.3,1007.01,56.6
2026-01-02 02:24:00,AWS_005,30.11,1007.04,59.54
2026-01-02 02:25:00,AWS_005,30.52,1007.67,55.37
2026-01-02 02:26:00,AWS_005,31.36,1007.34,57.6
2026-01-02 02:27:00,AWS_005,31.08,1005.57,55.33
2026-01-02 02:28:00,AWS_005,30.48,1007.84,56.0
2026-01-02 02:29:00,AWS_005,30.42,1007.6,58.44
2026-01-02 02:30:00,AWS_005,30.99,1007.38,58.95
2026-01-02 02:31:00,AWS_005,30.92,1008.24,59.75
2026-01-02 02:32:00,AWS_005,31.14,1006.46,63.21
2026-01-02 02:33:00,AWS_005,30.45,1006.24,57.19
2026-01-02 02:34:00,AWS_005,30.89,1007.49,57.25
2026-01-02 02:35:00,AWS_005,31.3,1006.48,60.05
2026-01-02 02:36:00,AWS_005,31.41,1008.41,59.7
2026-01-02 02:37:00,AWS_005,30.48,1006.51,58.5
2026-01-02 02:38:00,AWS_005,30.96,1006.48,56.6
2026-01-02 02:39:00,AWS_005,30.9,1006.73,58.81
2026-01-02 02:40:00,AWS_005,30.69,1006.8,56.11
2026-01-02 02:41:00,AWS_005,30.75,1006.74,55.93
2026-01-02 02:42:00,AWS_005,31.29,1006.81,57.76
2026-01-02 02:43:00,AWS_005,30.77,1006.73,61.3
2026-01-02 02:44:00,AWS_005,31.05,1005.76,56.56
2026-01-02 02:45:00,AWS_005,31.31,1007.4,57.21
2026-01-02 02:46:00,AWS_005,31.83,1006.64,53.9
2026-01-02 02:47:00,AWS_005,31.26,1006.86,55.2
2026-01-02 02:48:00,AWS_005,31.45,1006.0,57.7
2026-01-02 02:49:00,AWS_005,31.28,1005.75,57.89
2026-01-02 02:50:00,AWS_005,31.11,1006.88,60.77
2026-01-02 02:51:00,AWS_005,31.12,1008.19,54.76
2026-01-02 02:52:00,AWS_005,31.18,1008.16,57.09
2026-01-02 02:53:00,AWS_005,30.39,1006.21,55.87
2026-01-02 02:54:00,AWS_005,31.13,1006.33,57.31
2026-01-02 02:55:00,AWS_005,31.45,1007.05,55.63
2026-01-02 02:56:00,AWS_005,30.99,1004.78,53.2
2026-01-02 02:57:00,AWS_005,31.89,1006.43,57.91
2026-01-02 02:58:00,AWS_005,31.37,1007.07,55.1
2026-01-02 02:59:00,AWS_005,31.28,1006.7,56.08
2026-01-02 03:00:00,AWS_005,31.69,1005.36,56.65
2026-01-02 03:01:00,AWS_005,31.59,1005.41,56.43
2026-01-02 03:02:00,AWS_005,31.83,1005.72,50.5
2026-01-02 03:03:00,AWS_005,31.93,1006.79,53.22
2026-01-02 03:04:00,AWS_005,32.0,1006.18,55.81
2026-01-02 03:05:00,AWS_005,31.61,1008.08,60.94
2026-01-02 03:06:00,AWS_005,31.03,1005.76,54.43
2026-01-02 03:07:00,AWS_005,31.36,1007.8,55.51
2026-01-02 03:08:00,AWS_005,32.13,1005.85,58.91
2026-01-02 03:09:00,AWS_005,31.59,1008.82,57.6
2026-01-02 03:10:00,AWS_005,31.33,1007.33,57.0
2026-01-02 03:11:00,AWS_005,31.3,1005.01,56.36
2026-01-02 03:12:00,AWS_005,31.1,1007.75,52.28
2026-01-02 03:13:00,AWS_005,31.91,1006.4,52.89
2026-01-02 03:14:00,AWS_005,31.38,1007.51,54.18
2026-01-02 03:15:00,AWS_005,31.18,1006.75,55.18
2026-01-02 03:16:00,AWS_005,31.24,1006.46,58.36
2026-01-02 03:17:00,AWS_005,30.56,1006.54,55.97
2026-01-02 03:18:00,AWS_005,31.9,1005.8,54.6
2026-01-02 03:19:00,AWS_005,31.54,1006.37,55.28
2026-01-02 03:20:00,AWS_005,31.15,1005.68,58.56
2026-01-02 03:21:00,AWS_005,32.21,1006.33,56.03
2026-01-02 03:22:00,AWS_005,31.69,1006.86,57.08
2026-01-02 03:23:00,AWS_005,30.79,1007.54,54.74
2026-01-02 03:24:00,AWS_005,31.99,1007.87,51.82
2026-01-02 03:25:00,AWS_005,31.31,1006.67,56.95
2026-01-02 03:26:00,AWS_005,31.97,1005.77,56.25
2026-01-02 03:27:00,AWS_005,31.94,1006.62,57.51
2026-01-02 03:28:00,AWS_005,31.81,1006.52,55.71
2026-01-02 03:29:00,AWS_005,31.27,1007.7,60.35
2026-01-02 03:30:00,AWS_005,31.29,1007.34,53.6
2026-01-02 03:31:00,AWS_005,31.78,1006.82,53.27
2026-01-02 03:32:00,AWS_005,31.43,1007.84,55.05
2026-01-02 03:33:00,AWS_005,32.31,1006.21,54.79
2026-01-02 03:34:00,AWS_005,31.79,1007.11,54.96
2026-01-02 03:35:00,AWS_005,31.45,1006.2,55.13
2026-01-02 03:36:00,AWS_005,32.26,1006.21,54.65
2026-01-02 03:37:00,AWS_005,31.11,1004.93,54.17
2026-01-02 03:38:00,AWS_005,31.83,1006.66,53.25
2026-01-02 03:39:00,AWS_005,32.12,1006.67,56.31
2026-01-02 03:40:00,AWS_005,31.5,1006.45,57.55
2026-01-02 03:41:00,AWS_005,31.75,1006.92,61.73
2026-01-02 03:42:00,AWS_005,31.67,1007.34,55.85
2026-01-02 03:43:00,AWS_005,31.5,1006.52,57.34
2026-01-02 03:44:00,AWS_005,31.99,1007.01,55.49
2026-01-02 03:45:00,AWS_005,32.31,1006.82,56.43
2026-01-02 03:46:00,AWS_005,32.79,1007.38,54.85
2026-01-02 03:47:00,AWS_005,32.3,1006.93,54.39
2026-01-02 03:48:00,AWS_005,31.9,1007.96,54.46
2026-01-02 03:49:00,AWS_005,32.47,1006.7,58.7
2026-01-02 03:50:00,AWS_005,31.58,1005.73,58.44
2026-01-02 03:51:00,AWS_005,31.83,1007.49,53.18
2026-01-02 03:52:00,AWS_005,32.44,1006.98,55.82
2026-01-02 03:53:00,AWS_005,31.8,1006.84,54.27
2026-01-02 03:54:00,AWS_005,32.1,1005.22,58.35
2026-01-02 03:55:00,AWS_005,31.81,1007.64,52.37
2026-01-02 03:56:00,AWS_005,32.01,1007.24,56.99
2026-01-02 03:57:00,AWS_005,32.08,1006.68,54.89
2026-01-02 03:58:00,AWS_005,32.31,1004.15,50.95
2026-01-02 03:59:00,AWS_005,32.2,1006.14,58.48
2026-01-02 04:00:00,AWS_005,32.43,1007.94,51.15
2026-01-02 04:01:00,AWS_005,32.31,1006.78,52.54
2026-01-02 04:02:00,AWS_005,32.09,1005.42,52.07
2026-01-02 04:03:00,AWS_005,31.93,1005.94,57.13
2026-01-02 04:04:00,AWS_005,31.82,1006.06,53.29
2026-01-02 04:05:00,AWS_005,31.11,1007.27,52.15
2026-01-02 04:06:00,AWS_005,32.16,1005.16,55.68
2026-01-02 04:07:00,AWS_005,31.76,1007.2,52.21
2026-01-02 04:08:00,AWS_005,31.88,1006.98,55.34
2026-01-02 04:09:00,AWS_005,32.12,1008.13,55.11
2026-01-02 04:10:00,AWS_005,32.04,1006.76,54.86
2026-01-02 04:11:00,AWS_005,32.48,1005.33,50.44
2026-01-02 04:12:00,AWS_005,32.2,1006.28,56.63
2026-01-02 04:13:00,AWS_005,32.93,1005.52,57.22
2026-01-02 04:14:00,AWS_005,33.17,1006.61,56.16
2026-01-02 04:15:00,AWS_005,32.18,1007.69,55.76
2026-01-02 04:16:00,AWS_005,31.97,1005.6,53.87
2026-01-02 04:17:00,AWS_005,31.61,1007.03,57.65
2026-01-02 04:18:00,AWS_005,33.06,1005.78,51.4
2026-01-02 04:19:00,AWS_005,32.05,1005.03,49.61
2026-01-02 04:20:00,AWS_005,32.13,1007.54,56.62
2026-01-02 04:21:00,AWS_005,32.08,1006.44,50.6
2026-01-02 04:22:00,AWS_005,32.23,1006.64,56.28
2026-01-02 04:23:00,AWS_005,32.18,1006.93,51.22
2026-01-02 04:24:00,AWS_005,32.71,1004.87,55.32
2026-01-02 04:25:00,AWS_005,31.29,1006.01,52.54
2026-01-02 04:26:00,AWS_005,32.33,1004.9,54.78
2026-01-02 04:27:00,AWS_005,32.7,1005.79,56.8
2026-01-02 04:28:00,AWS_005,32.14,1007.12,52.28
2026-01-02 04:29:00,AWS_005,32.66,1006.55,57.25
2026-01-02 04:30:00,AWS_005,32.47,1005.69,53.95
2026-01-02 04:31:00,AWS_005,32.16,1006.2,54.13
2026-01-02 04:32:00,AWS_005,31.73,1006.05,56.25
2026-01-02 04:33:00,AWS_005,32.62,1006.41,56.48
2026-01-02 04:34:00,AWS_005,32.59,1005.66,53.7
2026-01-02 04:35:00,AWS_005,32.18,1006.05,50.75
2026-01-02 04:36:00,AWS_005,32.79,1006.26,53.9
2026-01-02 04:37:00,AWS_005,32.3,1006.48,50.77
2026-01-02 04:38:00,AWS_005,32.91,1006.3,53.58
2026-01-02 04:39:00,AWS_005,32.63,1004.81,53.04
2026-01-02 04:40:00,AWS_005,33.11,1005.11,50.84
2026-01-02 04:41:00,AWS_005,32.67,1006.61,51.94
2026-01-02 04:42:00,AWS_005,32.54,1005.9,56.24
2026-01-02 04:43:00,AWS_005,31.78,1005.74,53.02
2026-01-02 04:44:00,AWS_005,32.56,1005.88,52.74
2026-01-02 04:45:00,AWS_005,32.45,1005.88,54.71
2026-01-02 04:46:00,AWS_005,33.2,1004.66,56.9
2026-01-02 04:47:00,AWS_005,32.65,1007.45,52.44
2026-01-02 04:48:00,AWS_005,32.88,1005.97,55.93
2026-01-02 04:49:00,AWS_005,33.14,1006.06,53.57
2026-01-02 04:50:00,AWS_005,33.12,1006.11,57.42
2026-01-02 04:51:00,AWS_005,32.56,1006.81,55.67
2026-01-02 04:52:00,AWS_005,33.45,1006.58,52.79
2026-01-02 04:53:00,AWS_005,32.4,1005.96,54.06
2026-01-02 04:54:00,AWS_005,33.14,1005.32,51.89
2026-01-02 04:55:00,AWS_005,32.32,1007.0,53.81
2026-01-02 04:56:00,AWS_005,32.97,1006.05,51.81
2026-01-02 04:57:00,AWS_005,32.24,1006.47,52.07
2026-01-02 04:58:00,AWS_005,32.88,1005.12,55.78
2026-01-02 04:59:00,AWS_005,32.3,1006.5,53.88
2026-01-02 05:00:00,AWS_005,32.23,1004.83,54.14
2026-01-02 05:01:00,AWS_005,32.26,1005.65,52.4
2026-01-02 05:02:00,AWS_005,32.86,1006.07,52.76
2026-01-02 05:03:00,AWS_005,32.86,1007.34,52.66
2026-01-02 05:04:00,AWS_005,32.86,1006.47,52.18
2026-01-02 05:05:00,AWS_005,32.76,1007.09,52.09
2026-01-02 05:06:00,AWS_005,32.48,1006.3,51.6
2026-01-02 05:07:00,AWS_005,32.39,1005.04,50.56
2026-01-02 05:08:00,AWS_005,32.27,1005.03,53.16
2026-01-02 05:09:00,AWS_005,32.25,1006.52,51.39
2026-01-02 05:10:00,AWS_005,33.18,1005.1,56.61
2026-01-02 05:11:00,AWS_005,32.28,1004.66,50.6
2026-01-02 05:12:00,AWS_005,32.33,1005.11,52.45
2026-01-02 05:13:00,AWS_005,32.31,1006.1,54.72
2026-01-02 05:14:00,AWS_005,32.18,1005.24,48.96
2026-01-02 05:15:00,AWS_005,32.84,1006.87,54.78
2026-01-02 05:16:00,AWS_005,32.51,1006.2,51.57
2026-01-02 05:17:00,AWS_005,32.66,1006.01,51.05
2026-01-02 05:18:00,AWS_005,32.68,1006.16,54.37
2026-01-02 05:19:00,AWS_005,32.85,1006.33,54.59
2026-01-02 05:20:00,AWS_005,32.78,1006.33,50.97
2026-01-02 05:21:00,AWS_005,33.22,1005.18,52.5
2026-01-02 05:22:00,AWS_005,32.48,1006.83,55.58
2026-01-02 05:23:00,AWS_005,32.51,1006.32,52.27
2026-01-02 05:24:00,AWS_005,32.72,1005.49,51.14
2026-01-02 05:25:00,AWS_005,32.73,1006.42,52.89
2026-01-02 05:26:00,AWS_005,32.17,1004.73,52.94
2026-01-02 05:27:00,AWS_005,32.13,1006.47,52.61
2026-01-02 05:28:00,AWS_005,32.71,1006.01,54.01
2026-01-02 05:29:00,AWS_005,33.32,1004.06,51.82
2026-01-02 05:30:00,AWS_005,33.37,1007.37,54.36
2026-01-02 05:31:00,AWS_005,32.33,1004.72,52.36
2026-01-02 05:32:00,AWS_005,32.61,1006.22,50.21
2026-01-02 05:33:00,AWS_005,32.85,1006.88,56.26
2026-01-02 05:34:00,AWS_005,32.9,1003.65,49.99
2026-01-02 05:35:00,AWS_005,32.4,1005.92,54.73
2026-01-02 05:36:00,AWS_005,33.47,1006.44,52.74
2026-01-02 05:37:00,AWS_005,32.56,1006.62,53.1
2026-01-02 05:38:00,AWS_005,32.94,1006.69,51.31
2026-01-02 05:39:00,AWS_005,32.66,1006.45,52.08
2026-01-02 05:40:00,AWS_005,32.67,1005.44,54.64
2026-01-02 05:41:00,AWS_005,33.1,1006.07,50.82
2026-01-02 05:42:00,AWS_005,33.19,1007.3,52.03
2026-01-02 05:43:00,AWS_005,33.07,1006.7,55.15
2026-01-02 05:44:00,AWS_005,32.45,1005.15,51.86
2026-01-02 05:45:00,AWS_005,32.27,1006.53,53.08
2026-01-02 05:46:00,AWS_005,33.87,1006.75,53.24
2026-01-02 05:47:00,AWS_005,32.93,1004.96,51.28
2026-01-02 05:48:00,AWS_005,32.45,1005.64,53.86
2026-01-02 05:49:00,AWS_005,33.19,1005.42,52.87
2026-01-02 05:50:00,AWS_005,32.45,1006.38,51.41
2026-01-02 05:51:00,AWS_005,33.6,1005.31,54.27
2026-01-02 05:52:00,AWS_005,32.65,1005.13,53.3
2026-01-02 05:53:00,AWS_005,33.16,1006.5,52.87
2026-01-02 05:54:00,AWS_005,32.8,1004.65,52.38
2026-01-02 05:55:00,AWS_005,32.2,1005.76,50.07
2026-01-02 05:56:00,AWS_005,32.42,1005.02,52.7
2026-01-02 05:57:00,AWS_005,32.51,1006.47,48.56
2026-01-02 05:58:00,AWS_005,32.54,1005.1,54.48
2026-01-02 05:59:00,AWS_005,32.89,1005.61,50.69
2026-01-02 06:00:00,AWS_005,31.84,1003.67,54.08
2026-01-02 06:01:00,AWS_005,32.89,1005.57,50.2
2026-01-02 06:02:00,AWS_005,32.02,1005.43,50.41
2026-01-02 06:03:00,AWS_005,32.96,1005.62,51.52
2026-01-02 06:04:00,AWS_005,32.49,1006.6,56.73
2026-01-02 06:05:00,AWS_005,32.87,1006.03,52.13
2026-01-02 06:06:00,AWS_005,32.28,1005.86,56.36
2026-01-02 06:07:00,AWS_005,32.56,1004.95,53.93
2026-01-02 06:08:00,AWS_005,31.99,1007.24,52.49
2026-01-02 06:09:00,AWS_005,32.31,1004.05,53.36
2026-01-02 06:10:00,AWS_005,33.37,1004.56,53.68
2026-01-02 06:11:00,AWS_005,33.38,1004.9,53.9
2026-01-02 06:12:00,AWS_005,32.31,1005.66,55.67
2026-01-02 06:13:00,AWS_005,32.67,1005.53,53.19
2026-01-02 06:14:00,AWS_005,32.99,1004.89,54.25
2026-01-02 06:15:00,AWS_005,32.84,1005.63,56.94
2026-01-02 06:16:00,AWS_005,32.57,1006.41,49.89
2026-01-02 06:17:00,AWS_005,32.18,1005.52,52.8
2026-01-02 06:18:00,AWS_005,33.15,1004.46,54.64
2026-01-02 06:19:00,AWS_005,32.59,1005.38,50.27
2026-01-02 06:20:00,AWS_005,32.14,1004.8,51.1
2026-01-02 06:21:00,AWS_005,32.78,1004.33,51.17
2026-01-02 06:22:00,AWS_005,32.65,1005.48,53.82
2026-01-02 06:23:00,AWS_005,32.59,1004.72,54.11
2026-01-02 06:24:00,AWS_005,32.84,1005.17,51.3
2026-01-02 06:25:00,AWS_005,32.7,1005.77,53.93
2026-01-02 06:26:00,AWS_005,33.23,1005.68,51.78
2026-01-02 06:27:00,AWS_005,32.42,1006.38,55.59
2026-01-02 06:28:00,AWS_005,32.47,1004.04,54.11
2026-01-02 06:29:00,AWS_005,33.08,1005.24,54.57
2026-01-02 06:30:00,AWS_005,33.77,1006.21,56.28
2026-01-02 06:31:00,AWS_005,33.71,1004.05,54.49
2026-01-02 06:32:00,AWS_005,33.06,1005.25,51.98
2026-01-02 06:33:00,AWS_005,32.62,1005.54,53.37
2026-01-02 06:34:00,AWS_005,32.55,1004.5,50.51
2026-01-02 06:35:00,AWS_005,32.6,1004.83,50.93
2026-01-02 06:36:00,AWS_005,32.06,1004.41,54.34
2026-01-02 06:37:00,AWS_005,33.02,1005.58,56.5
2026-01-02 06:38:00,AWS_005,33.28,1003.35,55.31
2026-01-02 06:39:00,AWS_005,32.69,1004.74,53.86
2026-01-02 06:40:00,AWS_005,33.58,1004.77,50.18
2026-01-02 06:41:00,AWS_005,33.83,1006.06,53.46
2026-01-02 06:42:00,AWS_005,33.09,1004.08,51.19
2026-01-02 06:43:00,AWS_005,32.46,1006.36,53.99
2026-01-02 06:44:00,AWS_005,32.38,1005.92,50.57
2026-01-02 06:45:00,AWS_005,33.03,1006.15,53.56
2026-01-02 06:46:00,AWS_005,33.14,1004.97,52.21
2026-01-02 06:47:00,AWS_005,32.45,1004.97,53.42
2026-01-02 06:48:00,AWS_005,32.24,1004.67,52.2
2026-01-02 06:49:00,AWS_005,32.02,1005.76,50.14
2026-01-02 06:50:00,AWS_005,32.28,1005.01,55.33
2026-01-02 06:51:00,AWS_005,32.52,1004.64,52.7
2026-01-02 06:52:00,AWS_005,33.12,1004.99,52.44
2026-01-02 06:53:00,AWS_005,32.45,1005.57,53.04
2026-01-02 06:54:00,AWS_005,31.45,1004.26,52.02
2026-01-02 06:55:00,AWS_005,32.41,1004.5,52.03
2026-01-02 06:56:00,AWS_005,32.53,1006.34,56.23
2026-01-02 06:57:00,AWS_005,32.52,1004.52,53.53
2026-01-02 06:58:00,AWS_005,31.62,1006.4,52.51
2026-01-02 06:59:00,AWS_005,32.51,1004.82,50.07
2026-01-02 07:00:00,AWS_005,33.17,1004.15,52.38
2026-01-02 07:01:00,AWS_005,32.45,1006.33,51.48
2026-01-02 07:02:00,AWS_005,32.36,1006.62,52.59
2026-01-02 07:03:00,AWS_005,32.32,1004.75,56.49
2026-01-02 07:04:00,AWS_005,32.68,1006.09,56.33
2026-01-02 07:05:00,AWS_005,32.01,1005.29,52.96
2026-01-02 07:06:00,AWS_005,32.16,1005.33,52.12
2026-01-02 07:07:00,AWS_005,33.05,1005.45,54.66
2026-01-02 07:08:00,AWS_005,32.87,1005.21,55.76
2026-01-02 07:09:00,AWS_005,32.37,1005.27,53.0
2026-01-02 07:10:00,AWS_005,32.78,1005.19,57.6
2026-01-02 07:11:00,AWS_005,32.21,1004.72,52.49
2026-01-02 07:12:00,AWS_005,32.2,1004.61,52.87
2026-01-02 07:13:00,AWS_005,32.18,1004.25,53.29
2026-01-02 07:14:00,AWS_005,31.93,1003.65,52.95
2026-01-02 07:15:00,AWS_005,32.51,1005.08,51.34
2026-01-02 07:16:00,AWS_005,33.34,1004.48,55.2
2026-01-02 07:17:00,AWS_005,31.74,1003.84,53.1
2026-01-02 07:18:00,AWS_005,33.2,1004.48,58.0
2026-01-02 07:19:00,AWS_005,31.44,1004.71,55.25
2026-01-02 07:20:00,AWS_005,32.71,1004.69,54.37
2026-01-02 07:21:00,AWS_005,31.76,1006.24,57.61
2026-01-02 07:22:00,AWS_005,32.7,1004.64,55.2
2026-01-02 07:23:00,AWS_005,32.17,1006.27,55.15
2026-01-02 07:24:00,AWS_005,32.77,1004.51,52.46
2026-01-02 07:25:00,AWS_005,32.15,1005.49,53.34
2026-01-02 07:26:00,AWS_005,32.66,1004.3,55.83
2026-01-02 07:27:00,AWS_005,32.37,1006.47,55.48
2026-01-02 07:28:00,AWS_005,32.93,1006.07,52.67
2026-01-02 07:29:00,AWS_005,32.37,1005.69,58.57
2026-01-02 07:30:00,AWS_005,32.52,1006.66,53.5
2026-01-02 07:31:00,AWS_005,32.45,1005.77,56.28
2026-01-02 07:32:00,AWS_005,32.77,1005.42,54.48
2026-01-02 07:33:00,AWS_005,32.78,1003.98,54.89
2026-01-02 07:34:00,AWS_005,32.41,1003.18,53.32
2026-01-02 07:35:00,AWS_005,31.7,1004.02,54.42
2026-01-02 07:36:00,AWS_005,31.99,1003.7,50.94
2026-01-02 07:37:00,AWS_005,32.69,1004.41,56.27
2026-01-02 07:38:00,AWS_005,31.74,1005.92,55.58
2026-01-02 07:39:00,AWS_005,32.06,1004.19,57.83
2026-01-02 07:40:00,AWS_005,32.1,1004.66,54.28
2026-01-02 07:41:00,AWS_005,32.24,1005.07,52.16
2026-01-02 07:42:00,AWS_005,32.18,1005.1,57.16
2026-01-02 07:43:00,AWS_005,32.33,1004.55,53.66
2026-01-02 07:44:00,AWS_005,31.88,1005.97,47.05
2026-01-02 07:45:00,AWS_005,31.95,1005.03,55.24
2026-01-02 07:46:00,AWS_005,33.0,1005.14,56.13
2026-01-02 07:47:00,AWS_005,32.84,1006.98,56.72
2026-01-02 07:48:00,AWS_005,32.47,1006.39,52.5
2026-01-02 07:49:00,AWS_005,32.5,1005.01,55.35
2026-01-02 07:50:00,AWS_005,32.35,1005.43,55.52
2026-01-02 07:51:00,AWS_005,32.21,1004.25,55.61
2026-01-02 07:52:00,AWS_005,31.87,1003.31,53.21
2026-01-02 07:53:00,AWS_005,32.79,1005.52,55.14
2026-01-02 07:54:00,AWS_005,32.95,1004.12,56.69
2026-01-02 07:55:00,AWS_005,31.97,1005.42,50.72
2026-01-02 07:56:00,AWS_005,32.62,1006.68,54.48
2026-01-02 07:57:00,AWS_005,31.99,1003.46,56.53
2026-01-02 07:58:00,AWS_005,31.84,1003.13,57.78
2026-01-02 07:59:00,AWS_005,31.97,1004.21,57.68
2026-01-02 08:00:00,AWS_005,31.98,1005.59,56.5
2026-01-02 08:01:00,AWS_005,32.36,1005.94,58.37
2026-01-02 08:02:00,AWS_005,31.93,1005.58,56.61
2026-01-02 08:03:00,AWS_005,32.44,1005.16,50.04
2026-01-02 08:04:00,AWS_005,31.79,1004.94,53.81
2026-01-02 08:05:00,AWS_005,32.05,1005.02,57.59
2026-01-02 08:06:00,AWS_005,31.61,1005.86,53.75
2026-01-02 08:07:00,AWS_005,31.53,1004.4,57.4
2026-01-02 08:08:00,AWS_005,32.19,1004.94,56.37
2026-01-02 08:09:00,AWS_005,32.07,1003.98,58.62
2026-01-02 08:10:00,AWS_005,31.83,1005.19,54.01
2026-01-02 08:11:00,AWS_005,31.63,1004.91,51.24
2026-01-02 08:12:00,AWS_005,31.53,1006.96,54.51
2026-01-02 08:13:00,AWS_005,32.12,1003.71,52.12
2026-01-02 08:14:00,AWS_005,31.69,1005.63,54.07
2026-01-02 08:15:00,AWS_005,32.61,1004.47,49.44
2026-01-02 08:16:00,AWS_005,32.02,1005.54,55.09
2026-01-02 08:17:00,AWS_005,32.15,1005.47,55.95
2026-01-02 08:18:00,AWS_005,32.49,1004.64,56.09
2026-01-02 08:19:00,AWS_005,31.58,1004.04,57.12
2026-01-02 08:20:00,AWS_005,32.08,1004.01,55.81
2026-01-02 08:21:00,AWS_005,32.09,1004.94,53.91
2026-01-02 08:22:00,AWS_005,31.67,1004.27,57.74
2026-01-02 08:23:00,AWS_005,31.25,1004.66,56.69
2026-01-02 08:24:00,AWS_005,30.99,1003.85,55.16
2026-01-02 08:25:00,AWS_005,31.47,1005.25,55.11
2026-01-02 08:26:00,AWS_005,32.27,1004.12,54.11
2026-01-02 08:27:00,AWS_005,31.5,1004.5,57.97
2026-01-02 08:28:00,AWS_005,32.18,1005.88,55.49
2026-01-02 08:29:00,AWS_005,31.48,1004.94,57.22
2026-01-02 08:30:00,AWS_005,31.79,1005.42,51.48
2026-01-02 08:31:00,AWS_005,31.97,1004.05,55.81
2026-01-02 08:32:00,AWS_005,32.16,1005.03,56.12
2026-01-02 08:33:00,AWS_005,31.55,1005.15,53.24
2026-01-02 08:34:00,AWS_005,31.46,1004.03,54.13
2026-01-02 08:35:00,AWS_005,30.91,1004.85,57.15
2026-01-02 08:36:00,AWS_005,31.52,1004.46,56.89
2026-01-02 08:37:00,AWS_005,33.0,1005.01,56.31
2026-01-02 08:38:00,AWS_005,31.57,1003.73,58.35
2026-01-02 08:39:00,AWS_005,31.08,1003.95,56.92
2026-01-02 08:40:00,AWS_005,31.57,1003.67,58.62
2026-01-02 08:41:00,AWS_005,31.92,1003.86,54.03
2026-01-02 08:42:00,AWS_005,31.37,1004.27,56.36
2026-01-02 08:43:00,AWS_005,31.16,1005.18,56.11
2026-01-02 08:44:00,AWS_005,32.59,1004.84,53.52
2026-01-02 08:45:00,AWS_005,31.72,1004.84,59.53
2026-01-02 08:46:00,AWS_005,32.17,1003.98,55.1
2026-01-02 08:47:00,AWS_005,31.39,1004.74,56.83
2026-01-02 08:48:00,AWS_005,32.24,1005.76,55.11
2026-01-02 08:49:00,AWS_005,31.88,1004.99,58.4
2026-01-02 08:50:00,AWS_005,31.71,1005.39,55.64
2026-01-02 08:51:00,AWS_005,31.0,1004.34,55.67
2026-01-02 08:52:00,AWS_005,31.18,1004.36,56.27
2026-01-02 08:53:00,AWS_005,31.64,1005.15,56.43
2026-01-02 08:54:00,AWS_005,31.3,1003.98,55.2
2026-01-02 08:55:00,AWS_005,31.58,1004.63,54.79
2026-01-02 08:56:00,AWS_005,31.22,1004.88,55.29
2026-01-02 08:57:00,AWS_005,31.57,1004.41,56.09
2026-01-02 08:58:00,AWS_005,31.12,1004.04,56.98
2026-01-02 08:59:00,AWS_005,31.55,1004.2,55.67
2026-01-02 09:00:00,AWS_005,30.95,1003.61,54.24
2026-01-02 09:01:00,AWS_005,31.2,1004.93,54.14
2026-01-02 09:02:00,AWS_005,31.23,1005.37,54.76
2026-01-02 09:03:00,AWS_005,30.94,1004.3,57.29
2026-01-02 09:04:00,AWS_005,31.03,1006.89,58.42
2026-01-02 09:05:00,AWS_005,31.38,1004.09,54.49
2026-01-02 09:06:00,AWS_005,31.54,1004.1,57.59
2026-01-02 09:07:00,AWS_005,31.34,1005.3,57.52
2026-01-02 09:08:00,AWS_005,31.43,1005.18,60.49
2026-01-02 09:09:00,AWS_005,31.24,1005.22,61.5
2026-01-02 09:10:00,AWS_005,30.92,1005.54,59.02
2026-01-02 09:11:00,AWS_005,30.49,1003.93,58.34
2026-01-02 09:12:00,AWS_005,30.95,1004.97,58.04
2026-01-02 09:13:00,AWS_005,31.1,1003.55,55.55
2026-01-02 09:14:00,AWS_005,30.88,1005.52,54.76
2026-01-02 09:15:00,AWS_005,31.73,1005.46,53.97
2026-01-02 09:16:00,AWS_005,31.21,1005.5,57.44
2026-01-02 09:17:00,AWS_005,31.04,1004.62,55.66
2026-01-02 09:18:00,AWS_005,31.28,1005.48,58.79
2026-01-02 09:19:00,AWS_005,31.85,1004.79,55.0
2026-01-02 09:20:00,AWS_005,30.92,1005.76,57.79
2026-01-02 09:21:00,AWS_005,30.63,1004.4,55.8
2026-01-02 09:22:00,AWS_005,31.12,1004.38,54.61
2026-01-02 09:23:00,AWS_005,30.52,1004.98,55.78
2026-01-02 09:24:00,AWS_005,30.58,1003.63,56.15
2026-01-02 09:25:00,AWS_005,31.51,1004.44,57.45
2026-01-02 09:26:00,AWS_005,31.45,1004.59,56.32
2026-01-02 09:27:00,AWS_005,31.17,1003.56,55.72
2026-01-02 09:28:00,AWS_005,31.05,1004.7,56.01
2026-01-02 09:29:00,AWS_005,30.39,1005.02,50.19
2026-01-02 09:30:00,AWS_005,30.54,1005.29,56.94
2026-01-02 09:31:00,AWS_005,31.37,1003.42,57.8
2026-01-02 09:32:00,AWS_005,30.62,1005.42,56.93
2026-01-02 09:33:00,AWS_005,30.49,1002.95,58.22
2026-01-02 09:34:00,AWS_005,30.71,1003.88,59.79
2026-01-02 09:35:00,AWS_005,31.0,1006.24,60.02
2026-01-02 09:36:00,AWS_005,30.67,1004.73,59.9
2026-01-02 09:37:00,AWS_005,30.67,1003.76,56.76
2026-01-02 09:38:00,AWS_005,29.85,1003.51,56.17
2026-01-02 09:39:00,AWS_005,30.67,1003.58,56.95
2026-01-02 09:40:00,AWS_005,31.08,1003.84,59.32
2026-01-02 09:41:00,AWS_005,30.64,1005.37,58.78
2026-01-02 09:42:00,AWS_005,31.48,1005.03,56.68
2026-01-02 09:43:00,AWS_005,30.34,1005.44,60.4
2026-01-02 09:44:00,AWS_005,30.42,1003.74,56.07
2026-01-02 09:45:00,AWS_005,30.32,1002.99,57.29
2026-01-02 09:46:00,AWS_005,30.3,1005.09,58.79
2026-01-02 09:47:00,AWS_005,30.77,1004.52,60.09
2026-01-02 09:48:00,AWS_005,30.43,1003.94,60.78
2026-01-02 09:49:00,AWS_005,31.3,1005.37,59.12
2026-01-02 09:50:00,AWS_005,30.6,1005.61,56.08
2026-01-02 09:51:00,AWS_005,30.13,1005.94,60.71
2026-01-02 09:52:00,AWS_005,30.07,1003.74,56.56
2026-01-02 09:53:00,AWS_005,31.11,1005.54,57.73
2026-01-02 09:54:00,AWS_005,30.52,1004.87,56.76
2026-01-02 09:55:00,AWS_005,30.93,1004.06,58.59
2026-01-02 09:56:00,AWS_005,30.42,1005.52,56.78
2026-01-02 09:57:00,AWS_005,30.38,1003.84,59.81
2026-01-02 09:58:00,AWS_005,30.89,1004.05,59.74
2026-01-02 09:59:00,AWS_005,30.48,1005.27,60.46
2026-01-02 10:00:00,AWS_005,30.46,1004.05,59.57
2026-01-02 10:01:00,AWS_005,30.13,1004.87,59.49
2026-01-02 10:02:00,AWS_005,30.63,1004.14,57.13
2026-01-02 10:03:00,AWS_005,30.23,1004.68,57.78
2026-01-02 10:04:00,AWS_005,30.02,1004.73,58.98
2026-01-02 10:05:00,AWS_005,31.08,1003.77,59.19
2026-01-02 10:06:00,AWS_005,30.08,1004.7,58.61
2026-01-02 10:07:00,AWS_005,29.87,1004.11,60.43
2026-01-02 10:08:00,AWS_005,30.62,1003.76,64.0
2026-01-02 10:09:00,AWS_005,30.41,1003.63,60.22
2026-01-02 10:10:00,AWS_005,29.86,1003.64,58.12
2026-01-02 10:11:00,AWS_005,30.07,1004.03,61.07
2026-01-02 10:12:00,AWS_005,30.35,1004.98,58.31
2026-01-02 10:13:00,AWS_005,30.15,1003.43,60.31
2026-01-02 10:14:00,AWS_005,30.36,1004.58,60.59
2026-01-02 10:15:00,AWS_005,30.02,1004.81,60.15
2026-01-02 10:16:00,AWS_005,30.33,1005.31,58.55
2026-01-02 10:17:00,AWS_005,29.86,1004.07,59.94
2026-01-02 10:18:00,AWS_005,29.71,1004.64,58.83
2026-01-02 10:19:00,AWS_005,30.37,1003.58,58.87
2026-01-02 10:20:00,AWS_005,30.04,1003.46,56.63
2026-01-02 10:21:00,AWS_005,30.18,1004.79,59.73
2026-01-02 10:22:00,AWS_005,30.38,1006.15,64.35
2026-01-02 10:23:00,AWS_005,29.64,1005.03,55.07
2026-01-02 10:24:00,AWS_005,30.06,1003.52,55.67
2026-01-02 10:25:00,AWS_005,30.76,1003.59,60.28
2026-01-02 10:26:00,AWS_005,29.74,1004.98,61.72
2026-01-02 10:27:00,AWS_005,29.31,1005.07,57.57
2026-01-02 10:28:00,AWS_005,30.1,1004.53,60.74
2026-01-02 10:29:00,AWS_005,29.08,1004.32,60.04
2026-01-02 10:30:00,AWS_005,29.29,1004.9,59.2
2026-01-02 10:31:00,AWS_005,29.71,1003.66,61.22
2026-01-02 10:32:00,AWS_005,29.68,1005.3,58.49
2026-01-02 10:33:00,AWS_005,29.74,1004.76,62.59
2026-01-02 10:34:00,AWS_005,30.53,1003.83,56.78
2026-01-02 10:35:00,AWS_005,29.66,1004.41,60.49
2026-01-02 10:36:00,AWS_005,29.38,1007.25,60.91
2026-01-02 10:37:00,AWS_005,29.33,1004.24,60.42
2026-01-02 10:38:00,AWS_005,29.38,1004.92,59.77
2026-01-02 10:39:00,AWS_005,29.06,1005.14,62.1
2026-01-02 10:40:00,AWS_005,29.75,1004.62,60.08
2026-01-02 10:41:00,AWS_005,29.63,1004.15,57.91
2026-01-02 10:42:00,AWS_005,29.67,1003.88,59.63
2026-01-02 10:43:00,AWS_005,29.78,1004.32,61.23
2026-01-02 10:44:00,AWS_005,29.69,1004.35,60.0
2026-01-02 10:45:00,AWS_005,28.87,1005.48,60.49
2026-01-02 10:46:00,AWS_005,29.29,1005.74,62.74
2026-01-02 10:47:00,AWS_005,29.29,1005.91,60.05
2026-01-02 10:48:00,AWS_005,29.91,1004.18,61.1
2026-01-02 10:49:00,AWS_005,29.93,1005.3,60.95
2026-01-02 10:50:00,AWS_005,29.15,1004.68,63.54
2026-01-02 10:51:00,AWS_005,28.9,1003.59,61.54
2026-01-02 10:52:00,AWS_005,29.34,1003.26,63.09
2026-01-02 10:53:00,AWS_005,29.13,1004.19,60.1
2026-01-02 10:54:00,AWS_005,29.2,1004.34,65.1
2026-01-02 10:55:00,AWS_005,29.7,1003.73,63.3
2026-01-02 10:56:00,AWS_005,29.3,1005.44,65.01
2026-01-02 10:57:00,AWS_005,28.98,1005.64,62.14
2026-01-02 10:58:00,AWS_005,28.89,1004.29,60.58
2026-01-02 10:59:00,AWS_005,28.56,1005.67,61.39
2026-01-02 11:00:00,AWS_005,29.33,1004.78,62.31
2026-01-02 11:01:00,AWS_005,29.2,1002.87,62.34
2026-01-02 11:02:00,AWS_005,29.29,1002.81,61.18
2026-01-02 11:03:00,AWS_005,29.04,1004.71,62.02
2026-01-02 11:04:00,AWS_005,28.6,1004.31,62.61
2026-01-02 11:05:00,AWS_005,29.03,1003.69,60.52
2026-01-02 11:06:00,AWS_005,29.44,1004.78,61.46
2026-01-02 11:07:00,AWS_005,28.98,1006.19,64.92
2026-01-02 11:08:00,AWS_005,29.6,1004.49,64.7
2026-01-02 11:09:00,AWS_005,29.02,1004.09,60.76
2026-01-02 11:10:00,AWS_005,29.68,1003.87,66.19
2026-01-02 11:11:00,AWS_005,29.7,1003.48,60.86
2026-01-02 11:12:00,AWS_005,28.5,1005.08,63.32
2026-01-02 11:13:00,AWS_005,28.57,1004.09,65.21
2026-01-02 11:14:00,AWS_005,28.63,1004.32,61.01
2026-01-02 11:15:00,AWS_005,28.11,1004.1,60.4
2026-01-02 11:16:00,AWS_005,28.95,1005.71,63.69
2026-01-02 11:17:00,AWS_005,28.92,1003.29,62.62
2026-01-02 11:18:00,AWS_005,28.8,1004.97,62.12
2026-01-02 11:19:00,AWS_005,28.22,1005.12,60.15
2026-01-02 11:20:00,AWS_005,29.32,1003.83,65.55
2026-01-02 11:21:00,AWS_005,27.91,1004.91,63.47
2026-01-02 11:22:00,AWS_005,28.11,1004.29,64.39
2026-01-02 11:23:00,AWS_005,28.97,1005.07,65.4
2026-01-02 11:24:00,AWS_005,28.72,1003.64,59.65
2026-01-02 11:25:00,AWS_005,28.33,1004.63,63.53
2026-01-02 11:26:00,AWS_005,28.58,1004.48,60.19
2026-01-02 11:27:00,AWS_005,28.58,1004.85,64.78
2026-01-02 11:28:00,AWS_005,28.98,1002.51,66.02
2026-01-02 11:29:00,AWS_005,28.0,1003.84,63.2
2026-01-02 11:30:00,AWS_005,28.58,1004.88,63.3
2026-01-02 11:31:00,AWS_005,28.88,1005.82,64.63
2026-01-02 11:32:00,AWS_005,28.03,1005.25,64.49
2026-01-02 11:33:00,AWS_005,28.38,1004.74,63.15
2026-01-02 11:34:00,AWS_005,28.36,1003.74,65.06
2026-01-02 11:35:00,AWS_005,27.71,1004.65,63.22
2026-01-02 11:36:00,AWS_005,28.45,1004.88,64.36
2026-01-02 11:37:00,AWS_005,28.46,1005.84,61.29
2026-01-02 11:38:00,AWS_005,28.89,1003.7,66.15
2026-01-02 11:39:00,AWS_005,28.26,1004.11,62.16
2026-01-02 11:40:00,AWS_005,28.43,1006.02,64.59
2026-01-02 11:41:00,AWS_005,28.82,1004.25,61.75
2026-01-02 11:42:00,AWS_005,27.95,1004.8,63.17
2026-01-02 11:43:00,AWS_005,27.71,1003.56,63.08
2026-01-02 11:44:00,AWS_005,28.21,1004.14,65.21
2026-01-02 11:45:00,AWS_005,28.06,1004.67,67.17
2026-01-02 11:46:00,AWS_005,28.08,1004.11,62.74
2026-01-02 11:47:00,AWS_005,27.93,1004.55,62.5
2026-01-02 11:48:00,AWS_005,27.74,1004.61,66.45
2026-01-02 11:49:00,AWS_005,28.43,1004.47,63.0
2026-01-02 11:50:00,AWS_005,28.03,1003.81,69.12
2026-01-02 11:51:00,AWS_005,28.91,1005.07,62.41
2026-01-02 11:52:00,AWS_005,27.57,1004.55,66.03
2026-01-02 11:53:00,AWS_005,28.77,1003.88,61.56
2026-01-02 11:54:00,AWS_005,28.06,1003.76,62.65
2026-01-02 11:55:00,AWS_005,27.93,1003.58,62.78
2026-01-02 11:56:00,AWS_005,27.46,1005.37,63.6
2026-01-02 11:57:00,AWS_005,27.62,1003.84,66.5
2026-01-02 11:58:00,AWS_005,28.36,1003.68,64.82
2026-01-02 11:59:00,AWS_005,26.77,1003.62,67.23
2026-01-02 12:00:00,AWS_005,27.1,1002.82,66.61
2026-01-02 12:01:00,AWS_005,27.15,1006.17,63.07
2026-01-02 12:02:00,AWS_005,28.24,1004.48,64.89
2026-01-02 12:03:00,AWS_005,28.02,1003.7,67.6
2026-01-02 12:04:00,AWS_005,27.32,1004.13,63.5
2026-01-02 12:05:00,AWS_005,27.52,1003.4,66.41
2026-01-02 12:06:00,AWS_005,27.74,1004.56,63.86
2026-01-02 12:07:00,AWS_005,28.07,1004.29,63.46
2026-01-02 12:08:00,AWS_005,27.24,1005.3,64.82
2026-01-02 12:09:00,AWS_005,27.67,1003.85,63.25
2026-01-02 12:10:00,AWS_005,27.46,1004.7,68.01
2026-01-02 12:11:00,AWS_005,27.53,1004.42,59.92
2026-01-02 12:12:00,AWS_005,27.19,1003.72,66.67
2026-01-02 12:13:00,AWS_005,27.62,1004.7,66.71
2026-01-02 12:14:00,AWS_005,27.2,1004.35,64.82
2026-01-02 12:15:00,AWS_005,27.53,1005.21,61.78
2026-01-02 12:16:00,AWS_005,28.09,1004.73,66.75
2026-01-02 12:17:00,AWS_005,27.86,1004.03,65.0
2026-01-02 12:18:00,AWS_005,27.98,1005.12,64.69
2026-01-02 12:19:00,AWS_005,27.53,1004.64,68.38
2026-01-02 12:20:00,AWS_005,27.83,1004.0,68.98
2026-01-02 12:21:00,AWS_005,26.64,1005.17,65.08
2026-01-02 12:22:00,AWS_005,26.66,1005.11,64.6
2026-01-02 12:23:00,AWS_005,26.91,1003.69,60.69
2026-01-02 12:24:00,AWS_005,26.92,1003.83,63.06
2026-01-02 12:25:00,AWS_005,27.69,1004.51,64.74
2026-01-02 12:26:00,AWS_005,26.65,1004.13,68.51
2026-01-02 12:27:00,AWS_005,26.68,1004.16,67.31
2026-01-02 12:28:00,AWS_005,27.16,1003.78,68.58
2026-01-02 12:29:00,AWS_005,27.24,1004.55,67.9
2026-01-02 12:30:00,AWS_005,27.51,1004.59,66.57
2026-01-02 12:31:00,AWS_005,27.03,1003.27,66.81
2026-01-02 12:32:00,AWS_005,27.05,1004.11,67.75
2026-01-02 12:33:00,AWS_005,27.45,1003.97,66.28
2026-01-02 12:34:00,AWS_005,26.72,1004.64,67.41
2026-01-02 12:35:00,AWS_005,27.1,1004.88,67.55
2026-01-02 12:36:00,AWS_005,27.26,1005.0,67.36
2026-01-02 12:37:00,AWS_005,26.86,1004.12,65.79
2026-01-02 12:38:00,AWS_005,27.33,1004.85,69.66
2026-01-02 12:39:00,AWS_005,26.63,1003.22,69.68
2026-01-02 12:40:00,AWS_005,27.57,1005.49,64.56
2026-01-02 12:41:00,AWS_005,26.8,1003.87,63.1
2026-01-02 12:42:00,AWS_005,26.73,1003.35,66.3
2026-01-02 12:43:00,AWS_005,26.3,1003.87,65.64
2026-01-02 12:44:00,AWS_005,26.41,1005.58,64.0
2026-01-02 12:45:00,AWS_005,26.52,1004.93,66.59
2026-01-02 12:46:00,AWS_005,26.37,1005.86,70.25
2026-01-02 12:47:00,AWS_005,26.32,1004.67,68.36
2026-01-02 12:48:00,AWS_005,26.79,1005.52,69.13
2026-01-02 12:49:00,AWS_005,26.99,1004.14,70.19
2026-01-02 12:50:00,AWS_005,26.84,1003.39,69.14
2026-01-02 12:51:00,AWS_005,25.43,1004.73,67.32
2026-01-02 12:52:00,AWS_005,26.27,1004.49,70.04
2026-01-02 12:53:00,AWS_005,27.12,1004.83,66.15
2026-01-02 12:54:00,AWS_005,26.11,1005.1,64.76
2026-01-02 12:55:00,AWS_005,26.58,1004.76,70.65
2026-01-02 12:56:00,AWS_005,26.17,1004.36,70.98
2026-01-02 12:57:00,AWS_005,27.11,1004.4,67.14
2026-01-02 12:58:00,AWS_005,26.25,1004.82,66.94
2026-01-02 12:59:00,AWS_005,26.82,1003.27,69.17
2026-01-02 13:00:00,AWS_005,26.23,1003.88,65.91
2026-01-02 13:01:00,AWS_005,25.53,1006.12,67.68
2026-01-02 13:02:00,AWS_005,26.67,1004.06,68.68
2026-01-02 13:03:00,AWS_005,25.69,1004.99,66.87
2026-01-02 13:04:00,AWS_005,26.07,1004.13,70.51
2026-01-02 13:05:00,AWS_005,27.16,1004.28,68.87
2026-01-02 13:06:00,AWS_005,27.65,1002.71,68.14
2026-01-02 13:07:00,AWS_005,26.38,1004.95,70.42
2026-01-02 13:08:00,AWS_005,26.0,1004.02,68.81
2026-01-02 13:09:00,AWS_005,26.34,1002.83,67.13
2026-01-02 13:10:00,AWS_005,25.79,1003.33,71.14
2026-01-02 13:11:00,AWS_005,26.12,1004.54,68.61
2026-01-02 13:12:00,AWS_005,26.91,1003.91,62.06
2026-01-02 13:13:00,AWS_005,26.33,1003.81,69.32
2026-01-02 13:14:00,AWS_005,25.66,1004.11,64.97
2026-01-02 13:15:00,AWS_005,26.37,1001.95,73.03
2026-01-02 13:16:00,AWS_005,25.5,1003.17,69.63
2026-01-02 13:17:00,AWS_005,25.42,1004.98,69.68
2026-01-02 13:18:00,AWS_005,26.45,1004.88,70.51
2026-01-02 13:19:00,AWS_005,25.82,1004.91,65.49
2026-01-02 13:20:00,AWS_005,26.73,1004.95,69.9
2026-01-02 13:21:00,AWS_005,25.66,1004.82,67.12
2026-01-02 13:22:00,AWS_005,26.56,1005.62,68.39
2026-01-02 13:23:00,AWS_005,26.7,1004.95,70.12
2026-01-02 13:24:00,AWS_005,26.09,1004.5,68.19
2026-01-02 13:25:00,AWS_005,25.88,1005.71,65.51
2026-01-02 13:26:00,AWS_005,25.74,1004.91,70.36
2026-01-02 13:27:00,AWS_005,25.75,1004.94,70.88
2026-01-02 13:28:00,AWS_005,25.3,1004.08,67.29
2026-01-02 13:29:00,AWS_005,26.18,1004.51,67.97
2026-01-02 13:30:00,AWS_005,26.14,1003.57,69.2
2026-01-02 13:31:00,AWS_005,25.79,1003.27,73.48
2026-01-02 13:32:00,AWS_005,25.87,1003.11,73.15
2026-01-02 13:33:00,AWS_005,25.66,1004.31,71.92
2026-01-02 13:34:00,AWS_005,25.33,1005.59,73.94
2026-01-02 13:35:00,AWS_005,25.28,1004.84,71.99
2026-01-02 13:36:00,AWS_005,25.55,1005.19,70.43
2026-01-02 13:37:00,AWS_005,25.6,1003.8,67.72
2026-01-02 13:38:00,AWS_005,26.2,1004.74,66.52
2026-01-02 13:39:00,AWS_005,25.99,1006.13,69.04
2026-01-02 13:40:00,AWS_005,26.32,1005.14,70.45
2026-01-02 13:41:00,AWS_005,25.96,1004.21,74.72
2026-01-02 13:42:00,AWS_005,25.03,1003.15,69.71
2026-01-02 13:43:00,AWS_005,25.05,1003.46,70.52
2026-01-02 13:44:00,AWS_005,25.2,1005.04,70.95
2026-01-02 13:45:00,AWS_005,25.46,1004.69,70.72
2026-01-02 13:46:00,AWS_005,25.27,1005.95,73.91
2026-01-02 13:47:00,AWS_005,25.84,1004.57,73.06
2026-01-02 13:48:00,AWS_005,26.02,1003.33,70.46
2026-01-02 13:49:00,AWS_005,25.04,1004.34,69.25
2026-01-02 13:50:00,AWS_005,24.85,1004.56,69.42
2026-01-02 13:51:00,AWS_005,26.14,1004.22,70.65
2026-01-02 13:52:00,AWS_005,25.56,1004.52,69.21
2026-01-02 13:53:00,AWS_005,25.23,1004.83,72.49
2026-01-02 13:54:00,AWS_005,26.06,1002.91,69.37
2026-01-02 13:55:00,AWS_005,25.91,1004.0,73.88
2026-01-02 13:56:00,AWS_005,25.15,1005.54,72.2
2026-01-02 13:57:00,AWS_005,25.72,1005.83,68.25
2026-01-02 13:58:00,AWS_005,25.81,1003.52,73.85
2026-01-02 13:59:00,AWS_005,25.67,1003.52,68.31
2026-01-02 14:00:00,AWS_005,25.82,1005.15,74.21
2026-01-02 14:01:00,AWS_005,24.92,1006.17,72.53
2026-01-02 14:02:00,AWS_005,25.29,1004.72,75.57
2026-01-02 14:03:00,AWS_005,25.92,1004.64,66.06
2026-01-02 14:04:00,AWS_005,25.08,1003.99,71.46
2026-01-02 14:05:00,AWS_005,24.96,1005.37,71.17
2026-01-02 14:06:00,AWS_005,25.25,1004.32,70.03
2026-01-02 14:07:00,AWS_005,24.55,1005.82,73.29
2026-01-02 14:08:00,AWS_005,25.3,1004.85,70.72
2026-01-02 14:09:00,AWS_005,24.48,1004.77,74.29
2026-01-02 14:10:00,AWS_005,25.64,1003.91,69.59
2026-01-02 14:11:00,AWS_005,24.46,1003.94,67.66
2026-01-02 14:12:00,AWS_005,25.43,1004.08,70.04
2026-01-02 14:13:00,AWS_005,24.78,1004.5,72.73
2026-01-02 14:14:00,AWS_005,24.63,1005.46,73.63
2026-01-02 14:15:00,AWS_005,25.05,1005.24,69.75
2026-01-02 14:16:00,AWS_005,25.14,1004.21,72.75
2026-01-02 14:17:00,AWS_005,25.04,1002.91,72.46
2026-01-02 14:18:00,AWS_005,25.12,1004.01,72.21
2026-01-02 14:19:00,AWS_005,25.24,1004.71,75.34
2026-01-02 14:20:00,AWS_005,24.14,1004.78,71.31
2026-01-02 14:21:00,AWS_005,24.98,1006.06,70.05
2026-01-02 14:22:00,AWS_005,24.37,1005.74,72.12
2026-01-02 14:23:00,AWS_005,24.39,1005.24,71.69
2026-01-02 14:24:00,AWS_005,24.44,1004.08,73.86
2026-01-02 14:25:00,AWS_005,24.07,1004.83,72.11
2026-01-02 14:26:00,AWS_005,24.84,1005.02,72.64
2026-01-02 14:27:00,AWS_005,24.12,1005.67,71.61
2026-01-02 14:28:00,AWS_005,24.97,1003.82,67.65
2026-01-02 14:29:00,AWS_005,25.4,1005.33,72.63
2026-01-02 14:30:00,AWS_005,25.4,1005.1,74.67
2026-01-02 14:31:00,AWS_005,24.32,1004.22,73.51
2026-01-02 14:32:00,AWS_005,24.26,1005.67,69.36
2026-01-02 14:33:00,AWS_005,25.03,1003.11,71.75
2026-01-02 14:34:00,AWS_005,24.73,1006.37,71.97
2026-01-02 14:35:00,AWS_005,24.66,1005.69,73.62
2026-01-02 14:36:00,AWS_005,24.15,1004.48,72.84
2026-01-02 14:37:00,AWS_005,24.7,1004.3,66.57
2026-01-02 14:38:00,AWS_005,24.98,1004.62,70.57
2026-01-02 14:39:00,AWS_005,24.31,1004.04,71.95
2026-01-02 14:40:00,AWS_005,24.79,1004.47,71.41
2026-01-02 14:41:00,AWS_005,24.65,1005.31,72.35
2026-01-02 14:42:00,AWS_005,24.31,1004.09,71.84
2026-01-02 14:43:00,AWS_005,24.53,1005.41,72.36
2026-01-02 14:44:00,AWS_005,24.12,1004.46,74.45
2026-01-02 14:45:00,AWS_005,24.86,1005.54,75.24
2026-01-02 14:46:00,AWS_005,24.09,1005.76,72.63
2026-01-02 14:47:00,AWS_005,24.25,1003.87,74.16
2026-01-02 14:48:00,AWS_005,24.83,1002.99,73.87
2026-01-02 14:49:00,AWS_005,24.24,1004.81,75.81
2026-01-02 14:50:00,AWS_005,24.06,1004.88,74.45
2026-01-02 14:51:00,AWS_005,24.49,1003.7,77.28
2026-01-02 14:52:00,AWS_005,25.12,1006.02,74.58
2026-01-02 14:53:00,AWS_005,24.85,1004.4,69.99
2026-01-02 14:54:00,AWS_005,24.62,1005.2,75.95
2026-01-02 14:55:00,AWS_005,24.76,1004.11,75.14
2026-01-02 14:56:00,AWS_005,24.55,1003.5,75.13
2026-01-02 14:57:00,AWS_005,24.42,1005.64,70.75
2026-01-02 14:58:00,AWS_005,24.68,1003.96,75.6
2026-01-02 14:59:00,AWS_005,24.43,1005.34,75.42
2026-01-02 15:00:00,AWS_005,24.26,1004.05,70.69
2026-01-02 15:01:00,AWS_005,24.34,1004.54,74.94
2026-01-02 15:02:00,AWS_005,24.38,1004.59,74.14
2026-01-02 15:03:00,AWS_005,24.36,1004.7,73.61
2026-01-02 15:04:00,AWS_005,24.36,1004.21,73.46
2026-01-02 15:05:00,AWS_005,23.81,1005.3,69.86
2026-01-02 15:06:00,AWS_005,24.11,1005.49,73.57
2026-01-02 15:07:00,AWS_005,23.67,1005.71,75.29
2026-01-02 15:08:00,AWS_005,24.26,1004.38,72.13
2026-01-02 15:09:00,AWS_005,24.28,1003.85,73.7
2026-01-02 15:10:00,AWS_005,24.66,1004.92,72.83
2026-01-02 15:11:00,AWS_005,24.23,1005.05,73.02
2026-01-02 15:12:00,AWS_005,23.95,1005.05,70.24
2026-01-02 15:13:00,AWS_005,23.92,1005.98,75.27
2026-01-02 15:14:00,AWS_005,24.33,1004.85,74.03
2026-01-02 15:15:00,AWS_005,23.78,1006.44,72.39
2026-01-02 15:16:00,AWS_005,24.1,1005.47,76.45
2026-01-02 15:17:00,AWS_005,24.41,1005.5,75.8
2026-01-02 15:18:00,AWS_005,24.82,1004.85,73.99
2026-01-02 15:19:00,AWS_005,24.46,1004.53,76.66
2026-01-02 15:20:00,AWS_005,23.77,1004.29,77.36
2026-01-02 15:21:00,AWS_005,23.67,1004.93,72.34
2026-01-02 15:22:00,AWS_005,24.21,1005.49,72.03
2026-01-02 15:23:00,AWS_005,23.86,1004.64,69.83
2026-01-02 15:24:00,AWS_005,23.34,1004.5,72.91
2026-01-02 15:25:00,AWS_005,24.95,1003.98,73.58
2026-01-02 15:26:00,AWS_005,23.97,1005.21,71.13
2026-01-02 15:27:00,AWS_005,24.39,1003.95,72.75
2026-01-02 15:28:00,AWS_005,23.74,1005.13,75.94
2026-01-02 15:29:00,AWS_005,23.85,1005.04,75.02
2026-01-02 15:30:00,AWS_005,23.91,1004.71,73.0
2026-01-02 15:31:00,AWS_005,23.73,1005.79,77.03
2026-01-02 15:32:00,AWS_005,23.52,1006.1,71.89
2026-01-02 15:33:00,AWS_005,24.69,1003.15,75.62
2026-01-02 15:34:00,AWS_005,23.94,1003.65,74.18
2026-01-02 15:35:00,AWS_005,23.15,1005.31,74.87
2026-01-02 15:36:00,AWS_005,23.81,1006.2,75.31
2026-01-02 15:37:00,AWS_005,23.18,1003.76,77.13
2026-01-02 15:38:00,AWS_005,23.41,1005.19,76.19
2026-01-02 15:39:00,AWS_005,23.77,1003.46,76.99
2026-01-02 15:40:00,AWS_005,23.94,1003.38,72.79
2026-01-02 15:41:00,AWS_005,22.7,1006.52,74.28
2026-01-02 15:42:00,AWS_005,24.38,1005.18,73.0
2026-01-02 15:43:00,AWS_005,23.42,1003.64,72.3
2026-01-02 15:44:00,AWS_005,23.58,1004.7,76.76
2026-01-02 15:45:00,AWS_005,24.27,1004.26,71.06
2026-01-02 15:46:00,AWS_005,24.33,1004.54,73.84
2026-01-02 15:47:00,AWS_005,23.39,1004.64,73.94
2026-01-02 15:48:00,AWS_005,24.05,1005.06,74.64
2026-01-02 15:49:00,AWS_005,23.67,1005.26,72.8
2026-01-02 15:50:00,AWS_005,24.66,1004.35,73.65
2026-01-02 15:51:00,AWS_005,23.32,1004.32,78.88
2026-01-02 15:52:00,AWS_005,24.23,1005.23,74.65
2026-01-02 15:53:00,AWS_005,23.33,1004.39,73.44
2026-01-02 15:54:00,AWS_005,23.12,1004.39,75.7
2026-01-02 15:55:00,AWS_005,23.42,1005.01,75.41
2026-01-02 15:56:00,AWS_005,22.87,1004.95,79.14
2026-01-02 15:57:00,AWS_005,23.15,1004.58,74.77
2026-01-02 15:58:00,AWS_005,23.38,1005.78,76.31
2026-01-02 15:59:00,AWS_005,23.39,1005.33,72.97
2026-01-02 16:00:00,AWS_005,23.85,1006.56,73.95
2026-01-02 16:01:00,AWS_005,23.8,1004.75,74.18
2026-01-02 16:02:00,AWS_005,23.45,1005.52,72.48
2026-01-02 16:03:00,AWS_005,22.76,1006.12,75.56
2026-01-02 16:04:00,AWS_005,22.59,1004.25,76.0
2026-01-02 16:05:00,AWS_005,23.22,1004.68,75.78
2026-01-02 16:06:00,AWS_005,23.09,1005.95,72.32
2026-01-02 16:07:00,AWS_005,23.17,1005.51,73.64
2026-01-02 16:08:00,AWS_005,24.05,1004.96,74.81
2026-01-02 16:09:00,AWS_005,23.15,1003.88,73.29
2026-01-02 16:10:00,AWS_005,23.03,1003.95,71.56
2026-01-02 16:11:00,AWS_005,23.37,1004.63,77.58
2026-01-02 16:12:00,AWS_005,23.15,1004.35,78.71
2026-01-02 16:13:00,AWS_005,23.59,1004.38,78.0
2026-01-02 16:14:00,AWS_005,23.44,1003.54,76.32
2026-01-02 16:15:00,AWS_005,24.07,1003.93,74.58
2026-01-02 16:16:00,AWS_005,23.2,1004.31,80.12
2026-01-02 16:17:00,AWS_005,24.08,1005.11,77.95
2026-01-02 16:18:00,AWS_005,23.58,1004.75,74.19
2026-01-02 16:19:00,AWS_005,23.51,1005.08,78.87
2026-01-02 16:20:00,AWS_005,22.49,1005.05,76.21
2026-01-02 16:21:00,AWS_005,22.42,1003.68,78.54
2026-01-02 16:22:00,AWS_005,22.62,1005.89,79.11
2026-01-02 16:23:00,AWS_005,23.34,1005.63,74.62
2026-01-02 16:24:00,AWS_005,23.55,1005.09,75.69
2026-01-02 16:25:00,AWS_005,23.45,1004.63,76.48
2026-01-02 16:26:00,AWS_005,23.25,1006.15,76.19
2026-01-02 16:27:00,AWS_005,23.58,1004.25,73.97
2026-01-02 16:28:00,AWS_005,23.69,1005.86,76.27
2026-01-02 16:29:00,AWS_005,23.08,1004.38,75.48
2026-01-02 16:30:00,AWS_005,23.42,1006.13,75.53
2026-01-02 16:31:00,AWS_005,23.34,1005.46,72.96
2026-01-02 16:32:00,AWS_005,23.5,1005.81,75.66
2026-01-02 16:33:00,AWS_005,23.3,1005.27,80.43
2026-01-02 16:34:00,AWS_005,23.27,1005.46,77.08
2026-01-02 16:35:00,AWS_005,22.91,1005.13,75.55
2026-01-02 16:36:00,AWS_005,23.23,1004.3,77.28
2026-01-02 16:37:00,AWS_005,23.0,1005.99,79.04
2026-01-02 16:38:00,AWS_005,22.7,1004.91,74.8
2026-01-02 16:39:00,AWS_005,23.24,1005.2,79.63
2026-01-02 16:40:00,AWS_005,22.71,1003.86,74.14
2026-01-02 16:41:00,AWS_005,23.09,1004.99,75.51
2026-01-02 16:42:00,AWS_005,22.96,1005.46,75.36
2026-01-02 16:43:00,AWS_005,22.87,1006.53,78.76
2026-01-02 16:44:00,AWS_005,23.65,1005.1,74.13
2026-01-02 16:45:00,AWS_005,23.74,1004.88,78.49
2026-01-02 16:46:00,AWS_005,22.95,1004.63,76.01
2026-01-02 16:47:00,AWS_005,23.47,1004.66,76.67
2026-01-02 16:48:00,AWS_005,22.43,1006.6,78.78
2026-01-02 16:49:00,AWS_005,22.58,1004.32,77.39
2026-01-02 16:50:00,AWS_005,23.02,1004.85,79.0
2026-01-02 16:51:00,AWS_005,22.61,1006.33,78.55
2026-01-02 16:52:00,AWS_005,23.18,1006.11,81.71
2026-01-02 16:53:00,AWS_005,23.14,1007.05,78.8
2026-01-02 16:54:00,AWS_005,23.0,1006.06,76.75
2026-01-02 16:55:00,AWS_005,23.96,1005.4,76.64
2026-01-02 16:56:00,AWS_005,23.16,1005.71,80.01
2026-01-02 16:57:00,AWS_005,23.23,1004.41,77.19
2026-01-02 16:58:00,AWS_005,23.19,1005.14,77.62
2026-01-02 16:59:00,AWS_005,22.63,1004.46,79.02
2026-01-02 17:00:00,AWS_005,23.77,1006.38,75.99
2026-01-02 17:01:00,AWS_005,22.42,1004.06,74.91
2026-01-02 17:02:00,AWS_005,23.09,1005.05,77.86
2026-01-02 17:03:00,AWS_005,23.27,1004.41,75.75
2026-01-02 17:04:00,AWS_005,23.36,1006.06,79.78
2026-01-02 17:05:00,AWS_005,22.83,1005.4,71.87
2026-01-02 17:06:00,AWS_005,23.25,1005.24,75.78
2026-01-02 17:07:00,AWS_005,22.53,1004.33,77.4
2026-01-02 17:08:00,AWS_005,23.61,1006.42,75.55
2026-01-02 17:09:00,AWS_005,22.87,1004.54,79.77
2026-01-02 17:10:00,AWS_005,22.74,1004.96,77.4
2026-01-02 17:11:00,AWS_005,22.67,1005.29,75.64
2026-01-02 17:12:00,AWS_005,23.04,1005.73,77.49
2026-01-02 17:13:00,AWS_005,22.29,1005.07,74.17
2026-01-02 17:14:00,AWS_005,23.27,1006.46,78.06
2026-01-02 17:15:00,AWS_005,22.67,1005.36,79.68
2026-01-02 17:16:00,AWS_005,23.43,1006.65,76.75
2026-01-02 17:17:00,AWS_005,22.41,1004.59,77.04
2026-01-02 17:18:00,AWS_005,22.95,1005.75,74.8
2026-01-02 17:19:00,AWS_005,23.12,1004.75,75.55
2026-01-02 17:20:00,AWS_005,23.16,1005.22,79.18
2026-01-02 17:21:00,AWS_005,22.68,1004.28,76.85
2026-01-02 17:22:00,AWS_005,22.39,1006.45,81.55
2026-01-02 17:23:00,AWS_005,22.7,1006.46,78.25
2026-01-02 17:24:00,AWS_005,23.34,1006.35,74.82
2026-01-02 17:25:00,AWS_005,23.71,1006.14,81.72
2026-01-02 17:26:00,AWS_005,22.22,1007.57,74.25
2026-01-02 17:27:00,AWS_005,22.57,1005.55,76.35
2026-01-02 17:28:00,AWS_005,22.17,1006.74,77.47
2026-01-02 17:29:00,AWS_005,22.64,1005.39,77.76
2026-01-02 17:30:00,AWS_005,22.6,1005.89,75.9
2026-01-02 17:31:00,AWS_005,22.38,1006.06,77.17
2026-01-02 17:32:00,AWS_005,23.52,1003.96,79.82
2026-01-02 17:33:00,AWS_005,23.31,1005.33,79.85
2026-01-02 17:34:00,AWS_005,22.94,1005.25,80.81
2026-01-02 17:35:00,AWS_005,22.8,1005.41,75.43
2026-01-02 17:36:00,AWS_005,23.2,1004.86,77.76
2026-01-02 17:37:00,AWS_005,22.44,1005.57,78.09
2026-01-02 17:38:00,AWS_005,22.93,1005.73,73.53
2026-01-02 17:39:00,AWS_005,22.59,1004.65,76.57
2026-01-02 17:40:00,AWS_005,23.77,1005.49,78.3
2026-01-02 17:41:00,AWS_005,22.29,1005.27,76.89
2026-01-02 17:42:00,AWS_005,22.72,1006.43,75.82
2026-01-02 17:43:00,AWS_005,22.31,1005.94,77.95
2026-01-02 17:44:00,AWS_005,23.13,1004.87,79.62
2026-01-02 17:45:00,AWS_005,23.13,1006.27,77.59
2026-01-02 17:46:00,AWS_005,22.55,1005.45,72.88
2026-01-02 17:47:00,AWS_005,22.33,1005.55,79.6
2026-01-02 17:48:00,AWS_005,22.67,1004.77,74.63
2026-01-02 17:49:00,AWS_005,22.54,1005.67,74.83
2026-01-02 17:50:00,AWS_005,22.85,1006.27,77.7
2026-01-02 17:51:00,AWS_005,23.47,1005.33,77.73
2026-01-02 17:52:00,AWS_005,23.08,1006.79,75.88
2026-01-02 17:53:00,AWS_005,23.12,1006.26,78.65
2026-01-02 17:54:00,AWS_005,22.82,1004.87,77.14
2026-01-02 17:55:00,AWS_005,23.87,1005.76,74.08
2026-01-02 17:56:00,AWS_005,22.86,1004.45,75.15
2026-01-02 17:57:00,AWS_005,23.11,1004.79,76.56
2026-01-02 17:58:00,AWS_005,23.25,1004.17,77.23
2026-01-02 17:59:00,AWS_005,22.79,1004.29,76.06
2026-01-02 18:00:00,AWS_005,22.9,1005.34,73.45
2026-01-02 18:01:00,AWS_005,22.59,1005.43,75.73
2026-01-02 18:02:00,AWS_005,22.82,1005.77,78.45
2026-01-02 18:03:00,AWS_005,23.4,1004.88,77.26
2026-01-02 18:04:00,AWS_005,23.28,1006.27,78.98
2026-01-02 18:05:00,AWS_005,23.09,1005.44,78.69
2026-01-02 18:06:00,AWS_005,23.18,1005.86,73.66
2026-01-02 18:07:00,AWS_005,22.8,1003.05,75.79
2026-01-02 18:08:00,AWS_005,23.2,1005.63,78.49
2026-01-02 18:09:00,AWS_005,22.76,1006.26,78.11
2026-01-02 18:10:00,AWS_005,22.17,1003.82,78.09
2026-01-02 18:11:00,AWS_005,23.55,1005.67,79.1
2026-01-02 18:12:00,AWS_005,22.74,1005.02,79.65
2026-01-02 18:13:00,AWS_005,23.25,1006.89,73.61
2026-01-02 18:14:00,AWS_005,22.68,1004.64,76.26
2026-01-02 18:15:00,AWS_005,21.75,1007.4,78.39
2026-01-02 18:16:00,AWS_005,22.8,1006.71,78.65
2026-01-02 18:17:00,AWS_005,22.09,1005.78,80.56
2026-01-02 18:18:00,AWS_005,23.13,1004.54,80.05
2026-01-02 18:19:00,AWS_005,22.74,1005.33,79.36
2026-01-02 18:20:00,AWS_005,23.32,1006.25,76.12
2026-01-02 18:21:00,AWS_005,22.93,1005.8,78.77
2026-01-02 18:22:00,AWS_005,22.43,1004.84,81.03
2026-01-02 18:23:00,AWS_005,23.11,1006.61,80.06
2026-01-02 18:24:00,AWS_005,22.22,1005.65,77.81
2026-01-02 18:25:00,AWS_005,22.72,1005.96,79.95
2026-01-02 18:26:00,AWS_005,22.1,1006.54,77.5
2026-01-02 18:27:00,AWS_005,22.99,1006.46,77.51
2026-01-02 18:28:00,AWS_005,22.95,1006.62,76.59
2026-01-02 18:29:00,AWS_005,22.91,1006.32,74.26
2026-01-02 18:30:00,AWS_005,22.48,1005.23,78.94
2026-01-02 18:31:00,AWS_005,23.4,1005.74,76.83
2026-01-02 18:32:00,AWS_005,23.23,1006.86,77.31
2026-01-02 18:33:00,AWS_005,22.96,1004.71,78.04
2026-01-02 18:34:00,AWS_005,22.64,1004.89,75.85
2026-01-02 18:35:00,AWS_005,22.73,1006.24,78.76
2026-01-02 18:36:00,AWS_005,22.87,1005.74,76.7
2026-01-02 18:37:00,AWS_005,22.44,1004.48,76.77
2026-01-02 18:38:00,AWS_005,23.23,1006.38,70.62
2026-01-02 18:39:00,AWS_005,23.39,1006.19,77.28
2026-01-02 18:40:00,AWS_005,23.57,1007.94,75.1
2026-01-02 18:41:00,AWS_005,22.76,1006.0,76.24
2026-01-02 18:42:00,AWS_005,23.45,1007.55,75.4
2026-01-02 18:43:00,AWS_005,23.48,1006.64,75.52
2026-01-02 18:44:00,AWS_005,22.65,1004.36,76.48
2026-01-02 18:45:00,AWS_005,22.51,1005.89,77.89
2026-01-02 18:46:00,AWS_005,23.35,1005.83,79.9
2026-01-02 18:47:00,AWS_005,22.7,1005.81,77.21
2026-01-02 18:48:00,AWS_005,22.63,1005.2,75.97
2026-01-02 18:49:00,AWS_005,23.26,1006.54,76.23
2026-01-02 18:50:00,AWS_005,22.38,1005.63,78.76
2026-01-02 18:51:00,AWS_005,22.76,1006.85,77.7
2026-01-02 18:52:00,AWS_005,22.2,1006.74,74.32
2026-01-02 18:53:00,AWS_005,22.61,1005.73,75.42
2026-01-02 18:54:00,AWS_005,22.69,1005.45,76.84
2026-01-02 18:55:00,AWS_005,22.66,1005.49,76.34
2026-01-02 18:56:00,AWS_005,22.79,1005.97,75.57
2026-01-02 18:57:00,AWS_005,22.15,1006.21,76.28
2026-01-02 18:58:00,AWS_005,22.57,1005.6,77.21
2026-01-02 18:59:00,AWS_005,23.52,1005.63,77.41
2026-01-02 19:00:00,AWS_005,23.1,1006.2,76.71
2026-01-02 19:01:00,AWS_005,22.79,1006.81,78.45
2026-01-02 19:02:00,AWS_005,22.73,1006.18,77.5
2026-01-02 19:03:00,AWS_005,23.31,1005.97,74.55
2026-01-02 19:04:00,AWS_005,23.04,1006.19,75.89
2026-01-02 19:05:00,AWS_005,22.57,1004.57,76.28
2026-01-02 19:06:00,AWS_005,22.81,1005.83,76.23
2026-01-02 19:07:00,AWS_005,22.53,1005.02,74.94
2026-01-02 19:08:00,AWS_005,22.76,1005.59,75.41
2026-01-02 19:09:00,AWS_005,23.31,1005.3,78.3
2026-01-02 19:10:00,AWS_005,23.28,1005.3,74.5
2026-01-02 19:11:00,AWS_005,23.46,1005.26,75.87
2026-01-02 19:12:00,AWS_005,23.12,1007.92,78.95
2026-01-02 19:13:00,AWS_005,22.46,1006.02,76.28
2026-01-02 19:14:00,AWS_005,22.58,1007.03,81.19
2026-01-02 19:15:00,AWS_005,23.27,1006.69,79.63
2026-01-02 19:16:00,AWS_005,23.13,1006.64,72.03
2026-01-02 19:17:00,AWS_005,22.63,1006.53,74.18
2026-01-02 19:18:00,AWS_005,22.97,1007.77,76.47
2026-01-02 19:19:00,AWS_005,23.87,1006.45,75.69
2026-01-02 19:20:00,AWS_005,23.49,1004.69,77.71
2026-01-02 19:21:00,AWS_005,23.72,1005.98,77.58
2026-01-02 19:22:00,AWS_005,22.66,1005.29,73.24
2026-01-02 19:23:00,AWS_005,23.81,1005.01,78.57
2026-01-02 19:24:00,AWS_005,22.94,1006.49,80.07
2026-01-02 19:25:00,AWS_005,23.78,1004.49,73.47
2026-01-02 19:26:00,AWS_005,23.31,1006.24,75.42
2026-01-02 19:27:00,AWS_005,23.42,1004.85,75.51
2026-01-02 19:28:00,AWS_005,23.46,1006.03,78.63
2026-01-02 19:29:00,AWS_005,23.23,1006.8,79.14
2026-01-02 19:30:00,AWS_005,23.43,1005.66,75.22
2026-01-02 19:31:00,AWS_005,22.8,1005.25,75.15
2026-01-02 19:32:00,AWS_005,23.16,1005.93,78.08
2026-01-02 19:33:00,AWS_005,23.53,1006.7,75.61
2026-01-02 19:34:00,AWS_005,23.27,1006.46,76.46
2026-01-02 19:35:00,AWS_005,23.1,1006.16,77.9
2026-01-02 19:36:00,AWS_005,23.34,1005.56,77.43
2026-01-02 19:37:00,AWS_005,22.71,1005.91,76.52
2026-01-02 19:38:00,AWS_005,23.68,1006.8,73.3
2026-01-02 19:39:00,AWS_005,22.44,1006.14,77.1
2026-01-02 19:40:00,AWS_005,23.27,1006.45,77.86
2026-01-02 19:41:00,AWS_005,23.6,1005.98,77.36
2026-01-02 19:42:00,AWS_005,23.33,1005.37,73.09
2026-01-02 19:43:00,AWS_005,23.12,1007.88,77.45
2026-01-02 19:44:00,AWS_005,23.76,1006.92,74.37
2026-01-02 19:45:00,AWS_005,23.06,1006.52,70.96
2026-01-02 19:46:00,AWS_005,24.01,1006.17,75.43
2026-01-02 19:47:00,AWS_005,23.27,1007.45,73.42
2026-01-02 19:48:00,AWS_005,23.26,1005.68,75.69
2026-01-02 19:49:00,AWS_005,23.66,1006.86,73.17
2026-01-02 19:50:00,AWS_005,23.26,1006.36,75.22
2026-01-02 19:51:00,AWS_005,23.43,1006.13,72.37
2026-01-02 19:52:00,AWS_005,23.63,1006.13,74.24
2026-01-02 19:53:00,AWS_005,22.92,1007.4,76.24
2026-01-02 19:54:00,AWS_005,23.67,1004.87,79.09
2026-01-02 19:55:00,AWS_005,22.75,1007.7,74.96
2026-01-02 19:56:00,AWS_005,23.44,1007.2,75.47
2026-01-02 19:57:00,AWS_005,23.31,1006.41,77.07
2026-01-02 19:58:00,AWS_005,22.94,1006.2,76.25
2026-01-02 19:59:00,AWS_005,24.15,1006.39,76.33
2026-01-02 20:00:00,AWS_005,23.55,1006.8,76.79
2026-01-02 20:01:00,AWS_005,23.23,1007.4,74.6
2026-01-02 20:02:00,AWS_005,23.56,1006.81,73.76
2026-01-02 20:03:00,AWS_005,24.51,1006.65,75.87
2026-01-02 20:04:00,AWS_005,23.13,1006.46,70.63
2026-01-02 20:05:00,AWS_005,23.8,1004.97,71.15
2026-01-02 20:06:00,AWS_005,23.19,1005.13,78.22
2026-01-02 20:07:00,AWS_005,23.76,1007.34,77.47
2026-01-02 20:08:00,AWS_005,23.31,1006.85,73.82
2026-01-02 20:09:00,AWS_005,23.52,1007.14,72.69
2026-01-02 20:10:00,AWS_005,23.66,1007.13,76.21
2026-01-02 20:11:00,AWS_005,24.14,1006.98,76.5
2026-01-02 20:12:00,AWS_005,23.03,1007.19,73.28
2026-01-02 20:13:00,AWS_005,24.31,1005.82,74.78
2026-01-02 20:14:00,AWS_005,22.88,1006.97,71.4
2026-01-02 20:15:00,AWS_005,23.79,1006.88,74.1
2026-01-02 20:16:00,AWS_005,23.69,1007.59,74.48
2026-01-02 20:17:00,AWS_005,23.63,1003.64,75.24
2026-01-02 20:18:00,AWS_005,23.71,1008.46,79.32
2026-01-02 20:19:00,AWS_005,23.92,1007.23,72.5
2026-01-02 20:20:00,AWS_005,23.9,1006.77,77.83
2026-01-02 20:21:00,AWS_005,23.66,1005.81,73.64
2026-01-02 20:22:00,AWS_005,24.03,1006.34,73.4
2026-01-02 20:23:00,AWS_005,23.67,1006.86,76.83
2026-01-02 20:24:00,AWS_005,23.81,1007.93,73.31
2026-01-02 20:25:00,AWS_005,24.25,1007.82,72.9
2026-01-02 20:26:00,AWS_005,24.27,1007.1,75.86
2026-01-02 20:27:00,AWS_005,24.23,1007.2,75.56
2026-01-02 20:28:00,AWS_005,23.41,1006.78,73.52
2026-01-02 20:29:00,AWS_005,24.01,1005.82,78.15
2026-01-02 20:30:00,AWS_005,24.03,1006.01,73.52
2026-01-02 20:31:00,AWS_005,24.57,1007.42,71.3
2026-01-02 20:32:00,AWS_005,24.19,1007.22,72.11
2026-01-02 20:33:00,AWS_005,23.64,1006.17,72.01
2026-01-02 20:34:00,AWS_005,23.75,1006.06,73.64
2026-01-02 20:35:00,AWS_005,22.9,1007.2,77.22
2026-01-02 20:36:00,AWS_005,23.9,1006.44,70.69
2026-01-02 20:37:00,AWS_005,23.8,1006.06,77.69
2026-01-02 20:38:00,AWS_005,23.75,1006.97,72.84
2026-01-02 20:39:00,AWS_005,23.66,1007.25,73.05
2026-01-02 20:40:00,AWS_005,24.6,1005.84,72.58
2026-01-02 20:41:00,AWS_005,22.92,1006.45,73.08
2026-01-02 20:42:00,AWS_005,23.51,1007.32,73.59
2026-01-02 20:43:00,AWS_005,24.98,1008.0,73.79
2026-01-02 20:44:00,AWS_005,24.44,1006.98,74.59
2026-01-02 20:45:00,AWS_005,24.18,1006.35,69.78
2026-01-02 20:46:00,AWS_005,24.07,1006.1,73.66
2026-01-02 20:47:00,AWS_005,23.85,1006.77,74.89
2026-01-02 20:48:00,AWS_005,23.59,1006.75,73.75
2026-01-02 20:49:00,AWS_005,24.26,1005.06,73.3
2026-01-02 20:50:00,AWS_005,24.45,1005.44,72.79
2026-01-02 20:51:00,AWS_005,23.87,1004.98,75.9
2026-01-02 20:52:00,AWS_005,23.43,1006.82,74.7
2026-01-02 20:53:00,AWS_005,24.44,1007.66,73.28
2026-01-02 20:54:00,AWS_005,24.5,1007.56,74.72
2026-01-02 20:55:00,AWS_005,24.54,1005.81,75.5
2026-01-02 20:56:00,AWS_005,24.16,1006.11,70.87
2026-01-02 20:57:00,AWS_005,23.37,1005.81,74.58
2026-01-02 20:58:00,AWS_005,23.76,1006.93,71.86
2026-01-02 20:59:00,AWS_005,24.78,1007.61,76.09
2026-01-02 21:00:00,AWS_005,23.74,1007.79,71.56
2026-01-02 21:01:00,AWS_005,24.58,1006.34,73.38
2026-01-02 21:02:00,AWS_005,23.9,1006.98,73.94
2026-01-02 21:03:00,AWS_005,23.88,1006.31,69.64
2026-01-02 21:04:00,AWS_005,25.07,1006.93,69.15
2026-01-02 21:05:00,AWS_005,25.1,1006.41,72.44
2026-01-02 21:06:00,AWS_005,24.44,1006.48,76.6
2026-01-02 21:07:00,AWS_005,24.2,1005.88,72.84
2026-01-02 21:08:00,AWS_005,24.82,1004.54,74.13
2026-01-02 21:09:00,AWS_005,23.79,1006.64,66.9
2026-01-02 21:10:00,AWS_005,24.92,1007.23,74.77
2026-01-02 21:11:00,AWS_005,25.26,1007.13,74.05
2026-01-02 21:12:00,AWS_005,24.7,1005.78,74.34
2026-01-02 21:13:00,AWS_005,24.02,1005.18,73.07
2026-01-02 21:14:00,AWS_005,25.11,1006.93,70.39
2026-01-02 21:15:00,AWS_005,24.64,1006.07,71.4
2026-01-02 21:16:00,AWS_005,24.48,1006.65,71.05
2026-01-02 21:17:00,AWS_005,24.16,1006.08,73.92
2026-01-02 21:18:00,AWS_005,24.11,1005.78,72.32
2026-01-02 21:19:00,AWS_005,25.05,1007.97,74.41
2026-01-02 21:20:00,AWS_005,24.57,1007.41,73.96
2026-01-02 21:21:00,AWS_005,24.58,1007.03,76.18
2026-01-02 21:22:00,AWS_005,24.69,1007.77,72.85
2026-01-02 21:23:00,AWS_005,23.87,1007.08,72.14
2026-01-02 21:24:00,AWS_005,24.66,1006.77,72.74
2026-01-02 21:25:00,AWS_005,24.68,1008.41,67.17
2026-01-02 21:26:00,AWS_005,25.3,1008.47,71.72
2026-01-02 21:27:00,AWS_005,25.05,1006.29,73.64
2026-01-02 21:28:00,AWS_005,24.25,1007.32,71.79
2026-01-02 21:29:00,AWS_005,24.6,1007.23,71.84
2026-01-02 21:30:00,AWS_005,25.19,1007.81,71.69
2026-01-02 21:31:00,AWS_005,24.27,1006.28,75.42
2026-01-02 21:32:00,AWS_005,25.48,1008.16,72.75
2026-01-02 21:33:00,AWS_005,24.81,1006.41,71.85
2026-01-02 21:34:00,AWS_005,25.06,1007.05,76.96
2026-01-02 21:35:00,AWS_005,24.68,1006.25,69.45
2026-01-02 21:36:00,AWS_005,24.69,1006.74,70.67
2026-01-02 21:37:00,AWS_005,24.53,1006.35,69.82
2026-01-02 21:38:00,AWS_005,25.53,1006.42,70.4
2026-01-02 21:39:00,AWS_005,25.17,1007.81,74.39
2026-01-02 21:40:00,AWS_005,24.56,1007.17,69.85
2026-01-02 21:41:00,AWS_005,25.25,1008.81,71.87
2026-01-02 21:42:00,AWS_005,25.36,1007.05,72.71
2026-01-02 21:43:00,AWS_005,25.43,1006.6,73.11
2026-01-02 21:44:00,AWS_005,25.13,1006.82,70.36
2026-01-02 21:45:00,AWS_005,25.11,1007.12,72.76
2026-01-02 21:46:00,AWS_005,24.68,1007.5,70.67
2026-01-02 21:47:00,AWS_005,25.61,1006.94,71.57
2026-01-02 21:48:00,AWS_005,25.36,1006.24,69.36
2026-01-02 21:49:00,AWS_005,25.51,1008.03,68.84
2026-01-02 21:50:00,AWS_005,24.38,1008.26,72.12
2026-01-02 21:51:00,AWS_005,25.53,1006.96,76.15
2026-01-02 21:52:00,AWS_005,25.18,1008.49,70.68
2026-01-02 21:53:00,AWS_005,25.52,1006.91,71.23
2026-01-02 21:54:00,AWS_005,24.72,1008.16,72.48
2026-01-02 21:55:00,AWS_005,25.95,1006.57,73.33
2026-01-02 21:56:00,AWS_005,24.98,1009.24,73.39
2026-01-02 21:57:00,AWS_005,25.72,1005.94,72.2
2026-01-02 21:58:00,AWS_005,25.2,1006.48,70.74
2026-01-02 21:59:00,AWS_005,26.04,1009.12,72.4
2026-01-02 22:00:00,AWS_005,25.43,1006.0,71.78
2026-01-02 22:01:00,AWS_005,26.09,1007.18,70.83
2026-01-02 22:02:00,AWS_005,25.33,1006.97,72.73
2026-01-02 22:03:00,AWS_005,24.93,1007.42,71.72
2026-01-02 22:04:00,AWS_005,25.51,1007.61,69.42
2026-01-02 22:05:00,AWS_005,25.36,1007.22,68.64
2026-01-02 22:06:00,AWS_005,25.19,1008.02,67.54
2026-01-02 22:07:00,AWS_005,25.95,1008.56,68.8
2026-01-02 22:08:00,AWS_005,24.93,1006.98,70.7
2026-01-02 22:09:00,AWS_005,26.25,1006.02,72.64
2026-01-02 22:10:00,AWS_005,25.43,1006.92,70.31
2026-01-02 22:11:00,AWS_005,24.98,1007.71,71.09
2026-01-02 22:12:00,AWS_005,25.7,1007.6,71.65
2026-01-02 22:13:00,AWS_005,25.64,1008.19,67.97
2026-01-02 22:14:00,AWS_005,25.52,1008.98,69.49
2026-01-02 22:15:00,AWS_005,25.35,1007.67,67.98
2026-01-02 22:16:00,AWS_005,26.15,1007.18,69.59
2026-01-02 22:17:00,AWS_005,25.86,1006.93,70.74
2026-01-02 22:18:00,AWS_005,25.47,1007.38,70.32
2026-01-02 22:19:00,AWS_005,25.84,1008.21,68.47
2026-01-02 22:20:00,AWS_005,25.39,1007.06,71.16
2026-01-02 22:21:00,AWS_005,26.11,1008.03,70.55
2026-01-02 22:22:00,AWS_005,26.58,1006.69,70.83
2026-01-02 22:23:00,AWS_005,26.2,1007.55,70.24
2026-01-02 22:24:00,AWS_005,25.52,1006.34,68.38
2026-01-02 22:25:00,AWS_005,25.42,1007.13,67.41
2026-01-02 22:26:00,AWS_005,25.86,1008.78,70.56
2026-01-02 22:27:00,AWS_005,25.2,1007.81,70.58
2026-01-02 22:28:00,AWS_005,26.23,1007.5,69.84
2026-01-02 22:29:00,AWS_005,26.15,1007.84,73.85
2026-01-02 22:30:00,AWS_005,25.84,1008.04,68.67
2026-01-02 22:31:00,AWS_005,25.81,1007.9,70.23
2026-01-02 22:32:00,AWS_005,25.9,1007.83,69.72
2026-01-02 22:33:00,AWS_005,26.59,1006.86,69.38
2026-01-02 22:34:00,AWS_005,25.82,1006.48,67.27
2026-01-02 22:35:00,AWS_005,25.52,1008.25,68.81
2026-01-02 22:36:00,AWS_005,25.71,1006.63,71.23
2026-01-02 22:37:00,AWS_005,26.44,1007.98,70.43
2026-01-02 22:38:00,AWS_005,25.68,1008.5,70.91
2026-01-02 22:39:00,AWS_005,26.56,1006.88,67.94
2026-01-02 22:40:00,AWS_005,26.02,1007.19,70.95
2026-01-02 22:41:00,AWS_005,25.41,1007.6,66.87
2026-01-02 22:42:00,AWS_005,26.45,1007.02,68.61
2026-01-02 22:43:00,AWS_005,26.06,1007.02,66.92
2026-01-02 22:44:00,AWS_005,26.34,1007.32,72.45
2026-01-02 22:45:00,AWS_005,25.96,1007.14,69.18
2026-01-02 22:46:00,AWS_005,26.72,1008.15,70.7
2026-01-02 22:47:00,AWS_005,26.43,1007.84,69.56
2026-01-02 22:48:00,AWS_005,27.14,1006.62,69.78
2026-01-02 22:49:00,AWS_005,26.58,1009.17,66.57
2026-01-02 22:50:00,AWS_005,26.22,1007.56,68.48
2026-01-02 22:51:00,AWS_005,25.99,1007.75,66.4
2026-01-02 22:52:00,AWS_005,25.79,1007.4,67.57
2026-01-02 22:53:00,AWS_005,26.32,1007.82,68.51
2026-01-02 22:54:00,AWS_005,26.36,1007.11,66.53
2026-01-02 22:55:00,AWS_005,27.05,1006.76,65.76
2026-01-02 22:56:00,AWS_005,26.27,1007.59,65.86
2026-01-02 22:57:00,AWS_005,26.86,1009.01,69.49
2026-01-02 22:58:00,AWS_005,26.44,1008.32,67.54
2026-01-02 22:59:00,AWS_005,27.26,1008.85,65.54
2026-01-02 23:00:00,AWS_005,25.89,1007.43,67.94
2026-01-02 23:01:00,AWS_005,27.08,1007.24,69.44
2026-01-02 23:02:00,AWS_005,26.36,1007.49,67.71
2026-01-02 23:03:00,AWS_005,26.94,1008.32,65.04
2026-01-02 23:04:00,AWS_005,27.23,1008.74,67.47
2026-01-02 23:05:00,AWS_005,26.49,1007.71,66.16
2026-01-02 23:06:00,AWS_005,26.21,1006.81,68.21
2026-01-02 23:07:00,AWS_005,26.19,1008.73,66.91
2026-01-02 23:08:00,AWS_005,26.35,1008.84,68.03
2026-01-02 23:09:00,AWS_005,25.74,1008.37,64.09
2026-01-02 23:10:00,AWS_005,26.64,1009.12,67.63
2026-01-02 23:11:00,AWS_005,27.01,1006.45,66.9
2026-01-02 23:12:00,AWS_005,26.87,1007.25,65.6
2026-01-02 23:13:00,AWS_005,26.65,1008.01,67.45
2026-01-02 23:14:00,AWS_005,26.46,1007.16,66.65
2026-01-02 23:15:00,AWS_005,26.61,1008.75,67.08
2026-01-02 23:16:00,AWS_005,26.97,1007.08,65.19
2026-01-02 23:17:00,AWS_005,27.21,1009.11,67.41
2026-01-02 23:18:00,AWS_005,26.31,1007.36,63.36
2026-01-02 23:19:00,AWS_005,26.99,1009.17,66.61
2026-01-02 23:20:00,AWS_005,27.05,1007.4,66.87
2026-01-02 23:21:00,AWS_005,26.59,1006.18,70.24
2026-01-02 23:22:00,AWS_005,27.21,1008.19,66.28
2026-01-02 23:23:00,AWS_005,27.38,1008.63,69.95
2026-01-02 23:24:00,AWS_005,26.81,1007.26,68.98
2026-01-02 23:25:00,AWS_005,26.71,1009.37,66.4
2026-01-02 23:26:00,AWS_005,27.94,1009.21,66.63
2026-01-02 23:27:00,AWS_005,27.42,1007.98,64.39
2026-01-02 23:28:00,AWS_005,27.19,1008.38,65.32
2026-01-02 23:29:00,AWS_005,26.87,1008.15,66.91
2026-01-02 23:30:00,AWS_005,26.85,1008.67,65.75
2026-01-02 23:31:00,AWS_005,27.41,1008.84,68.11
2026-01-02 23:32:00,AWS_005,26.88,1006.84,67.6
2026-01-02 23:33:00,AWS_005,26.88,1009.51,66.83
2026-01-02 23:34:00,AWS_005,27.2,1009.13,67.55
2026-01-02 23:35:00,AWS_005,27.53,1007.35,66.99
2026-01-02 23:36:00,AWS_005,28.0,1009.36,66.23
2026-01-02 23:37:00,AWS_005,27.41,1009.74,64.66
2026-01-02 23:38:00,AWS_005,27.01,1006.84,69.77
2026-01-02 23:39:00,AWS_005,27.25,1008.77,67.34
2026-01-02 23:40:00,AWS_005,27.9,1008.97,66.7
2026-01-02 23:41:00,AWS_005,27.88,1008.53,64.39
2026-01-02 23:42:00,AWS_005,27.92,1009.19,70.72
2026-01-02 23:43:00,AWS_005,27.85,1008.42,64.43
2026-01-02 23:44:00,AWS_005,28.23,1008.66,65.9
2026-01-02 23:45:00,AWS_005,27.57,1006.76,65.92
2026-01-02 23:46:00,AWS_005,27.81,1007.76,63.01
2026-01-02 23:47:00,AWS_005,27.21,1009.31,66.55
2026-01-02 23:48:00,AWS_005,27.65,1007.75,66.29
2026-01-02 23:49:00,AWS_005,27.68,1008.27,63.42
2026-01-02 23:50:00,AWS_005,27.91,1007.42,66.98
2026-01-02 23:51:00,AWS_005,27.37,1007.8,63.52
2026-01-02 23:52:00,AWS_005,27.01,1008.61,64.77
2026-01-02 23:53:00,AWS_005,27.43,1008.24,63.8
2026-01-02 23:54:00,AWS_005,28.11,1006.9,66.52
2026-01-02 23:55:00,AWS_005,27.62,1007.76,66.26
2026-01-02 23:56:00,AWS_005,27.92,1009.49,62.94
2026-01-02 23:57:00,AWS_005,27.51,1009.24,63.96
2026-01-02 23:58:00,AWS_005,28.19,1008.42,63.94
2026-01-02 23:59:00,AWS_005,27.75,1008.67,66.34
2026-01-03 00:00:00,AWS_005,27.77,1007.89,63.57
2026-01-03 00:01:00,AWS_005,28.37,1009.52,64.7
2026-01-03 00:02:00,AWS_005,28.49,1008.21,64.43
2026-01-03 00:03:00,AWS_005,28.42,1007.45,64.19
2026-01-03 00:04:00,AWS_005,27.77,1007.08,68.23
2026-01-03 00:05:00,AWS_005,27.69,1007.06,63.38
2026-01-03 00:06:00,AWS_005,27.58,1007.83,64.23
2026-01-03 00:07:00,AWS_005,27.37,1009.79,65.36
2026-01-03 00:08:00,AWS_005,27.62,1010.62,63.73
2026-01-03 00:09:00,AWS_005,27.67,1009.34,63.35
2026-01-03 00:10:00,AWS_005,27.53,1007.1,65.16
2026-01-03 00:11:00,AWS_005,27.45,1007.61,65.99
2026-01-03 00:12:00,AWS_005,27.56,1007.62,66.98
2026-01-03 00:13:00,AWS_005,28.08,1008.29,63.92
2026-01-03 00:14:00,AWS_005,28.3,1007.86,62.73
2026-01-03 00:15:00,AWS_005,28.28,1009.04,62.66
2026-01-03 00:16:00,AWS_005,27.96,1008.32,66.97
2026-01-03 00:17:00,AWS_005,28.05,1009.26,64.76
2026-01-03 00:18:00,AWS_005,28.35,1009.04,62.42
2026-01-03 00:19:00,AWS_005,28.31,1009.62,62.65
2026-01-03 00:20:00,AWS_005,28.48,1008.0,61.73
2026-01-03 00:21:00,AWS_005,27.89,1009.35,63.74
2026-01-03 00:22:00,AWS_005,28.99,1008.0,64.81
2026-01-03 00:23:00,AWS_005,28.57,1008.56,66.89
2026-01-03 00:24:00,AWS_005,28.64,1007.95,65.91
2026-01-03 00:25:00,AWS_005,27.94,1008.91,63.77
2026-01-03 00:26:00,AWS_005,27.95,1009.69,62.26
2026-01-03 00:27:00,AWS_005,28.12,1009.58,64.51
2026-01-03 00:28:00,AWS_005,28.72,1008.94,60.0
2026-01-03 00:29:00,AWS_005,27.98,1008.55,61.91
2026-01-03 00:30:00,AWS_005,28.65,1008.65,64.7
2026-01-03 00:31:00,AWS_005,29.07,1009.9,65.13
2026-01-03 00:32:00,AWS_005,28.23,1008.01,65.95
2026-01-03 00:33:00,AWS_005,28.16,1009.07,63.05
2026-01-03 00:34:00,AWS_005,28.26,1009.6,65.82
2026-01-03 00:35:00,AWS_005,28.51,1008.71,62.41
2026-01-03 00:36:00,AWS_005,28.98,1009.46,62.2
2026-01-03 00:37:00,AWS_005,29.02,1010.5,63.69
2026-01-03 00:38:00,AWS_005,28.96,1008.66,65.3
2026-01-03 00:39:00,AWS_005,27.88,1008.54,64.85
2026-01-03 00:40:00,AWS_005,28.61,1008.93,64.98
2026-01-03 00:41:00,AWS_005,28.35,1009.16,63.92
2026-01-03 00:42:00,AWS_005,28.89,1009.84,64.73
2026-01-03 00:43:00,AWS_005,29.11,1009.79,62.82
2026-01-03 00:44:00,AWS_005,28.57,1009.05,63.34
2026-01-03 00:45:00,AWS_005,29.56,1007.23,68.23
2026-01-03 00:46:00,AWS_005,28.45,1007.65,64.36
2026-01-03 00:47:00,AWS_005,29.05,1009.59,62.6
2026-01-03 00:48:00,AWS_005,29.71,1008.32,64.11
2026-01-03 00:49:00,AWS_005,29.24,1009.67,60.34
2026-01-03 00:50:00,AWS_005,29.14,1009.5,61.76
2026-01-03 00:51:00,AWS_005,28.85,1008.7,61.95
2026-01-03 00:52:00,AWS_005,29.18,1008.2,60.87
2026-01-03 00:53:00,AWS_005,28.74,1008.73,65.79
2026-01-03 00:54:00,AWS_005,29.43,1009.04,63.15
2026-01-03 00:55:00,AWS_005,28.71,1007.78,63.32
2026-01-03 00:56:00,AWS_005,28.93,1009.64,61.89
2026-01-03 00:57:00,AWS_005,28.71,1009.47,59.74
2026-01-03 00:58:00,AWS_005,28.93,1009.06,61.87
2026-01-03 00:59:00,AWS_005,28.91,1009.07,61.1
2026-01-03 01:00:00,AWS_005,28.3,1010.07,59.86
2026-01-03 01:01:00,AWS_005,29.14,1008.35,63.36
2026-01-03 01:02:00,AWS_005,28.96,1008.66,61.26
2026-01-03 01:03:00,AWS_005,28.65,1009.01,58.18
2026-01-03 01:04:00,AWS_005,28.92,1008.5,61.69
2026-01-03 01:05:00,AWS_005,29.36,1008.87,61.68
2026-01-03 01:06:00,AWS_005,28.53,1007.72,63.1
2026-01-03 01:07:00,AWS_005,29.19,1008.69,61.78
2026-01-03 01:08:00,AWS_005,29.74,1008.9,60.27
2026-01-03 01:09:00,AWS_005,29.12,1008.41,62.44
2026-01-03 01:10:00,AWS_005,29.9,1010.05,60.09
2026-01-03 01:11:00,AWS_005,29.77,1009.37,62.75
2026-01-03 01:12:00,AWS_005,29.51,1008.95,63.6
2026-01-03 01:13:00,AWS_005,29.37,1008.56,56.28
2026-01-03 01:14:00,AWS_005,29.4,1007.82,59.69
2026-01-03 01:15:00,AWS_005,29.62,1008.51,62.07
2026-01-03 01:16:00,AWS_005,30.24,1009.12,61.28
2026-01-03 01:17:00,AWS_005,29.66,1009.02,63.64
2026-01-03 01:18:00,AWS_005,30.08,1008.49,63.5
2026-01-03 01:19:00,AWS_005,29.04,1010.43,62.8
2026-01-03 01:20:00,AWS_005,29.31,1009.98,57.52
2026-01-03 01:21:00,AWS_005,29.55,1008.76,60.52
2026-01-03 01:22:00,AWS_005,30.1,1009.59,62.08
2026-01-03 01:23:00,AWS_005,28.87,1010.17,60.7
2026-01-03 01:24:00,AWS_005,30.81,1009.41,60.45
2026-01-03 01:25:00,AWS_005,29.63,1009.01,63.13
2026-01-03 01:26:00,AWS_005,30.12,1007.7,61.32
2026-01-03 01:27:00,AWS_005,29.66,1009.11,60.05
2026-01-03 01:28:00,AWS_005,29.36,1008.57,58.13
2026-01-03 01:29:00,AWS_005,30.39,1008.7,63.9
2026-01-03 01:30:00,AWS_005,29.65,1008.93,61.01
2026-01-03 01:31:00,AWS_005,29.46,1009.02,59.43
2026-01-03 01:32:00,AWS_005,29.92,1008.9,62.17
2026-01-03 01:33:00,AWS_005,30.03,1008.15,57.06
2026-01-03 01:34:00,AWS_005,29.94,1007.82,63.72
2026-01-03 01:35:00,AWS_005,30.0,1009.89,61.39
2026-01-03 01:36:00,AWS_005,30.0,1010.6,64.51
2026-01-03 01:37:00,AWS_005,30.36,1009.33,61.34
2026-01-03 01:38:00,AWS_005,29.91,1008.38,60.5
2026-01-03 01:39:00,AWS_005,29.65,1010.06,58.77
2026-01-03 01:40:00,AWS_005,30.22,1010.93,59.05
2026-01-03 01:41:00,AWS_005,28.96,1010.25,57.4
2026-01-03 01:42:00,AWS_005,30.21,1010.37,63.79
2026-01-03 01:43:00,AWS_005,30.59,1008.36,60.05
2026-01-03 01:44:00,AWS_005,30.31,1008.86,61.48
2026-01-03 01:45:00,AWS_005,29.39,1010.28,61.75
2026-01-03 01:46:00,AWS_005,30.62,1008.36,59.2
2026-01-03 01:47:00,AWS_005,29.84,1008.89,57.99
2026-01-03 01:48:00,AWS_005,30.16,1009.49,58.12
2026-01-03 01:49:00,AWS_005,30.62,1009.78,56.41
2026-01-03 01:50:00,AWS_005,29.88,1009.14,57.22
2026-01-03 01:51:00,AWS_005,30.2,1009.38,60.48
2026-01-03 01:52:00,AWS_005,29.64,1009.51,61.41
2026-01-03 01:53:00,AWS_005,30.11,1009.2,59.33
2026-01-03 01:54:00,AWS_005,29.73,1008.99,61.12
2026-01-03 01:55:00,AWS_005,30.41,1009.3,61.12
2026-01-03 01:56:00,AWS_005,29.66,1008.98,58.55
2026-01-03 01:57:00,AWS_005,30.22,1010.13,61.31
2026-01-03 01:58:00,AWS_005,30.05,1009.67,58.77
2026-01-03 01:59:00,AWS_005,30.01,1009.38,58.19
