timestamp,station_id,temperature,pressure,humidity,event_classification,spatial_root_cause,primary_variable,anomaly_confidence,event_confidence,severity,triggered_detectors,network_anomaly_count,explanation
2026-01-01 00:42:00,AWS_003,27.96,1043.7169960547344,59.94,Probable Sensor Fault,Sudden Sensor Change,Pressure,40.0,80.0,Medium,Rate-of-Change + Isolation Forest,1,Pressure reading differs by 35.39 from the median of other AWS stations. Triggered detectors: Rate-of-Change + Isolation Forest. Likely cause: Sudden Sensor Change.
2026-01-01 00:47:00,AWS_005,-999.0,99999.0,0.0,Probable Sensor Fault,Sensor Drift,Pressure,80.0,90.0,Critical,Statistical Outlier + Rate-of-Change + Sensor Drift + Isolation Forest,1,Pressure reading differs by 98989.76 from the median of other AWS stations. Triggered detectors: Statistical Outlier + Rate-of-Change + Sensor Drift + Isolation Forest. Likely cause: Sensor Drift.
2026-01-01 00:48:00,AWS_005,29.02,1008.24,64.48,Needs Investigation,Insufficient Spatial Evidence,Humidity,60.0,50.0,High,Rate-of-Change + Sensor Drift + Isolation Forest,1,Humidity anomaly requires further investigation because spatial evidence is insufficient.
2026-01-01 00:49:00,AWS_005,28.84,1008.57,62.97,Needs Investigation,Insufficient Spatial Evidence,Humidity,40.0,50.0,Medium,Sensor Drift + Isolation Forest,1,Humidity anomaly requires further investigation because spatial evidence is insufficient.
2026-01-01 00:50:00,AWS_005,28.81,1007.24,61.89,Needs Investigation,Insufficient Spatial Evidence,Pressure,40.0,50.0,Medium,Sensor Drift + Isolation Forest,1,Pressure anomaly requires further investigation because spatial evidence is insufficient.
2026-01-01 00:51:00,AWS_005,28.96,1008.12,60.08,Needs Investigation,Insufficient Spatial Evidence,Humidity,40.0,50.0,Medium,Sensor Drift + Isolation Forest,1,Humidity anomaly requires further investigation because spatial evidence is insufficient.
2026-01-01 00:52:00,AWS_005,29.22,1007.93,64.84,Needs Investigation,Insufficient Spatial Evidence,Humidity,40.0,50.0,Medium,Sensor Drift + Isolation Forest,1,Humidity anomaly requires further investigation because spatial evidence is insufficient.
2026-01-01 00:53:00,AWS_005,28.21,1009.29,62.22,Needs Investigation,Insufficient Spatial Evidence,Pressure,40.0,50.0,Medium,Sensor Drift + Isolation Forest,1,Pressure anomaly requires further investigation because spatial evidence is insufficient.
2026-01-01 00:54:00,AWS_005,29.0,1008.9,65.96,Needs Investigation,Insufficient Spatial Evidence,Humidity,40.0,50.0,Medium,Sensor Drift + Isolation Forest,1,Humidity anomaly requires further investigation because spatial evidence is insufficient.
2026-01-01 00:55:00,AWS_005,28.67,1009.58,58.01,Needs Investigation,Insufficient Spatial Evidence,Humidity,40.0,50.0,Medium,Sensor Drift + Isolation Forest,1,Humidity anomaly requires further investigation because spatial evidence is insufficient.
2026-01-01 00:56:00,AWS_005,28.72,1008.56,62.72,Needs Investigation,Insufficient Spatial Evidence,Humidity,40.0,50.0,Medium,Sensor Drift + Isolation Forest,1,Humidity anomaly requires further investigation because spatial evidence is insufficient.
2026-01-01 01:30:00,AWS_005,30.26,1007.41,57.23,Needs Investigation,Insufficient Spatial Evidence,Humidity,40.0,50.0,Medium,Sensor Drift + Isolation Forest,1,Humidity anomaly requires further investigation because spatial evidence is insufficient.
2026-01-01 02:05:00,AWS_001,29.25,976.4946191720172,63.19,Probable Sensor Fault,Sudden Sensor Change,Pressure,40.0,80.0,Medium,Rate-of-Change + Isolation Forest,2,Pressure reading differs by 32.86 from the median of other AWS stations. Triggered detectors: Rate-of-Change + Isolation Forest. Likely cause: Sudden Sensor Change.
2026-01-01 02:05:00,AWS_005,30.51,1010.0,98.17613127490728,Probable Sensor Fault,Sensor Drift,Humidity,80.0,90.0,Critical,Statistical Outlier + Rate-of-Change + Sensor Drift + Isolation Forest,2,Humidity reading differs by 39.18 from the median of other AWS stations. Triggered detectors: Statistical Outlier + Rate-of-Change + Sensor Drift + Isolation Forest. Likely cause: Sensor Drift.
2026-01-01 02:06:00,AWS_001,29.04,1009.38,58.0,Needs Investigation,Insufficient Spatial Evidence,Humidity,40.0,50.0,Medium,Rate-of-Change + Isolation Forest,2,Humidity anomaly requires further investigation because spatial evidence is insufficient.
2026-01-01 02:06:00,AWS_005,30.07,1009.68,61.74,Needs Investigation,Insufficient Spatial Evidence,Humidity,40.0,50.0,Medium,Rate-of-Change + Sensor Drift,2,Humidity anomaly requires further investigation because spatial evidence is insufficient.
2026-01-01 02:24:00,AWS_004,51.02519077489835,1010.903912284981,71.74248360157227,Probable Sensor Fault,Sudden Sensor Change,Temperature,40.0,80.0,Medium,Rate-of-Change + Isolation Forest,1,Temperature reading differs by 20.63 from the median of other AWS stations. Triggered detectors: Rate-of-Change + Isolation Forest. Likely cause: Sudden Sensor Change.
2026-01-01 02:25:00,AWS_004,29.76,1009.39,57.7,Needs Investigation,Insufficient Spatial Evidence,Temperature,40.0,50.0,Medium,Rate-of-Change + Isolation Forest,1,Temperature anomaly requires further investigation because spatial evidence is insufficient.
2026-01-01 03:09:00,AWS_004,13.589684564678604,1008.69,56.19,Probable Sensor Fault,Sudden Sensor Change,Temperature,40.0,80.0,Medium,Rate-of-Change + Isolation Forest,1,Temperature reading differs by 17.15 from the median of other AWS stations. Triggered detectors: Rate-of-Change + Isolation Forest. Likely cause: Sudden Sensor Change.
2026-01-01 03:19:00,AWS_002,31.85,1052.3267838343222,56.51,Probable Sensor Fault,Sudden Sensor Change,Pressure,40.0,80.0,Medium,Rate-of-Change + Isolation Forest,1,Pressure reading differs by 42.29 from the median of other AWS stations. Triggered detectors: Rate-of-Change + Isolation Forest. Likely cause: Sudden Sensor Change.
2026-01-01 03:29:00,AWS_001,30.93,959.7703210218378,50.77,Probable Sensor Fault,Sudden Sensor Change,Pressure,40.0,80.0,Medium,Rate-of-Change + Isolation Forest,1,Pressure reading differs by 50.45 from the median of other AWS stations. Triggered detectors: Rate-of-Change + Isolation Forest. Likely cause: Sudden Sensor Change.
2026-01-01 03:30:00,AWS_001,31.17,1010.88,57.06,Needs Investigation,Insufficient Spatial Evidence,Humidity,40.0,50.0,Medium,Rate-of-Change + Isolation Forest,1,Humidity anomaly requires further investigation because spatial evidence is insufficient.
2026-01-01 03:33:00,AWS_003,61.12346346308656,1011.07,58.09,Probable Sensor Fault,Sudden Sensor Change,Temperature,40.0,80.0,Medium,Rate-of-Change + Isolation Forest,1,Temperature reading differs by 29.77 from the median of other AWS stations. Triggered detectors: Rate-of-Change + Isolation Forest. Likely cause: Sudden Sensor Change.
2026-01-01 03:49:00,AWS_003,32.15,1009.36,99.45417928698768,Probable Sensor Fault,Sudden Sensor Change,Humidity,60.0,85.0,High,Statistical Outlier + Rate-of-Change + Isolation Forest,1,Humidity reading differs by 42.65 from the median of other AWS stations. Triggered detectors: Statistical Outlier + Rate-of-Change + Isolation Forest. Likely cause: Sudden Sensor Change.
2026-01-01 04:03:00,AWS_002,58.80740385641692,1011.22,54.73,Probable Sensor Fault,Sudden Sensor Change,Temperature,40.0,80.0,Medium,Rate-of-Change + Isolation Forest,1,Temperature reading differs by 27.09 from the median of other AWS stations. Triggered detectors: Rate-of-Change + Isolation Forest. Likely cause: Sudden Sensor Change.
2026-01-01 04:04:00,AWS_002,31.43,1009.94,53.24,Needs Investigation,Insufficient Spatial Evidence,Humidity,40.0,50.0,Medium,Rate-of-Change + Isolation Forest,1,Humidity anomaly requires further investigation because spatial evidence is insufficient.
2026-01-01 04:15:00,AWS_004,31.22,1047.3070511188444,52.76,Probable Sensor Fault,Sudden Sensor Change,Pressure,40.0,80.0,Medium,Rate-of-Change + Isolation Forest,1,Pressure reading differs by 37.26 from the median of other AWS stations. Triggered detectors: Rate-of-Change + Isolation Forest. Likely cause: Sudden Sensor Change.
2026-01-01 04:16:00,AWS_004,31.85,1009.52,56.72,Needs Investigation,Insufficient Spatial Evidence,Humidity,40.0,50.0,Medium,Rate-of-Change + Isolation Forest,1,Humidity anomaly requires further investigation because spatial evidence is insufficient.
2026-01-01 05:10:00,AWS_002,55.50741062477371,1011.1,52.15,Probable Sensor Fault,Sudden Sensor Change,Temperature,40.0,80.0,Medium,Rate-of-Change + Isolation Forest,1,Temperature reading differs by 23.61 from the median of other AWS stations. Triggered detectors: Rate-of-Change + Isolation Forest. Likely cause: Sudden Sensor Change.
2026-01-01 05:11:00,AWS_002,32.31,1010.3,55.21,Needs Investigation,Insufficient Spatial Evidence,Humidity,40.0,50.0,Medium,Rate-of-Change + Isolation Forest,1,Humidity anomaly requires further investigation because spatial evidence is insufficient.
2026-01-01 05:16:00,AWS_001,5.810990229907684,1011.5,52.36,Probable Sensor Fault,Sudden Sensor Change,Temperature,40.0,80.0,Medium,Rate-of-Change + Isolation Forest,1,Temperature reading differs by 26.79 from the median of other AWS stations. Triggered detectors: Rate-of-Change + Isolation Forest. Likely cause: Sudden Sensor Change.
2026-01-01 05:17:00,AWS_001,31.36,1009.9,56.83,Needs Investigation,Insufficient Spatial Evidence,Humidity,40.0,50.0,Medium,Rate-of-Change + Isolation Forest,1,Humidity anomaly requires further investigation because spatial evidence is insufficient.
2026-01-01 05:21:00,AWS_002,32.43,1010.0,95.9354471309862,Probable Sensor Fault,Sudden Sensor Change,Humidity,60.0,85.0,High,Statistical Outlier + Rate-of-Change + Isolation Forest,1,Humidity reading differs by 43.24 from the median of other AWS stations. Triggered detectors: Statistical Outlier + Rate-of-Change + Isolation Forest. Likely cause: Sudden Sensor Change.
2026-01-01 05:22:00,AWS_002,31.97,1010.09,49.77,Needs Investigation,Insufficient Spatial Evidence,Humidity,40.0,50.0,Medium,Rate-of-Change + Isolation Forest,1,Humidity anomaly requires further investigation because spatial evidence is insufficient.
2026-01-01 05:27:00,AWS_003,48.29968875667424,1009.1475926535028,71.7384700076324,Probable Sensor Fault,Sudden Sensor Change,Humidity,40.0,80.0,Medium,Rate-of-Change + Isolation Forest,1,Humidity reading differs by 19.70 from the median of other AWS stations. Triggered detectors: Rate-of-Change + Isolation Forest. Likely cause: Sudden Sensor Change.
2026-01-01 05:28:00,AWS_003,32.01,1010.93,53.66,Needs Investigation,Insufficient Spatial Evidence,Temperature,40.0,50.0,Medium,Rate-of-Change + Isolation Forest,1,Temperature anomaly requires further investigation because spatial evidence is insufficient.
2026-01-01 05:46:00,AWS_005,57.29698118305128,1011.09,53.94,Probable Sensor Fault,Sudden Sensor Change,Temperature,40.0,80.0,Medium,Rate-of-Change + Isolation Forest,1,Temperature reading differs by 25.11 from the median of other AWS stations. Triggered detectors: Rate-of-Change + Isolation Forest. Likely cause: Sudden Sensor Change.
2026-01-01 05:47:00,AWS_005,33.23,1010.53,54.4,Needs Investigation,Insufficient Spatial Evidence,Humidity,40.0,50.0,Medium,Rate-of-Change + Isolation Forest,1,Humidity anomaly requires further investigation because spatial evidence is insufficient.
2026-01-01 05:57:00,AWS_003,0.0,-999.0,0.0,Probable Sensor Fault,Sensor Drift,Pressure,60.0,85.0,High,Rate-of-Change + Sensor Drift + Isolation Forest,1,Pressure reading differs by 2010.29 from the median of other AWS stations. Triggered detectors: Rate-of-Change + Sensor Drift + Isolation Forest. Likely cause: Sensor Drift.
2026-01-01 05:58:00,AWS_003,32.3,1009.79,52.88,Needs Investigation,Insufficient Spatial Evidence,Pressure,60.0,50.0,High,Rate-of-Change + Sensor Drift + Isolation Forest,1,Pressure anomaly requires further investigation because spatial evidence is insufficient.
2026-01-01 05:59:00,AWS_003,32.8,1010.97,52.66,Needs Investigation,Insufficient Spatial Evidence,Humidity,40.0,50.0,Medium,Sensor Drift + Isolation Forest,1,Humidity anomaly requires further investigation because spatial evidence is insufficient.
2026-01-01 06:00:00,AWS_003,32.55,1011.15,52.8,Needs Investigation,Insufficient Spatial Evidence,Temperature,40.0,50.0,Medium,Sensor Drift + Isolation Forest,1,Temperature anomaly requires further investigation because spatial evidence is insufficient.
2026-01-01 06:01:00,AWS_003,31.8,1011.26,52.99,Needs Investigation,Insufficient Spatial Evidence,Pressure,40.0,50.0,Medium,Sensor Drift + Isolation Forest,1,Pressure anomaly requires further investigation because spatial evidence is insufficient.
2026-01-01 06:02:00,AWS_003,32.02,1011.23,52.41,Needs Investigation,Insufficient Spatial Evidence,Pressure,40.0,50.0,Medium,Sensor Drift + Isolation Forest,1,Pressure anomaly requires further investigation because spatial evidence is insufficient.
2026-01-01 06:03:00,AWS_003,32.68,1011.09,54.11,Needs Investigation,Insufficient Spatial Evidence,Temperature,40.0,50.0,Medium,Sensor Drift + Isolation Forest,1,Temperature anomaly requires further investigation because spatial evidence is insufficient.
2026-01-01 06:04:00,AWS_003,31.88,1010.64,54.49,Needs Investigation,Insufficient Spatial Evidence,Humidity,40.0,50.0,Medium,Sensor Drift + Isolation Forest,1,Humidity anomaly requires further investigation because spatial evidence is insufficient.
2026-01-01 06:05:00,AWS_003,32.43,1010.81,51.87,Needs Investigation,Insufficient Spatial Evidence,Humidity,40.0,50.0,Medium,Sensor Drift + Isolation Forest,1,Humidity anomaly requires further investigation because spatial evidence is insufficient.
2026-01-01 06:43:00,AWS_004,999.0,0.0,0.0,Probable Sensor Fault,Sensor Drift,Pressure,80.0,90.0,Critical,Statistical Outlier + Rate-of-Change + Sensor Drift + Isolation Forest,1,Pressure reading differs by 1010.96 from the median of other AWS stations. Triggered detectors: Statistical Outlier + Rate-of-Change + Sensor Drift + Isolation Forest. Likely cause: Sensor Drift.
2026-01-01 06:44:00,AWS_004,32.27,1011.35,52.85,Needs Investigation,Insufficient Spatial Evidence,Humidity,40.0,50.0,Medium,Rate-of-Change + Sensor Drift,1,Humidity anomaly requires further investigation because spatial evidence is insufficient.
2026-01-01 06:48:00,AWS_004,32.47,1010.1,57.02,Needs Investigation,Insufficient Spatial Evidence,Humidity,40.0,50.0,Medium,Sensor Drift + Isolation Forest,1,Humidity anomaly requires further investigation because spatial evidence is insufficient.
2026-01-01 06:49:00,AWS_004,32.14,1011.16,51.42,Needs Investigation,Insufficient Spatial Evidence,Humidity,40.0,50.0,Medium,Sensor Drift + Isolation Forest,1,Humidity anomaly requires further investigation because spatial evidence is insufficient.
2026-01-01 06:50:00,AWS_004,32.51,1011.41,48.62,Needs Investigation,Insufficient Spatial Evidence,Humidity,40.0,50.0,Medium,Sensor Drift + Isolation Forest,1,Humidity anomaly requires further investigation because spatial evidence is insufficient.
2026-01-01 07:26:00,AWS_003,31.91,1012.07,96.30908525980938,Probable Sensor Fault,Sensor Drift,Humidity,80.0,90.0,Critical,Statistical Outlier + Rate-of-Change + Sensor Drift + Isolation Forest,1,Humidity reading differs by 41.27 from the median of other AWS stations. Triggered detectors: Statistical Outlier + Rate-of-Change + Sensor Drift + Isolation Forest. Likely cause: Sensor Drift.
2026-01-01 07:27:00,AWS_003,30.99,1011.8,52.4,Needs Investigation,Insufficient Spatial Evidence,Temperature,60.0,50.0,High,Rate-of-Change + Sensor Drift + Isolation Forest,1,Temperature anomaly requires further investigation because spatial evidence is insufficient.
2026-01-01 07:30:00,AWS_003,32.94,1011.91,54.84,Needs Investigation,Insufficient Spatial Evidence,Humidity,40.0,50.0,Medium,Sensor Drift + Isolation Forest,1,Humidity anomaly requires further investigation because spatial evidence is insufficient.
2026-01-01 07:31:00,AWS_003,31.98,1011.43,53.62,Needs Investigation,Insufficient Spatial Evidence,Pressure,40.0,50.0,Medium,Sensor Drift + Isolation Forest,1,Pressure anomaly requires further investigation because spatial evidence is insufficient.
2026-01-01 07:32:00,AWS_003,32.07,1011.92,52.41,Needs Investigation,Insufficient Spatial Evidence,Pressure,40.0,50.0,Medium,Sensor Drift + Isolation Forest,1,Pressure anomaly requires further investigation because spatial evidence is insufficient.
2026-01-01 07:33:00,AWS_003,31.28,1012.21,53.01,Needs Investigation,Insufficient Spatial Evidence,Temperature,40.0,50.0,Medium,Sensor Drift + Isolation Forest,1,Temperature anomaly requires further investigation because spatial evidence is insufficient.
2026-01-01 07:36:00,AWS_003,32.84,1011.44,49.72,Needs Investigation,Insufficient Spatial Evidence,Humidity,40.0,50.0,Medium,Sensor Drift + Isolation Forest,1,Humidity anomaly requires further investigation because spatial evidence is insufficient.
2026-01-01 07:39:00,AWS_004,31.82,1014.19,51.28,Needs Investigation,Insufficient Spatial Evidence,Humidity,40.0,50.0,Medium,Sensor Drift + Isolation Forest,1,Humidity anomaly requires further investigation because spatial evidence is insufficient.
2026-01-01 07:46:00,AWS_002,-999.0,0.0,150.0,Probable Sensor Fault,Sensor Drift,Temperature,80.0,90.0,Critical,Statistical Outlier + Rate-of-Change + Sensor Drift + Isolation Forest,1,Temperature reading differs by 1030.95 from the median of other AWS stations. Triggered detectors: Statistical Outlier + Rate-of-Change + Sensor Drift + Isolation Forest. Likely cause: Sensor Drift.
2026-01-01 07:47:00,AWS_002,31.67,1011.52,54.67,Needs Investigation,Insufficient Spatial Evidence,Humidity,60.0,50.0,High,Rate-of-Change + Sensor Drift + Isolation Forest,1,Humidity anomaly requires further investigation because spatial evidence is insufficient.
2026-01-01 07:48:00,AWS_002,32.23,1011.6,54.32,Needs Investigation,Insufficient Spatial Evidence,Temperature,40.0,50.0,Medium,Sensor Drift + Isolation Forest,1,Temperature anomaly requires further investigation because spatial evidence is insufficient.
2026-01-01 07:49:00,AWS_002,32.6,1011.18,52.48,Needs Investigation,Insufficient Spatial Evidence,Humidity,40.0,50.0,Medium,Sensor Drift + Isolation Forest,1,Humidity anomaly requires further investigation because spatial evidence is insufficient.
2026-01-01 07:50:00,AWS_002,32.18,1010.84,49.79,Needs Investigation,Insufficient Spatial Evidence,Humidity,40.0,50.0,Medium,Sensor Drift + Isolation Forest,1,Humidity anomaly requires further investigation because spatial evidence is insufficient.
2026-01-01 07:51:00,AWS_002,32.66,1011.16,52.16,Needs Investigation,Insufficient Spatial Evidence,Humidity,40.0,50.0,Medium,Sensor Drift + Isolation Forest,1,Humidity anomaly requires further investigation because spatial evidence is insufficient.
2026-01-01 07:52:00,AWS_001,53.78014256348051,1006.7225920709102,63.97146285156167,Probable Sensor Fault,Sudden Sensor Change,Temperature,40.0,80.0,Medium,Rate-of-Change + Isolation Forest,2,Temperature reading differs by 22.33 from the median of other AWS stations. Triggered detectors: Rate-of-Change + Isolation Forest. Likely cause: Sudden Sensor Change.
2026-01-01 07:52:00,AWS_002,31.41,1010.99,53.62,Needs Investigation,Insufficient Spatial Evidence,Humidity,40.0,50.0,Medium,Sensor Drift + Isolation Forest,2,Humidity anomaly requires further investigation because spatial evidence is insufficient.
2026-01-01 07:53:00,AWS_001,30.67,1009.88,58.0,Needs Investigation,Insufficient Spatial Evidence,Humidity,40.0,50.0,Medium,Rate-of-Change + Isolation Forest,2,Humidity anomaly requires further investigation because spatial evidence is insufficient.
2026-01-01 07:53:00,AWS_002,31.44,1012.14,56.62,Needs Investigation,Insufficient Spatial Evidence,Humidity,40.0,50.0,Medium,Sensor Drift + Isolation Forest,2,Humidity anomaly requires further investigation because spatial evidence is insufficient.
2026-01-01 07:54:00,AWS_002,31.28,1010.76,54.25,Possible Weather Event,Network-Wide Weather Pattern,Humidity,40.0,70.0,Medium,Sensor Drift + Isolation Forest,3,Humidity shows a network-wide pattern across multiple AWS stations. This suggests a possible weather event rather than an isolated sensor failure.
2026-01-01 07:54:00,AWS_004,-999.0,99999.0,-1.0,Possible Weather Event,Network-Wide Weather Pattern,Pressure,80.0,80.0,Critical,Statistical Outlier + Rate-of-Change + Sensor Drift + Isolation Forest,3,Pressure shows a network-wide pattern across multiple AWS stations. This suggests a possible weather event rather than an isolated sensor failure.
2026-01-01 07:54:00,AWS_005,999.0,0.0,0.0,Possible Weather Event,Network-Wide Weather Pattern,Pressure,80.0,80.0,Critical,Statistical Outlier + Rate-of-Change + Sensor Drift + Isolation Forest,3,Pressure shows a network-wide pattern across multiple AWS stations. This suggests a possible weather event rather than an isolated sensor failure.
2026-01-01 07:55:00,AWS_002,31.93,1012.69,53.44,Possible Weather Event,Network-Wide Weather Pattern,Humidity,40.0,70.0,Medium,Sensor Drift + Isolation Forest,3,Humidity shows a network-wide pattern across multiple AWS stations. This suggests a possible weather event rather than an isolated sensor failure.
2026-01-01 07:55:00,AWS_004,32.17,1012.63,53.2,Possible Weather Event,Network-Wide Weather Pattern,Humidity,60.0,75.0,High,Rate-of-Change + Sensor Drift + Isolation Forest,3,Humidity shows a network-wide pattern across multiple AWS stations. This suggests a possible weather event rather than an isolated sensor failure.
2026-01-01 07:55:00,AWS_005,31.97,1012.54,54.22,Possible Weather Event,Network-Wide Weather Pattern,Pressure,60.0,75.0,High,Rate-of-Change + Sensor Drift + Isolation Forest,3,Pressure shows a network-wide pattern across multiple AWS stations. This suggests a possible weather event rather than an isolated sensor failure.
2026-01-01 07:56:00,AWS_004,31.8,1013.2,52.36,Needs Investigation,Insufficient Spatial Evidence,Pressure,40.0,50.0,Medium,Sensor Drift + Isolation Forest,1,Pressure anomaly requires further investigation because spatial evidence is insufficient.
2026-01-01 07:57:00,AWS_004,31.65,1010.93,56.06,Needs Investigation,Insufficient Spatial Evidence,Pressure,40.0,50.0,Medium,Sensor Drift + Isolation Forest,1,Pressure anomaly requires further investigation because spatial evidence is insufficient.
2026-01-01 07:58:00,AWS_004,31.74,1011.14,57.02,Needs Investigation,Insufficient Spatial Evidence,Humidity,40.0,50.0,Medium,Sensor Drift + Isolation Forest,2,Humidity anomaly requires further investigation because spatial evidence is insufficient.
2026-01-01 07:58:00,AWS_005,32.93,1013.01,54.69,Needs Investigation,Insufficient Spatial Evidence,Humidity,40.0,50.0,Medium,Sensor Drift + Isolation Forest,2,Humidity anomaly requires further investigation because spatial evidence is insufficient.
2026-01-01 07:59:00,AWS_004,30.91,1011.9,54.58,Needs Investigation,Insufficient Spatial Evidence,Temperature,40.0,50.0,Medium,Sensor Drift + Isolation Forest,2,Temperature anomaly requires further investigation because spatial evidence is insufficient.
2026-01-01 07:59:00,AWS_005,32.08,1013.44,56.75,Needs Investigation,Insufficient Spatial Evidence,Humidity,40.0,50.0,Medium,Sensor Drift + Isolation Forest,2,Humidity anomaly requires further investigation because spatial evidence is insufficient.
2026-01-01 08:00:00,AWS_004,31.32,1010.99,54.74,Needs Investigation,Insufficient Spatial Evidence,Pressure,40.0,50.0,Medium,Sensor Drift + Isolation Forest,2,Pressure anomaly requires further investigation because spatial evidence is insufficient.
2026-01-01 08:00:00,AWS_005,32.12,1012.11,52.28,Needs Investigation,Insufficient Spatial Evidence,Humidity,40.0,50.0,Medium,Sensor Drift + Isolation Forest,2,Humidity anomaly requires further investigation because spatial evidence is insufficient.
2026-01-01 08:01:00,AWS_002,31.45,977.9467898983312,51.68,Probable Sensor Fault,Sensor Drift,Pressure,60.0,85.0,High,Rate-of-Change + Sensor Drift + Isolation Forest,2,Pressure reading differs by 33.72 from the median of other AWS stations. Triggered detectors: Rate-of-Change + Sensor Drift + Isolation Forest. Likely cause: Sensor Drift.
2026-01-01 08:01:00,AWS_004,31.76,1011.12,53.25,Needs Investigation,Insufficient Spatial Evidence,Humidity,40.0,50.0,Medium,Sensor Drift + Isolation Forest,2,Humidity anomaly requires further investigation because spatial evidence is insufficient.
2026-01-01 08:02:00,AWS_002,32.0,1011.09,53.96,Needs Investigation,Insufficient Spatial Evidence,Humidity,40.0,50.0,Medium,Rate-of-Change + Sensor Drift,2,Humidity anomaly requires further investigation because spatial evidence is insufficient.
2026-01-01 08:02:00,AWS_004,32.06,1012.0,56.79,Needs Investigation,Insufficient Spatial Evidence,Humidity,40.0,50.0,Medium,Sensor Drift + Isolation Forest,2,Humidity anomaly requires further investigation because spatial evidence is insufficient.
2026-01-01 08:03:00,AWS_004,31.37,1012.34,58.16,Needs Investigation,Insufficient Spatial Evidence,Pressure,40.0,50.0,Medium,Sensor Drift + Isolation Forest,1,Pressure anomaly requires further investigation because spatial evidence is insufficient.
2026-01-01 08:06:00,AWS_004,32.14,974.2619243186094,55.45,Probable Sensor Fault,Sensor Drift,Pressure,60.0,85.0,High,Rate-of-Change + Sensor Drift + Isolation Forest,1,Pressure reading differs by 37.05 from the median of other AWS stations. Triggered detectors: Rate-of-Change + Sensor Drift + Isolation Forest. Likely cause: Sensor Drift.
2026-01-01 08:07:00,AWS_004,31.99,1011.84,55.05,Needs Investigation,Insufficient Spatial Evidence,Temperature,40.0,50.0,Medium,Rate-of-Change + Sensor Drift,1,Temperature anomaly requires further investigation because spatial evidence is insufficient.
2026-01-01 08:13:00,AWS_004,31.9,1010.24,51.9,Needs Investigation,Insufficient Spatial Evidence,Humidity,40.0,50.0,Medium,Sensor Drift + Isolation Forest,1,Humidity anomaly requires further investigation because spatial evidence is insufficient.
2026-01-01 08:15:00,AWS_005,32.96,1012.18,54.28,Needs Investigation,Insufficient Spatial Evidence,Temperature,40.0,50.0,Medium,Sensor Drift + Isolation Forest,1,Temperature anomaly requires further investigation because spatial evidence is insufficient.
2026-01-01 08:29:00,AWS_005,54.77894329363834,1011.4919749549546,68.72611324760268,Probable Sensor Fault,Sensor Drift,Temperature,60.0,85.0,High,Rate-of-Change + Sensor Drift + Isolation Forest,1,Temperature reading differs by 23.67 from the median of other AWS stations. Triggered detectors: Rate-of-Change + Sensor Drift + Isolation Forest. Likely cause: Sensor Drift.
2026-01-01 08:30:00,AWS_005,31.78,1011.77,57.96,Needs Investigation,Insufficient Spatial Evidence,Humidity,60.0,50.0,High,Rate-of-Change + Sensor Drift + Isolation Forest,1,Humidity anomaly requires further investigation because spatial evidence is insufficient.
2026-01-01 08:31:00,AWS_005,31.75,1011.95,55.17,Needs Investigation,Insufficient Spatial Evidence,Temperature,40.0,50.0,Medium,Sensor Drift + Isolation Forest,1,Temperature anomaly requires further investigation because spatial evidence is insufficient.
2026-01-01 08:32:00,AWS_002,31.49,1010.9,59.39,Needs Investigation,Insufficient Spatial Evidence,Humidity,40.0,50.0,Medium,Sensor Drift + Isolation Forest,2,Humidity anomaly requires further investigation because spatial evidence is insufficient.
2026-01-01 08:32:00,AWS_005,32.13,1011.81,54.75,Needs Investigation,Insufficient Spatial Evidence,Temperature,40.0,50.0,Medium,Sensor Drift + Isolation Forest,2,Temperature anomaly requires further investigation because spatial evidence is insufficient.
2026-01-01 08:33:00,AWS_005,31.68,1013.07,52.7,Needs Investigation,Insufficient Spatial Evidence,Humidity,40.0,50.0,Medium,Sensor Drift + Isolation Forest,1,Humidity anomaly requires further investigation because spatial evidence is insufficient.
2026-01-01 08:34:00,AWS_005,31.23,1012.36,53.96,Needs Investigation,Insufficient Spatial Evidence,Pressure,40.0,50.0,Medium,Sensor Drift + Isolation Forest,1,Pressure anomaly requires further investigation because spatial evidence is insufficient.
2026-01-01 08:35:00,AWS_005,32.28,1012.45,54.25,Needs Investigation,Insufficient Spatial Evidence,Humidity,40.0,50.0,Medium,Sensor Drift + Isolation Forest,1,Humidity anomaly requires further investigation because spatial evidence is insufficient.
2026-01-01 08:36:00,AWS_005,32.24,1012.07,58.13,Needs Investigation,Insufficient Spatial Evidence,Humidity,40.0,50.0,Medium,Sensor Drift + Isolation Forest,1,Humidity anomaly requires further investigation because spatial evidence is insufficient.
2026-01-01 08:37:00,AWS_005,31.67,1012.02,54.9,Needs Investigation,Insufficient Spatial Evidence,Temperature,40.0,50.0,Medium,Sensor Drift + Isolation Forest,1,Temperature anomaly requires further investigation because spatial evidence is insufficient.
2026-01-01 08:38:00,AWS_005,32.02,1013.53,56.7,Needs Investigation,Insufficient Spatial Evidence,Humidity,40.0,50.0,Medium,Sensor Drift + Isolation Forest,1,Humidity anomaly requires further investigation because spatial evidence is insufficient.
2026-01-01 08:49:00,AWS_005,59.18708005573697,1011.9,53.66,Probable Sensor Fault,Sensor Drift,Temperature,60.0,85.0,High,Rate-of-Change + Sensor Drift + Isolation Forest,1,Temperature reading differs by 28.31 from the median of other AWS stations. Triggered detectors: Rate-of-Change + Sensor Drift + Isolation Forest. Likely cause: Sensor Drift.
2026-01-01 08:50:00,AWS_005,32.03,1012.24,57.79,Needs Investigation,Insufficient Spatial Evidence,Temperature,60.0,50.0,High,Rate-of-Change + Sensor Drift + Isolation Forest,1,Temperature anomaly requires further investigation because spatial evidence is insufficient.
2026-01-01 08:58:00,AWS_003,30.78,1013.89,73.6,Probable Sensor Fault,Sensor Drift,Humidity,40.0,80.0,Medium,Sensor Drift + Isolation Forest,1,Humidity reading differs by 19.02 from the median of other AWS stations. Triggered detectors: Sensor Drift + Isolation Forest. Likely cause: Sensor Drift.
2026-01-01 09:03:00,AWS_005,52.19342163096722,1011.77,54.7,Probable Sensor Fault,Sensor Drift,Temperature,60.0,85.0,High,Rate-of-Change + Sensor Drift + Isolation Forest,1,Temperature reading differs by 21.60 from the median of other AWS stations. Triggered detectors: Rate-of-Change + Sensor Drift + Isolation Forest. Likely cause: Sensor Drift.
2026-01-01 09:04:00,AWS_003,30.11,1011.63,81.82,Probable Sensor Fault,Sensor Drift,Humidity,40.0,80.0,Medium,Sensor Drift + Isolation Forest,2,Humidity reading differs by 26.02 from the median of other AWS stations. Triggered detectors: Sensor Drift + Isolation Forest. Likely cause: Sensor Drift.
2026-01-01 09:04:00,AWS_005,31.37,1013.55,54.12,Needs Investigation,Insufficient Spatial Evidence,Humidity,60.0,50.0,High,Rate-of-Change + Sensor Drift + Isolation Forest,2,Humidity anomaly requires further investigation because spatial evidence is insufficient.
2026-01-01 09:10:00,AWS_003,30.75,1012.6,59.71,Needs Investigation,Insufficient Spatial Evidence,Humidity,60.0,50.0,High,Rate-of-Change + Sensor Drift + Isolation Forest,1,Humidity anomaly requires further investigation because spatial evidence is insufficient.
2026-01-01 09:17:00,AWS_004,29.62,1011.78,50.29,Needs Investigation,Insufficient Spatial Evidence,Humidity,40.0,50.0,Medium,Sensor Drift + Isolation Forest,1,Humidity anomaly requires further investigation because spatial evidence is insufficient.
2026-01-01 09:22:00,AWS_002,30.37,1012.01,97.78643893523528,Probable Sensor Fault,Sensor Drift,Humidity,80.0,90.0,Critical,Statistical Outlier + Rate-of-Change + Sensor Drift + Isolation Forest,1,Humidity reading differs by 41.85 from the median of other AWS stations. Triggered detectors: Statistical Outlier + Rate-of-Change + Sensor Drift + Isolation Forest. Likely cause: Sensor Drift.
2026-01-01 09:23:00,AWS_002,30.69,1012.34,58.7,Needs Investigation,Insufficient Spatial Evidence,Humidity,40.0,50.0,Medium,Rate-of-Change + Sensor Drift,1,Humidity anomaly requires further investigation because spatial evidence is insufficient.
2026-01-01 09:40:00,AWS_004,11.831820845798587,1013.13,58.75,Probable Sensor Fault,Sensor Drift,Temperature,60.0,85.0,High,Rate-of-Change + Sensor Drift + Isolation Forest,1,Temperature reading differs by 18.51 from the median of other AWS stations. Triggered detectors: Rate-of-Change + Sensor Drift + Isolation Forest. Likely cause: Sensor Drift.
2026-01-01 09:41:00,AWS_001,29.64,1011.78,97.73821506517923,Probable Sensor Fault,Sudden Sensor Change,Humidity,60.0,85.0,High,Statistical Outlier + Rate-of-Change + Isolation Forest,2,Humidity reading differs by 39.66 from the median of other AWS stations. Triggered detectors: Statistical Outlier + Rate-of-Change + Isolation Forest. Likely cause: Sudden Sensor Change.
2026-01-01 09:41:00,AWS_004,29.8,1011.41,59.14,Needs Investigation,Insufficient Spatial Evidence,Humidity,40.0,50.0,Medium,Rate-of-Change + Sensor Drift,2,Humidity anomaly requires further investigation because spatial evidence is insufficient.
2026-01-01 09:44:00,AWS_002,-999.0,99999.0,150.0,Probable Sensor Fault,Sensor Drift,Pressure,80.0,90.0,Critical,Statistical Outlier + Rate-of-Change + Sensor Drift + Isolation Forest,1,Pressure reading differs by 98987.30 from the median of other AWS stations. Triggered detectors: Statistical Outlier + Rate-of-Change + Sensor Drift + Isolation Forest. Likely cause: Sensor Drift.
2026-01-01 09:45:00,AWS_002,30.74,1012.69,57.57,Needs Investigation,Insufficient Spatial Evidence,Temperature,60.0,50.0,High,Rate-of-Change + Sensor Drift + Isolation Forest,1,Temperature anomaly requires further investigation because spatial evidence is insufficient.
2026-01-01 09:46:00,AWS_002,29.88,1012.45,56.66,Needs Investigation,Insufficient Spatial Evidence,Humidity,40.0,50.0,Medium,Sensor Drift + Isolation Forest,1,Humidity anomaly requires further investigation because spatial evidence is insufficient.
2026-01-01 09:47:00,AWS_002,30.01,1011.73,56.09,Needs Investigation,Insufficient Spatial Evidence,Humidity,40.0,50.0,Medium,Sensor Drift + Isolation Forest,2,Humidity anomaly requires further investigation because spatial evidence is insufficient.
2026-01-01 09:47:00,AWS_004,29.78,1014.09,61.69,Needs Investigation,Insufficient Spatial Evidence,Humidity,40.0,50.0,Medium,Sensor Drift + Isolation Forest,2,Humidity anomaly requires further investigation because spatial evidence is insufficient.
2026-01-01 09:48:00,AWS_002,29.41,1010.86,58.86,Needs Investigation,Insufficient Spatial Evidence,Pressure,40.0,50.0,Medium,Sensor Drift + Isolation Forest,1,Pressure anomaly requires further investigation because spatial evidence is insufficient.
2026-01-01 09:49:00,AWS_002,30.22,1011.86,59.47,Needs Investigation,Insufficient Spatial Evidence,Temperature,40.0,50.0,Medium,Sensor Drift + Isolation Forest,1,Temperature anomaly requires further investigation because spatial evidence is insufficient.
2026-01-01 09:50:00,AWS_002,30.16,1011.83,57.46,Needs Investigation,Insufficient Spatial Evidence,Humidity,40.0,50.0,Medium,Sensor Drift + Isolation Forest,1,Humidity anomaly requires further investigation because spatial evidence is insufficient.
2026-01-01 09:51:00,AWS_002,30.06,1012.86,60.15,Needs Investigation,Insufficient Spatial Evidence,Humidity,40.0,50.0,Medium,Sensor Drift + Isolation Forest,1,Humidity anomaly requires further investigation because spatial evidence is insufficient.
2026-01-01 09:52:00,AWS_002,29.93,1012.28,59.57,Needs Investigation,Insufficient Spatial Evidence,Humidity,40.0,50.0,Medium,Sensor Drift + Isolation Forest,1,Humidity anomaly requires further investigation because spatial evidence is insufficient.
2026-01-01 09:53:00,AWS_002,29.88,1013.32,58.77,Needs Investigation,Insufficient Spatial Evidence,Pressure,40.0,50.0,Medium,Sensor Drift + Isolation Forest,1,Pressure anomaly requires further investigation because spatial evidence is insufficient.
2026-01-01 10:04:00,AWS_003,52.22119284156955,1011.73,58.27,Probable Sensor Fault,Sudden Sensor Change,Temperature,40.0,80.0,Medium,Rate-of-Change + Isolation Forest,1,Temperature reading differs by 22.64 from the median of other AWS stations. Triggered detectors: Rate-of-Change + Isolation Forest. Likely cause: Sudden Sensor Change.
2026-01-01 10:05:00,AWS_003,29.87,1013.0,57.97,Needs Investigation,Insufficient Spatial Evidence,Pressure,40.0,50.0,Medium,Rate-of-Change + Isolation Forest,1,Pressure anomaly requires further investigation because spatial evidence is insufficient.
2026-01-01 10:07:00,AWS_003,49.48578983195168,1010.05,57.42,Probable Sensor Fault,Sudden Sensor Change,Temperature,40.0,80.0,Medium,Rate-of-Change + Isolation Forest,1,Temperature reading differs by 19.32 from the median of other AWS stations. Triggered detectors: Rate-of-Change + Isolation Forest. Likely cause: Sudden Sensor Change.
2026-01-01 10:08:00,AWS_003,29.72,1012.09,61.64,Needs Investigation,Insufficient Spatial Evidence,Humidity,40.0,50.0,Medium,Rate-of-Change + Isolation Forest,1,Humidity anomaly requires further investigation because spatial evidence is insufficient.
2026-01-01 10:10:00,AWS_003,57.31708667542573,1011.67,58.56,Probable Sensor Fault,Sudden Sensor Change,Temperature,40.0,80.0,Medium,Rate-of-Change + Isolation Forest,1,Temperature reading differs by 27.89 from the median of other AWS stations. Triggered detectors: Rate-of-Change + Isolation Forest. Likely cause: Sudden Sensor Change.
2026-01-01 10:11:00,AWS_003,29.26,1012.94,57.38,Needs Investigation,Insufficient Spatial Evidence,Humidity,40.0,50.0,Medium,Rate-of-Change + Isolation Forest,1,Humidity anomaly requires further investigation because spatial evidence is insufficient.
2026-01-01 10:50:00,AWS_003,8.840377785812759,1010.02,61.25,Probable Sensor Fault,Sudden Sensor Change,Temperature,40.0,80.0,Medium,Rate-of-Change + Isolation Forest,1,Temperature reading differs by 19.84 from the median of other AWS stations. Triggered detectors: Rate-of-Change + Isolation Forest. Likely cause: Sudden Sensor Change.
2026-01-01 10:51:00,AWS_003,28.31,1012.98,63.31,Needs Investigation,Insufficient Spatial Evidence,Humidity,40.0,50.0,Medium,Rate-of-Change + Isolation Forest,1,Humidity anomaly requires further investigation because spatial evidence is insufficient.
2026-01-01 11:59:00,AWS_004,999.0,0.0,0.0,Probable Sensor Fault,Sensor Drift,Pressure,80.0,90.0,Critical,Statistical Outlier + Rate-of-Change + Sensor Drift + Isolation Forest,1,Pressure reading differs by 1012.08 from the median of other AWS stations. Triggered detectors: Statistical Outlier + Rate-of-Change + Sensor Drift + Isolation Forest. Likely cause: Sensor Drift.
2026-01-01 12:00:00,AWS_004,27.48,1013.22,65.94,Needs Investigation,Insufficient Spatial Evidence,Pressure,60.0,50.0,High,Rate-of-Change + Sensor Drift + Isolation Forest,1,Pressure anomaly requires further investigation because spatial evidence is insufficient.
2026-01-01 12:01:00,AWS_004,26.7,1010.12,64.46,Needs Investigation,Insufficient Spatial Evidence,Pressure,40.0,50.0,Medium,Sensor Drift + Isolation Forest,1,Pressure anomaly requires further investigation because spatial evidence is insufficient.
2026-01-01 12:07:00,AWS_004,26.07,1012.64,68.66,Needs Investigation,Insufficient Spatial Evidence,Humidity,40.0,50.0,Medium,Sensor Drift + Isolation Forest,1,Humidity anomaly requires further investigation because spatial evidence is insufficient.
2026-01-01 12:08:00,AWS_004,27.38,1011.72,70.49,Needs Investigation,Insufficient Spatial Evidence,Humidity,40.0,50.0,Medium,Sensor Drift + Isolation Forest,1,Humidity anomaly requires further investigation because spatial evidence is insufficient.
2026-01-01 12:10:00,AWS_001,7.64168504846943,1012.01,64.1,Probable Sensor Fault,Sudden Sensor Change,Temperature,40.0,80.0,Medium,Rate-of-Change + Isolation Forest,2,Temperature reading differs by 19.24 from the median of other AWS stations. Triggered detectors: Rate-of-Change + Isolation Forest. Likely cause: Sudden Sensor Change.
2026-01-01 12:10:00,AWS_004,27.06,1012.65,95.46024254915169,Probable Sensor Fault,Sensor Drift,Humidity,80.0,90.0,Critical,Statistical Outlier + Rate-of-Change + Sensor Drift + Isolation Forest,2,Humidity reading differs by 30.36 from the median of other AWS stations. Triggered detectors: Statistical Outlier + Rate-of-Change + Sensor Drift + Isolation Forest. Likely cause: Sensor Drift.
2026-01-01 12:11:00,AWS_001,26.06,1010.51,62.56,Needs Investigation,Insufficient Spatial Evidence,Humidity,40.0,50.0,Medium,Rate-of-Change + Isolation Forest,2,Humidity anomaly requires further investigation because spatial evidence is insufficient.
2026-01-01 12:11:00,AWS_004,27.55,1012.3,66.5,Needs Investigation,Insufficient Spatial Evidence,Humidity,60.0,50.0,High,Rate-of-Change + Sensor Drift + Isolation Forest,2,Humidity anomaly requires further investigation because spatial evidence is insufficient.
2026-01-01 12:12:00,AWS_004,26.36,1012.01,66.23,Needs Investigation,Insufficient Spatial Evidence,Temperature,40.0,50.0,Medium,Sensor Drift + Isolation Forest,1,Temperature anomaly requires further investigation because spatial evidence is insufficient.
2026-01-01 12:36:00,AWS_004,999.0,99999.0,150.0,Probable Sensor Fault,Sensor Drift,Pressure,80.0,90.0,Critical,Statistical Outlier + Rate-of-Change + Sensor Drift + Isolation Forest,1,Pressure reading differs by 98987.32 from the median of other AWS stations. Triggered detectors: Statistical Outlier + Rate-of-Change + Sensor Drift + Isolation Forest. Likely cause: Sensor Drift.
2026-01-01 12:37:00,AWS_004,26.42,1012.5,66.64,Needs Investigation,Insufficient Spatial Evidence,Pressure,60.0,50.0,High,Rate-of-Change + Sensor Drift + Isolation Forest,1,Pressure anomaly requires further investigation because spatial evidence is insufficient.
2026-01-01 12:38:00,AWS_004,25.98,1011.23,63.65,Needs Investigation,Insufficient Spatial Evidence,Humidity,40.0,50.0,Medium,Sensor Drift + Isolation Forest,1,Humidity anomaly requires further investigation because spatial evidence is insufficient.
2026-01-01 12:39:00,AWS_004,26.67,1011.35,64.98,Needs Investigation,Insufficient Spatial Evidence,Humidity,40.0,50.0,Medium,Sensor Drift + Isolation Forest,1,Humidity anomaly requires further investigation because spatial evidence is insufficient.
2026-01-01 12:40:00,AWS_004,26.39,1012.09,68.04,Needs Investigation,Insufficient Spatial Evidence,Humidity,40.0,50.0,Medium,Sensor Drift + Isolation Forest,1,Humidity anomaly requires further investigation because spatial evidence is insufficient.
2026-01-01 12:41:00,AWS_004,26.37,1011.63,63.81,Needs Investigation,Insufficient Spatial Evidence,Humidity,40.0,50.0,Medium,Sensor Drift + Isolation Forest,1,Humidity anomaly requires further investigation because spatial evidence is insufficient.
2026-01-01 12:42:00,AWS_004,26.42,1012.4,66.55,Needs Investigation,Insufficient Spatial Evidence,Humidity,40.0,50.0,Medium,Sensor Drift + Isolation Forest,1,Humidity anomaly requires further investigation because spatial evidence is insufficient.
2026-01-01 12:43:00,AWS_004,26.45,1011.66,67.32,Needs Investigation,Insufficient Spatial Evidence,Pressure,40.0,50.0,Medium,Sensor Drift + Isolation Forest,1,Pressure anomaly requires further investigation because spatial evidence is insufficient.
2026-01-01 12:44:00,AWS_004,25.64,1013.4,69.59,Needs Investigation,Insufficient Spatial Evidence,Pressure,40.0,50.0,Medium,Sensor Drift + Isolation Forest,1,Pressure anomaly requires further investigation because spatial evidence is insufficient.
2026-01-01 12:45:00,AWS_004,26.65,1012.68,68.57,Needs Investigation,Insufficient Spatial Evidence,Humidity,40.0,50.0,Medium,Sensor Drift + Isolation Forest,1,Humidity anomaly requires further investigation because spatial evidence is insufficient.
2026-01-01 12:55:00,AWS_003,25.97,1012.4,97.51158341374476,Probable Sensor Fault,Sudden Sensor Change,Humidity,60.0,85.0,High,Statistical Outlier + Rate-of-Change + Isolation Forest,1,Humidity reading differs by 29.53 from the median of other AWS stations. Triggered detectors: Statistical Outlier + Rate-of-Change + Isolation Forest. Likely cause: Sudden Sensor Change.
2026-01-01 13:00:00,AWS_003,10.398722630470049,1011.01,68.31,Probable Sensor Fault,Sudden Sensor Change,Temperature,40.0,80.0,Medium,Rate-of-Change + Isolation Forest,1,Temperature reading differs by 15.57 from the median of other AWS stations. Triggered detectors: Rate-of-Change + Isolation Forest. Likely cause: Sudden Sensor Change.
2026-01-01 13:01:00,AWS_003,25.86,1013.45,68.93,Needs Investigation,Insufficient Spatial Evidence,Humidity,40.0,50.0,Medium,Rate-of-Change + Isolation Forest,1,Humidity anomaly requires further investigation because spatial evidence is insufficient.
2026-01-01 13:20:00,AWS_005,1.8747391668267,1012.32,69.62,Probable Sensor Fault,Sudden Sensor Change,Temperature,40.0,80.0,Medium,Rate-of-Change + Isolation Forest,1,Temperature reading differs by 23.77 from the median of other AWS stations. Triggered detectors: Rate-of-Change + Isolation Forest. Likely cause: Sudden Sensor Change.
2026-01-01 13:21:00,AWS_005,26.19,1013.12,68.17,Needs Investigation,Insufficient Spatial Evidence,Pressure,40.0,50.0,Medium,Rate-of-Change + Isolation Forest,1,Pressure anomaly requires further investigation because spatial evidence is insufficient.
2026-01-01 13:46:00,AWS_003,24.51,1050.2017454326162,65.39,Probable Sensor Fault,Sudden Sensor Change,Pressure,40.0,80.0,Medium,Rate-of-Change + Isolation Forest,1,Pressure reading differs by 38.34 from the median of other AWS stations. Triggered detectors: Rate-of-Change + Isolation Forest. Likely cause: Sudden Sensor Change.
2026-01-01 13:47:00,AWS_001,24.31,1051.846343992901,72.52,Possible Weather Event,Network-Wide Weather Pattern,Pressure,40.0,70.0,Medium,Rate-of-Change + Isolation Forest,3,Pressure shows a network-wide pattern across multiple AWS stations. This suggests a possible weather event rather than an isolated sensor failure.
2026-01-01 13:47:00,AWS_003,24.7,1011.78,71.66,Possible Weather Event,Network-Wide Weather Pattern,Pressure,40.0,70.0,Medium,Rate-of-Change + Isolation Forest,3,Pressure shows a network-wide pattern across multiple AWS stations. This suggests a possible weather event rather than an isolated sensor failure.
2026-01-01 13:47:00,AWS_005,6.035529102411086,1011.57,72.94,Possible Weather Event,Network-Wide Weather Pattern,Temperature,60.0,75.0,High,Rate-of-Change + Sensor Drift + Isolation Forest,3,Temperature shows a network-wide pattern across multiple AWS stations. This suggests a possible weather event rather than an isolated sensor failure.
2026-01-01 13:48:00,AWS_001,24.2,1011.27,67.0,Needs Investigation,Insufficient Spatial Evidence,Humidity,40.0,50.0,Medium,Rate-of-Change + Isolation Forest,2,Humidity anomaly requires further investigation because spatial evidence is insufficient.
2026-01-01 13:48:00,AWS_005,25.53,1010.99,74.92,Needs Investigation,Insufficient Spatial Evidence,Humidity,60.0,50.0,High,Rate-of-Change + Sensor Drift + Isolation Forest,2,Humidity anomaly requires further investigation because spatial evidence is insufficient.
2026-01-01 14:06:00,AWS_005,6.035435859994262,1012.36,71.16,Probable Sensor Fault,Sudden Sensor Change,Temperature,40.0,80.0,Medium,Rate-of-Change + Isolation Forest,1,Temperature reading differs by 18.87 from the median of other AWS stations. Triggered detectors: Rate-of-Change + Isolation Forest. Likely cause: Sudden Sensor Change.
2026-01-01 14:07:00,AWS_005,25.49,1013.59,73.44,Needs Investigation,Insufficient Spatial Evidence,Humidity,40.0,50.0,Medium,Rate-of-Change + Isolation Forest,1,Humidity anomaly requires further investigation because spatial evidence is insufficient.
2026-01-01 14:24:00,AWS_004,25.24,1013.34,68.97,Needs Investigation,Insufficient Spatial Evidence,Pressure,40.0,50.0,Medium,Sensor Drift + Isolation Forest,1,Pressure anomaly requires further investigation because spatial evidence is insufficient.
2026-01-01 14:37:00,AWS_003,-0.6810703916856191,1012.44,70.35,Probable Sensor Fault,Sudden Sensor Change,Temperature,40.0,80.0,Medium,Rate-of-Change + Isolation Forest,1,Temperature reading differs by 25.07 from the median of other AWS stations. Triggered detectors: Rate-of-Change + Isolation Forest. Likely cause: Sudden Sensor Change.
2026-01-01 14:38:00,AWS_003,22.96,1011.28,69.68,Needs Investigation,Insufficient Spatial Evidence,Humidity,40.0,50.0,Medium,Rate-of-Change + Isolation Forest,1,Humidity anomaly requires further investigation because spatial evidence is insufficient.
2026-01-01 14:49:00,AWS_002,24.72,1054.424332053266,75.21,Probable Sensor Fault,Sudden Sensor Change,Pressure,40.0,80.0,Medium,Rate-of-Change + Isolation Forest,2,Pressure reading differs by 41.36 from the median of other AWS stations. Triggered detectors: Rate-of-Change + Isolation Forest. Likely cause: Sudden Sensor Change.
2026-01-01 14:49:00,AWS_005,24.27,1013.61,98.18099971352834,Probable Sensor Fault,Sudden Sensor Change,Humidity,60.0,85.0,High,Statistical Outlier + Rate-of-Change + Isolation Forest,2,Humidity reading differs by 24.21 from the median of other AWS stations. Triggered detectors: Statistical Outlier + Rate-of-Change + Isolation Forest. Likely cause: Sudden Sensor Change.
2026-01-01 14:50:00,AWS_005,24.29,1011.97,73.37,Needs Investigation,Insufficient Spatial Evidence,Humidity,40.0,50.0,Medium,Rate-of-Change + Isolation Forest,1,Humidity anomaly requires further investigation because spatial evidence is insufficient.
2026-01-01 14:56:00,AWS_005,5.812097385220447,1011.52,73.32,Probable Sensor Fault,Sudden Sensor Change,Temperature,40.0,80.0,Medium,Rate-of-Change + Isolation Forest,1,Temperature reading differs by 17.83 from the median of other AWS stations. Triggered detectors: Rate-of-Change + Isolation Forest. Likely cause: Sudden Sensor Change.
2026-01-01 14:57:00,AWS_005,24.15,1011.37,70.61,Needs Investigation,Insufficient Spatial Evidence,Humidity,40.0,50.0,Medium,Rate-of-Change + Isolation Forest,1,Humidity anomaly requires further investigation because spatial evidence is insufficient.
2026-01-01 15:17:00,AWS_005,24.1,1011.66,98.47527644801046,Probable Sensor Fault,Sudden Sensor Change,Humidity,60.0,85.0,High,Statistical Outlier + Rate-of-Change + Isolation Forest,1,Humidity reading differs by 23.06 from the median of other AWS stations. Triggered detectors: Statistical Outlier + Rate-of-Change + Isolation Forest. Likely cause: Sudden Sensor Change.
2026-01-01 15:18:00,AWS_005,23.9,1012.01,74.28,Needs Investigation,Insufficient Spatial Evidence,Temperature,40.0,50.0,Medium,Rate-of-Change + Isolation Forest,1,Temperature anomaly requires further investigation because spatial evidence is insufficient.
2026-01-01 15:19:00,AWS_002,48.1904158291295,1012.48,72.02,Probable Sensor Fault,Sudden Sensor Change,Temperature,40.0,80.0,Medium,Rate-of-Change + Isolation Forest,1,Temperature reading differs by 24.48 from the median of other AWS stations. Triggered detectors: Rate-of-Change + Isolation Forest. Likely cause: Sudden Sensor Change.
2026-01-01 15:20:00,AWS_002,23.87,1011.63,74.78,Needs Investigation,Insufficient Spatial Evidence,Humidity,40.0,50.0,Medium,Rate-of-Change + Isolation Forest,1,Humidity anomaly requires further investigation because spatial evidence is insufficient.
2026-01-01 15:32:00,AWS_004,22.72,1044.770405829912,75.17,Probable Sensor Fault,Sudden Sensor Change,Pressure,40.0,80.0,Medium,Rate-of-Change + Isolation Forest,1,Pressure reading differs by 32.49 from the median of other AWS stations. Triggered detectors: Rate-of-Change + Isolation Forest. Likely cause: Sudden Sensor Change.
2026-01-01 15:57:00,AWS_002,23.4,1011.39,99.63832037214117,Probable Sensor Fault,Sudden Sensor Change,Humidity,60.0,85.0,High,Statistical Outlier + Rate-of-Change + Isolation Forest,1,Humidity reading differs by 24.21 from the median of other AWS stations. Triggered detectors: Statistical Outlier + Rate-of-Change + Isolation Forest. Likely cause: Sudden Sensor Change.
2026-01-01 15:58:00,AWS_002,23.43,1012.52,78.37,Needs Investigation,Insufficient Spatial Evidence,Humidity,40.0,50.0,Medium,Rate-of-Change + Isolation Forest,1,Humidity anomaly requires further investigation because spatial evidence is insufficient.
2026-01-01 16:03:00,AWS_001,22.06,1012.81,96.4866760592105,Probable Sensor Fault,Sudden Sensor Change,Humidity,60.0,85.0,High,Statistical Outlier + Rate-of-Change + Isolation Forest,1,Humidity reading differs by 20.26 from the median of other AWS stations. Triggered detectors: Statistical Outlier + Rate-of-Change + Isolation Forest. Likely cause: Sudden Sensor Change.
2026-01-01 16:04:00,AWS_001,22.66,1011.61,74.64,Needs Investigation,Insufficient Spatial Evidence,Temperature,40.0,50.0,Medium,Rate-of-Change + Isolation Forest,1,Temperature anomaly requires further investigation because spatial evidence is insufficient.
2026-01-01 16:23:00,AWS_005,52.94647767136136,1008.797832646463,72.50673361945128,Probable Sensor Fault,Sudden Sensor Change,Temperature,40.0,80.0,Medium,Rate-of-Change + Isolation Forest,1,Temperature reading differs by 30.31 from the median of other AWS stations. Triggered detectors: Rate-of-Change + Isolation Forest. Likely cause: Sudden Sensor Change.
2026-01-01 16:24:00,AWS_005,23.43,1012.04,75.7,Needs Investigation,Insufficient Spatial Evidence,Humidity,40.0,50.0,Medium,Rate-of-Change + Isolation Forest,1,Humidity anomaly requires further investigation because spatial evidence is insufficient.
2026-01-01 16:25:00,AWS_004,56.20335477825208,1009.626538061602,68.58989137473628,Probable Sensor Fault,Sudden Sensor Change,Temperature,40.0,80.0,Medium,Rate-of-Change + Isolation Forest,1,Temperature reading differs by 33.67 from the median of other AWS stations. Triggered detectors: Rate-of-Change + Isolation Forest. Likely cause: Sudden Sensor Change.
2026-01-01 16:26:00,AWS_004,22.73,1011.94,74.69,Needs Investigation,Insufficient Spatial Evidence,Humidity,40.0,50.0,Medium,Rate-of-Change + Isolation Forest,1,Humidity anomaly requires further investigation because spatial evidence is insufficient.
2026-01-01 16:46:00,AWS_003,45.24334004413228,1011.62,75.52,Probable Sensor Fault,Sudden Sensor Change,Temperature,40.0,80.0,Medium,Rate-of-Change + Isolation Forest,1,Temperature reading differs by 22.63 from the median of other AWS stations. Triggered detectors: Rate-of-Change + Isolation Forest. Likely cause: Sudden Sensor Change.
2026-01-01 16:47:00,AWS_003,22.4,1010.99,75.54,Needs Investigation,Insufficient Spatial Evidence,Humidity,40.0,50.0,Medium,Rate-of-Change + Isolation Forest,1,Humidity anomaly requires further investigation because spatial evidence is insufficient.
2026-01-01 16:54:00,AWS_005,22.31,1011.28,95.45715402713688,Probable Sensor Fault,Isolated Sensor Reading,Humidity,40.0,80.0,Medium,Statistical Outlier + Isolation Forest,1,Humidity reading differs by 17.93 from the median of other AWS stations. Triggered detectors: Statistical Outlier + Isolation Forest. Likely cause: Isolated Sensor Reading.
2026-01-01 17:46:00,AWS_005,49.10147367335957,1011.45,78.16,Probable Sensor Fault,Sudden Sensor Change,Temperature,40.0,80.0,Medium,Rate-of-Change + Isolation Forest,1,Temperature reading differs by 26.96 from the median of other AWS stations. Triggered detectors: Rate-of-Change + Isolation Forest. Likely cause: Sudden Sensor Change.
2026-01-01 17:47:00,AWS_005,23.0,1010.23,77.19,Needs Investigation,Insufficient Spatial Evidence,Pressure,40.0,50.0,Medium,Rate-of-Change + Isolation Forest,1,Pressure anomaly requires further investigation because spatial evidence is insufficient.
2026-01-01 18:12:00,AWS_001,22.06,1039.7340765608212,74.45,Probable Sensor Fault,Sudden Sensor Change,Pressure,40.0,80.0,Medium,Rate-of-Change + Isolation Forest,1,Pressure reading differs by 29.00 from the median of other AWS stations. Triggered detectors: Rate-of-Change + Isolation Forest. Likely cause: Sudden Sensor Change.
2026-01-01 18:13:00,AWS_001,21.57,1012.25,77.09,Needs Investigation,Insufficient Spatial Evidence,Pressure,40.0,50.0,Medium,Rate-of-Change + Isolation Forest,1,Pressure anomaly requires further investigation because spatial evidence is insufficient.
2026-01-01 18:35:00,AWS_005,52.36792613052621,1009.751556247919,66.81724592852193,Probable Sensor Fault,Sudden Sensor Change,Temperature,40.0,80.0,Medium,Rate-of-Change + Isolation Forest,1,Temperature reading differs by 29.88 from the median of other AWS stations. Triggered detectors: Rate-of-Change + Isolation Forest. Likely cause: Sudden Sensor Change.
2026-01-01 18:36:00,AWS_005,22.82,1011.61,76.04,Needs Investigation,Insufficient Spatial Evidence,Humidity,40.0,50.0,Medium,Rate-of-Change + Isolation Forest,1,Humidity anomaly requires further investigation because spatial evidence is insufficient.
2026-01-01 18:52:00,AWS_003,1.8181223669546789,1010.62,75.18,Probable Sensor Fault,Sudden Sensor Change,Temperature,40.0,80.0,Medium,Rate-of-Change + Isolation Forest,1,Temperature reading differs by 20.79 from the median of other AWS stations. Triggered detectors: Rate-of-Change + Isolation Forest. Likely cause: Sudden Sensor Change.
2026-01-01 18:53:00,AWS_003,21.8,1009.71,79.3,Needs Investigation,Insufficient Spatial Evidence,Humidity,40.0,50.0,Medium,Rate-of-Change + Isolation Forest,1,Humidity anomaly requires further investigation because spatial evidence is insufficient.
2026-01-01 18:54:00,AWS_001,47.03212688756829,1011.21,75.54,Probable Sensor Fault,Sudden Sensor Change,Temperature,40.0,80.0,Medium,Rate-of-Change + Isolation Forest,1,Temperature reading differs by 24.38 from the median of other AWS stations. Triggered detectors: Rate-of-Change + Isolation Forest. Likely cause: Sudden Sensor Change.
2026-01-01 18:55:00,AWS_001,21.49,1010.2,76.77,Needs Investigation,Insufficient Spatial Evidence,Pressure,40.0,50.0,Medium,Rate-of-Change + Isolation Forest,1,Pressure anomaly requires further investigation because spatial evidence is insufficient.
2026-01-01 19:03:00,AWS_003,-999.0,-999.0,0.0,Probable Sensor Fault,Sensor Drift,Pressure,80.0,90.0,Critical,Statistical Outlier + Rate-of-Change + Sensor Drift + Isolation Forest,1,Pressure reading differs by 2008.98 from the median of other AWS stations. Triggered detectors: Statistical Outlier + Rate-of-Change + Sensor Drift + Isolation Forest. Likely cause: Sensor Drift.
2026-01-01 19:04:00,AWS_003,22.61,1010.0,75.38,Needs Investigation,Insufficient Spatial Evidence,Pressure,60.0,50.0,High,Rate-of-Change + Sensor Drift + Isolation Forest,1,Pressure anomaly requires further investigation because spatial evidence is insufficient.
2026-01-01 19:05:00,AWS_003,22.54,1010.07,78.47,Needs Investigation,Insufficient Spatial Evidence,Humidity,40.0,50.0,Medium,Sensor Drift + Isolation Forest,1,Humidity anomaly requires further investigation because spatial evidence is insufficient.
2026-01-01 19:06:00,AWS_003,22.71,1010.5,75.86,Needs Investigation,Insufficient Spatial Evidence,Pressure,40.0,50.0,Medium,Sensor Drift + Isolation Forest,1,Pressure anomaly requires further investigation because spatial evidence is insufficient.
2026-01-01 19:07:00,AWS_003,23.14,1010.39,70.62,Needs Investigation,Insufficient Spatial Evidence,Humidity,40.0,50.0,Medium,Sensor Drift + Isolation Forest,1,Humidity anomaly requires further investigation because spatial evidence is insufficient.
2026-01-01 19:08:00,AWS_001,-1.7967553707949089,1010.11,75.54,Probable Sensor Fault,Sudden Sensor Change,Temperature,40.0,80.0,Medium,Rate-of-Change + Isolation Forest,2,Temperature reading differs by 24.14 from the median of other AWS stations. Triggered detectors: Rate-of-Change + Isolation Forest. Likely cause: Sudden Sensor Change.
2026-01-01 19:08:00,AWS_003,22.07,1010.29,77.24,Needs Investigation,Insufficient Spatial Evidence,Humidity,40.0,50.0,Medium,Sensor Drift + Isolation Forest,2,Humidity anomaly requires further investigation because spatial evidence is insufficient.
2026-01-01 19:09:00,AWS_001,22.14,1010.96,79.52,Needs Investigation,Insufficient Spatial Evidence,Humidity,40.0,50.0,Medium,Rate-of-Change + Isolation Forest,2,Humidity anomaly requires further investigation because spatial evidence is insufficient.
2026-01-01 19:09:00,AWS_003,22.79,1010.23,78.25,Needs Investigation,Insufficient Spatial Evidence,Humidity,40.0,50.0,Medium,Sensor Drift + Isolation Forest,2,Humidity anomaly requires further investigation because spatial evidence is insufficient.
2026-01-01 19:10:00,AWS_003,22.46,1011.6,77.47,Needs Investigation,Insufficient Spatial Evidence,Humidity,40.0,50.0,Medium,Sensor Drift + Isolation Forest,1,Humidity anomaly requires further investigation because spatial evidence is insufficient.
2026-01-01 19:11:00,AWS_003,22.96,1010.13,77.78,Needs Investigation,Insufficient Spatial Evidence,Humidity,40.0,50.0,Medium,Sensor Drift + Isolation Forest,1,Humidity anomaly requires further investigation because spatial evidence is insufficient.
2026-01-01 19:12:00,AWS_003,23.16,1010.73,79.62,Needs Investigation,Insufficient Spatial Evidence,Humidity,40.0,50.0,Medium,Sensor Drift + Isolation Forest,1,Humidity anomaly requires further investigation because spatial evidence is insufficient.
2026-01-01 19:17:00,AWS_004,2.795865239551901,1009.54,77.51,Probable Sensor Fault,Sudden Sensor Change,Temperature,40.0,80.0,Medium,Rate-of-Change + Isolation Forest,1,Temperature reading differs by 19.91 from the median of other AWS stations. Triggered detectors: Rate-of-Change + Isolation Forest. Likely cause: Sudden Sensor Change.
2026-01-01 19:30:00,AWS_002,21.92,1011.12,98.43494901279696,Probable Sensor Fault,Sudden Sensor Change,Humidity,60.0,85.0,High,Statistical Outlier + Rate-of-Change + Isolation Forest,1,Humidity reading differs by 23.07 from the median of other AWS stations. Triggered detectors: Statistical Outlier + Rate-of-Change + Isolation Forest. Likely cause: Sudden Sensor Change.
2026-01-01 19:31:00,AWS_002,22.93,1010.27,77.25,Needs Investigation,Insufficient Spatial Evidence,Humidity,40.0,50.0,Medium,Rate-of-Change + Isolation Forest,1,Humidity anomaly requires further investigation because spatial evidence is insufficient.
2026-01-01 19:49:00,AWS_003,999.0,-999.0,-1.0,Probable Sensor Fault,Sensor Drift,Pressure,80.0,90.0,Critical,Statistical Outlier + Rate-of-Change + Sensor Drift + Isolation Forest,1,Pressure reading differs by 2008.65 from the median of other AWS stations. Triggered detectors: Statistical Outlier + Rate-of-Change + Sensor Drift + Isolation Forest. Likely cause: Sensor Drift.
2026-01-01 19:50:00,AWS_003,22.35,1008.57,75.43,Needs Investigation,Insufficient Spatial Evidence,Pressure,60.0,50.0,High,Rate-of-Change + Sensor Drift + Isolation Forest,1,Pressure anomaly requires further investigation because spatial evidence is insufficient.
2026-01-01 19:51:00,AWS_003,22.77,1011.91,76.77,Needs Investigation,Insufficient Spatial Evidence,Pressure,40.0,50.0,Medium,Sensor Drift + Isolation Forest,1,Pressure anomaly requires further investigation because spatial evidence is insufficient.
2026-01-01 19:52:00,AWS_003,22.14,1011.07,75.77,Needs Investigation,Insufficient Spatial Evidence,Humidity,40.0,50.0,Medium,Sensor Drift + Isolation Forest,1,Humidity anomaly requires further investigation because spatial evidence is insufficient.
2026-01-01 19:53:00,AWS_003,22.97,1009.67,76.2,Needs Investigation,Insufficient Spatial Evidence,Humidity,40.0,50.0,Medium,Sensor Drift + Isolation Forest,1,Humidity anomaly requires further investigation because spatial evidence is insufficient.
2026-01-01 19:54:00,AWS_003,22.85,1010.41,78.17,Needs Investigation,Insufficient Spatial Evidence,Humidity,40.0,50.0,Medium,Sensor Drift + Isolation Forest,1,Humidity anomaly requires further investigation because spatial evidence is insufficient.
2026-01-01 19:55:00,AWS_003,22.52,1009.85,74.79,Needs Investigation,Insufficient Spatial Evidence,Humidity,40.0,50.0,Medium,Sensor Drift + Isolation Forest,1,Humidity anomaly requires further investigation because spatial evidence is insufficient.
2026-01-01 19:56:00,AWS_003,22.68,1010.92,73.42,Needs Investigation,Insufficient Spatial Evidence,Humidity,40.0,50.0,Medium,Sensor Drift + Isolation Forest,1,Humidity anomaly requires further investigation because spatial evidence is insufficient.
2026-01-01 19:57:00,AWS_003,22.95,1009.88,73.66,Needs Investigation,Insufficient Spatial Evidence,Humidity,40.0,50.0,Medium,Sensor Drift + Isolation Forest,1,Humidity anomaly requires further investigation because spatial evidence is insufficient.
2026-01-01 19:58:00,AWS_003,22.32,1009.99,73.2,Needs Investigation,Insufficient Spatial Evidence,Humidity,40.0,50.0,Medium,Sensor Drift + Isolation Forest,1,Humidity anomaly requires further investigation because spatial evidence is insufficient.
2026-01-01 20:11:00,AWS_001,21.74,1058.1499421729034,72.92,Probable Sensor Fault,Sudden Sensor Change,Pressure,40.0,80.0,Medium,Rate-of-Change + Isolation Forest,1,Pressure reading differs by 48.54 from the median of other AWS stations. Triggered detectors: Rate-of-Change + Isolation Forest. Likely cause: Sudden Sensor Change.
2026-01-01 20:12:00,AWS_001,22.56,1010.58,71.82,Needs Investigation,Insufficient Spatial Evidence,Humidity,40.0,50.0,Medium,Rate-of-Change + Isolation Forest,1,Humidity anomaly requires further investigation because spatial evidence is insufficient.
2026-01-01 21:05:00,AWS_004,3.430852998022612,1009.71,71.72,Probable Sensor Fault,Sudden Sensor Change,Temperature,40.0,80.0,Medium,Rate-of-Change + Isolation Forest,1,Temperature reading differs by 20.32 from the median of other AWS stations. Triggered detectors: Rate-of-Change + Isolation Forest. Likely cause: Sudden Sensor Change.
2026-01-01 21:06:00,AWS_004,24.17,1009.26,74.91,Needs Investigation,Insufficient Spatial Evidence,Humidity,40.0,50.0,Medium,Rate-of-Change + Isolation Forest,1,Humidity anomaly requires further investigation because spatial evidence is insufficient.
2026-01-01 21:11:00,AWS_003,51.16024194577159,1005.813078407028,63.70094477615278,Probable Sensor Fault,Sensor Drift,Temperature,60.0,85.0,High,Rate-of-Change + Sensor Drift + Isolation Forest,1,Temperature reading differs by 27.07 from the median of other AWS stations. Triggered detectors: Rate-of-Change + Sensor Drift + Isolation Forest. Likely cause: Sensor Drift.
2026-01-01 21:12:00,AWS_003,23.46,1009.66,71.82,Needs Investigation,Insufficient Spatial Evidence,Humidity,60.0,50.0,High,Rate-of-Change + Sensor Drift + Isolation Forest,1,Humidity anomaly requires further investigation because spatial evidence is insufficient.
2026-01-01 21:13:00,AWS_003,24.35,1009.46,74.69,Needs Investigation,Insufficient Spatial Evidence,Humidity,40.0,50.0,Medium,Sensor Drift + Isolation Forest,1,Humidity anomaly requires further investigation because spatial evidence is insufficient.
2026-01-01 21:14:00,AWS_003,23.78,1009.55,74.33,Needs Investigation,Insufficient Spatial Evidence,Pressure,40.0,50.0,Medium,Sensor Drift + Isolation Forest,2,Pressure anomaly requires further investigation because spatial evidence is insufficient.
2026-01-01 21:14:00,AWS_005,24.95,1010.46,97.61917076829592,Probable Sensor Fault,Sudden Sensor Change,Humidity,60.0,85.0,High,Statistical Outlier + Rate-of-Change + Isolation Forest,2,Humidity reading differs by 24.14 from the median of other AWS stations. Triggered detectors: Statistical Outlier + Rate-of-Change + Isolation Forest. Likely cause: Sudden Sensor Change.
2026-01-01 21:15:00,AWS_003,24.5,1010.38,73.95,Needs Investigation,Insufficient Spatial Evidence,Humidity,40.0,50.0,Medium,Sensor Drift + Isolation Forest,2,Humidity anomaly requires further investigation because spatial evidence is insufficient.
2026-01-01 21:15:00,AWS_005,24.72,1011.15,71.48,Needs Investigation,Insufficient Spatial Evidence,Humidity,40.0,50.0,Medium,Rate-of-Change + Isolation Forest,2,Humidity anomaly requires further investigation because spatial evidence is insufficient.
2026-01-01 21:16:00,AWS_003,24.19,1009.34,71.6,Needs Investigation,Insufficient Spatial Evidence,Humidity,40.0,50.0,Medium,Sensor Drift + Isolation Forest,1,Humidity anomaly requires further investigation because spatial evidence is insufficient.
2026-01-01 21:17:00,AWS_003,24.08,1009.36,74.0,Needs Investigation,Insufficient Spatial Evidence,Pressure,40.0,50.0,Medium,Sensor Drift + Isolation Forest,1,Pressure anomaly requires further investigation because spatial evidence is insufficient.
2026-01-01 21:18:00,AWS_003,24.29,1009.67,74.38,Needs Investigation,Insufficient Spatial Evidence,Humidity,40.0,50.0,Medium,Sensor Drift + Isolation Forest,1,Humidity anomaly requires further investigation because spatial evidence is insufficient.
2026-01-01 21:19:00,AWS_003,24.53,1011.61,73.64,Needs Investigation,Insufficient Spatial Evidence,Pressure,40.0,50.0,Medium,Sensor Drift + Isolation Forest,1,Pressure anomaly requires further investigation because spatial evidence is insufficient.
2026-01-01 21:20:00,AWS_003,24.03,1008.63,72.65,Needs Investigation,Insufficient Spatial Evidence,Humidity,40.0,50.0,Medium,Sensor Drift + Isolation Forest,1,Humidity anomaly requires further investigation because spatial evidence is insufficient.
2026-01-01 21:30:00,AWS_003,49.960286030458704,1005.1310809308956,64.75670860282945,Probable Sensor Fault,Sensor Drift,Temperature,60.0,85.0,High,Rate-of-Change + Sensor Drift + Isolation Forest,1,Temperature reading differs by 26.00 from the median of other AWS stations. Triggered detectors: Rate-of-Change + Sensor Drift + Isolation Forest. Likely cause: Sensor Drift.
2026-01-01 21:31:00,AWS_003,23.78,1009.28,72.33,Needs Investigation,Insufficient Spatial Evidence,Humidity,60.0,50.0,High,Rate-of-Change + Sensor Drift + Isolation Forest,1,Humidity anomaly requires further investigation because spatial evidence is insufficient.
2026-01-01 21:32:00,AWS_003,23.99,1009.76,68.86,Needs Investigation,Insufficient Spatial Evidence,Humidity,40.0,50.0,Medium,Sensor Drift + Isolation Forest,1,Humidity anomaly requires further investigation because spatial evidence is insufficient.
2026-01-01 21:33:00,AWS_003,23.67,1011.08,72.18,Needs Investigation,Insufficient Spatial Evidence,Pressure,40.0,50.0,Medium,Sensor Drift + Isolation Forest,1,Pressure anomaly requires further investigation because spatial evidence is insufficient.
2026-01-01 21:34:00,AWS_003,25.12,1009.79,70.65,Needs Investigation,Insufficient Spatial Evidence,Humidity,40.0,50.0,Medium,Sensor Drift + Isolation Forest,1,Humidity anomaly requires further investigation because spatial evidence is insufficient.
2026-01-01 21:35:00,AWS_003,23.9,1009.02,74.47,Needs Investigation,Insufficient Spatial Evidence,Humidity,40.0,50.0,Medium,Sensor Drift + Isolation Forest,1,Humidity anomaly requires further investigation because spatial evidence is insufficient.
2026-01-01 21:36:00,AWS_003,24.21,1008.85,70.72,Needs Investigation,Insufficient Spatial Evidence,Humidity,40.0,50.0,Medium,Sensor Drift + Isolation Forest,1,Humidity anomaly requires further investigation because spatial evidence is insufficient.
2026-01-01 21:37:00,AWS_003,24.62,1008.75,71.46,Needs Investigation,Insufficient Spatial Evidence,Humidity,40.0,50.0,Medium,Sensor Drift + Isolation Forest,1,Humidity anomaly requires further investigation because spatial evidence is insufficient.
2026-01-01 21:38:00,AWS_003,24.37,1009.01,72.46,Needs Investigation,Insufficient Spatial Evidence,Humidity,40.0,50.0,Medium,Sensor Drift + Isolation Forest,1,Humidity anomaly requires further investigation because spatial evidence is insufficient.
2026-01-01 21:59:00,AWS_004,46.99360789074858,1010.55,72.98,Probable Sensor Fault,Sudden Sensor Change,Temperature,40.0,80.0,Medium,Rate-of-Change + Isolation Forest,1,Temperature reading differs by 22.44 from the median of other AWS stations. Triggered detectors: Rate-of-Change + Isolation Forest. Likely cause: Sudden Sensor Change.
2026-01-01 22:13:00,AWS_001,0.0,-999.0,150.0,Probable Sensor Fault,Sensor Drift,Pressure,80.0,90.0,Critical,Statistical Outlier + Rate-of-Change + Sensor Drift + Isolation Forest,1,Pressure reading differs by 2008.38 from the median of other AWS stations. Triggered detectors: Statistical Outlier + Rate-of-Change + Sensor Drift + Isolation Forest. Likely cause: Sensor Drift.
2026-01-01 22:14:00,AWS_001,24.88,1009.05,70.49,Needs Investigation,Insufficient Spatial Evidence,Humidity,60.0,50.0,High,Rate-of-Change + Sensor Drift + Isolation Forest,1,Humidity anomaly requires further investigation because spatial evidence is insufficient.
2026-01-01 22:15:00,AWS_001,24.29,1007.27,67.25,Needs Investigation,Insufficient Spatial Evidence,Humidity,40.0,50.0,Medium,Sensor Drift + Isolation Forest,1,Humidity anomaly requires further investigation because spatial evidence is insufficient.
2026-01-01 22:16:00,AWS_001,24.78,1009.03,73.83,Needs Investigation,Insufficient Spatial Evidence,Humidity,40.0,50.0,Medium,Sensor Drift + Isolation Forest,1,Humidity anomaly requires further investigation because spatial evidence is insufficient.
2026-01-01 22:18:00,AWS_001,24.46,1008.29,71.4,Needs Investigation,Insufficient Spatial Evidence,Humidity,40.0,50.0,Medium,Sensor Drift + Isolation Forest,1,Humidity anomaly requires further investigation because spatial evidence is insufficient.
2026-01-01 22:19:00,AWS_001,24.42,1009.04,70.3,Needs Investigation,Insufficient Spatial Evidence,Temperature,40.0,50.0,Medium,Sensor Drift + Isolation Forest,1,Temperature anomaly requires further investigation because spatial evidence is insufficient.
2026-01-01 22:20:00,AWS_001,24.35,1008.74,69.53,Needs Investigation,Insufficient Spatial Evidence,Humidity,40.0,50.0,Medium,Sensor Drift + Isolation Forest,1,Humidity anomaly requires further investigation because spatial evidence is insufficient.
2026-01-01 22:21:00,AWS_001,24.52,1009.51,69.1,Needs Investigation,Insufficient Spatial Evidence,Humidity,40.0,50.0,Medium,Sensor Drift + Isolation Forest,1,Humidity anomaly requires further investigation because spatial evidence is insufficient.
2026-01-01 22:22:00,AWS_001,24.9,1007.88,72.4,Needs Investigation,Insufficient Spatial Evidence,Pressure,40.0,50.0,Medium,Sensor Drift + Isolation Forest,1,Pressure anomaly requires further investigation because spatial evidence is insufficient.
2026-01-01 22:25:00,AWS_005,55.01867658693965,1010.3055130369614,74.76229300263796,Probable Sensor Fault,Sudden Sensor Change,Temperature,40.0,80.0,Medium,Rate-of-Change + Isolation Forest,1,Temperature reading differs by 29.58 from the median of other AWS stations. Triggered detectors: Rate-of-Change + Isolation Forest. Likely cause: Sudden Sensor Change.
2026-01-01 22:26:00,AWS_005,25.87,1009.68,70.08,Needs Investigation,Insufficient Spatial Evidence,Pressure,40.0,50.0,Medium,Rate-of-Change + Isolation Forest,1,Pressure anomaly requires further investigation because spatial evidence is insufficient.
2026-01-01 22:28:00,AWS_003,24.77,1007.81,98.67050115909538,Probable Sensor Fault,Sudden Sensor Change,Humidity,60.0,85.0,High,Statistical Outlier + Rate-of-Change + Isolation Forest,1,Humidity reading differs by 30.45 from the median of other AWS stations. Triggered detectors: Statistical Outlier + Rate-of-Change + Isolation Forest. Likely cause: Sudden Sensor Change.
2026-01-01 23:04:00,AWS_005,4.477232728686968,1009.88,70.17,Probable Sensor Fault,Sudden Sensor Change,Temperature,40.0,80.0,Medium,Rate-of-Change + Isolation Forest,1,Temperature reading differs by 21.25 from the median of other AWS stations. Triggered detectors: Rate-of-Change + Isolation Forest. Likely cause: Sudden Sensor Change.
2026-01-01 23:27:00,AWS_004,8.701797131991533,1007.73,66.47,Probable Sensor Fault,Sudden Sensor Change,Temperature,40.0,80.0,Medium,Rate-of-Change + Isolation Forest,1,Temperature reading differs by 18.42 from the median of other AWS stations. Triggered detectors: Rate-of-Change + Isolation Forest. Likely cause: Sudden Sensor Change.
2026-01-02 00:29:00,AWS_004,6.735646554265195,1007.91,60.89,Probable Sensor Fault,Sudden Sensor Change,Temperature,40.0,80.0,Medium,Rate-of-Change + Isolation Forest,1,Temperature reading differs by 21.25 from the median of other AWS stations. Triggered detectors: Rate-of-Change + Isolation Forest. Likely cause: Sudden Sensor Change.
2026-01-02 00:30:00,AWS_004,27.74,1006.98,66.41,Needs Investigation,Insufficient Spatial Evidence,Humidity,40.0,50.0,Medium,Rate-of-Change + Isolation Forest,1,Humidity anomaly requires further investigation because spatial evidence is insufficient.
2026-01-02 00:41:00,AWS_001,52.360758936828816,1011.2390466872448,68.69225580380447,Probable Sensor Fault,Sudden Sensor Change,Temperature,40.0,80.0,Medium,Rate-of-Change + Isolation Forest,1,Temperature reading differs by 23.85 from the median of other AWS stations. Triggered detectors: Rate-of-Change + Isolation Forest. Likely cause: Sudden Sensor Change.
2026-01-02 00:42:00,AWS_001,28.42,1006.7,62.86,Needs Investigation,Insufficient Spatial Evidence,Pressure,40.0,50.0,Medium,Rate-of-Change + Isolation Forest,1,Pressure anomaly requires further investigation because spatial evidence is insufficient.
2026-01-02 00:44:00,AWS_001,27.63,962.3141229055784,62.46,Probable Sensor Fault,Sudden Sensor Change,Pressure,40.0,80.0,Medium,Rate-of-Change + Isolation Forest,1,Pressure reading differs by 45.43 from the median of other AWS stations. Triggered detectors: Rate-of-Change + Isolation Forest. Likely cause: Sudden Sensor Change.
2026-01-02 00:45:00,AWS_001,27.32,1007.2,61.91,Needs Investigation,Insufficient Spatial Evidence,Humidity,40.0,50.0,Medium,Rate-of-Change + Isolation Forest,1,Humidity anomaly requires further investigation because spatial evidence is insufficient.
2026-01-02 00:50:00,AWS_003,28.36,1009.42,97.5965967778046,Probable Sensor Fault,Sudden Sensor Change,Humidity,60.0,85.0,High,Statistical Outlier + Rate-of-Change + Isolation Forest,1,Humidity reading differs by 34.88 from the median of other AWS stations. Triggered detectors: Statistical Outlier + Rate-of-Change + Isolation Forest. Likely cause: Sudden Sensor Change.
2026-01-02 02:06:00,AWS_002,30.49,975.0837908489848,58.99,Probable Sensor Fault,Sudden Sensor Change,Pressure,40.0,80.0,Medium,Rate-of-Change + Isolation Forest,1,Pressure reading differs by 32.08 from the median of other AWS stations. Triggered detectors: Rate-of-Change + Isolation Forest. Likely cause: Sudden Sensor Change.
2026-01-02 02:07:00,AWS_002,29.24,1006.43,56.21,Needs Investigation,Insufficient Spatial Evidence,Humidity,40.0,50.0,Medium,Rate-of-Change + Isolation Forest,1,Humidity anomaly requires further investigation because spatial evidence is insufficient.
2026-01-02 02:14:00,AWS_004,999.0,99999.0,150.0,Probable Sensor Fault,Sensor Drift,Pressure,80.0,90.0,Critical,Statistical Outlier + Rate-of-Change + Sensor Drift + Isolation Forest,1,Pressure reading differs by 98991.96 from the median of other AWS stations. Triggered detectors: Statistical Outlier + Rate-of-Change + Sensor Drift + Isolation Forest. Likely cause: Sensor Drift.
2026-01-02 02:15:00,AWS_004,29.99,1007.17,59.73,Needs Investigation,Insufficient Spatial Evidence,Humidity,60.0,50.0,High,Rate-of-Change + Sensor Drift + Isolation Forest,1,Humidity anomaly requires further investigation because spatial evidence is insufficient.
2026-01-02 02:16:00,AWS_004,29.93,1007.41,58.73,Needs Investigation,Insufficient Spatial Evidence,Temperature,40.0,50.0,Medium,Sensor Drift + Isolation Forest,1,Temperature anomaly requires further investigation because spatial evidence is insufficient.
2026-01-02 02:17:00,AWS_004,30.57,1006.55,60.14,Needs Investigation,Insufficient Spatial Evidence,Humidity,40.0,50.0,Medium,Sensor Drift + Isolation Forest,1,Humidity anomaly requires further investigation because spatial evidence is insufficient.
2026-01-02 02:18:00,AWS_004,29.14,1005.98,54.89,Needs Investigation,Insufficient Spatial Evidence,Humidity,40.0,50.0,Medium,Sensor Drift + Isolation Forest,2,Humidity anomaly requires further investigation because spatial evidence is insufficient.
2026-01-02 02:18:00,AWS_005,49.57504756786175,1007.4158954118096,66.30672005297656,Probable Sensor Fault,Sudden Sensor Change,Temperature,40.0,80.0,Medium,Rate-of-Change + Isolation Forest,2,Temperature reading differs by 19.53 from the median of other AWS stations. Triggered detectors: Rate-of-Change + Isolation Forest. Likely cause: Sudden Sensor Change.
2026-01-02 02:19:00,AWS_004,29.99,1006.69,57.23,Needs Investigation,Insufficient Spatial Evidence,Humidity,40.0,50.0,Medium,Sensor Drift + Isolation Forest,2,Humidity anomaly requires further investigation because spatial evidence is insufficient.
2026-01-02 02:19:00,AWS_005,30.72,1007.94,57.2,Needs Investigation,Insufficient Spatial Evidence,Pressure,40.0,50.0,Medium,Rate-of-Change + Isolation Forest,2,Pressure anomaly requires further investigation because spatial evidence is insufficient.
2026-01-02 02:20:00,AWS_004,29.22,1007.57,61.76,Needs Investigation,Insufficient Spatial Evidence,Humidity,40.0,50.0,Medium,Sensor Drift + Isolation Forest,1,Humidity anomaly requires further investigation because spatial evidence is insufficient.
2026-01-02 02:21:00,AWS_004,30.27,1007.56,60.64,Needs Investigation,Insufficient Spatial Evidence,Humidity,40.0,50.0,Medium,Sensor Drift + Isolation Forest,1,Humidity anomaly requires further investigation because spatial evidence is insufficient.
2026-01-02 02:22:00,AWS_004,30.5,1006.58,59.3,Needs Investigation,Insufficient Spatial Evidence,Pressure,40.0,50.0,Medium,Sensor Drift + Isolation Forest,1,Pressure anomaly requires further investigation because spatial evidence is insufficient.
2026-01-02 02:23:00,AWS_004,29.67,1006.23,57.68,Needs Investigation,Insufficient Spatial Evidence,Pressure,40.0,50.0,Medium,Sensor Drift + Isolation Forest,1,Pressure anomaly requires further investigation because spatial evidence is insufficient.
2026-01-02 02:26:00,AWS_005,52.39730164542495,1007.34,57.6,Probable Sensor Fault,Sudden Sensor Change,Temperature,40.0,80.0,Medium,Rate-of-Change + Isolation Forest,1,Temperature reading differs by 22.17 from the median of other AWS stations. Triggered detectors: Rate-of-Change + Isolation Forest. Likely cause: Sudden Sensor Change.
2026-01-02 02:27:00,AWS_005,31.08,1005.57,55.33,Needs Investigation,Insufficient Spatial Evidence,Humidity,40.0,50.0,Medium,Rate-of-Change + Isolation Forest,1,Humidity anomaly requires further investigation because spatial evidence is insufficient.
2026-01-02 02:52:00,AWS_004,30.67,968.3508635225,58.43,Probable Sensor Fault,Sensor Drift,Pressure,60.0,85.0,High,Rate-of-Change + Sensor Drift + Isolation Forest,1,Pressure reading differs by 39.27 from the median of other AWS stations. Triggered detectors: Rate-of-Change + Sensor Drift + Isolation Forest. Likely cause: Sensor Drift.
2026-01-02 02:53:00,AWS_004,30.52,1006.78,58.64,Needs Investigation,Insufficient Spatial Evidence,Humidity,40.0,50.0,Medium,Rate-of-Change + Sensor Drift,1,Humidity anomaly requires further investigation because spatial evidence is insufficient.
2026-01-02 02:57:00,AWS_004,31.28,1006.7,59.07,Needs Investigation,Insufficient Spatial Evidence,Humidity,40.0,50.0,Medium,Sensor Drift + Isolation Forest,1,Humidity anomaly requires further investigation because spatial evidence is insufficient.
2026-01-02 03:02:00,AWS_005,31.83,961.6023559218356,50.5,Probable Sensor Fault,Sudden Sensor Change,Pressure,40.0,80.0,Medium,Rate-of-Change + Isolation Forest,1,Pressure reading differs by 44.70 from the median of other AWS stations. Triggered detectors: Rate-of-Change + Isolation Forest. Likely cause: Sudden Sensor Change.
2026-01-02 03:03:00,AWS_005,31.93,1006.79,53.22,Needs Investigation,Insufficient Spatial Evidence,Humidity,40.0,50.0,Medium,Rate-of-Change + Isolation Forest,1,Humidity anomaly requires further investigation because spatial evidence is insufficient.
2026-01-02 03:34:00,AWS_001,30.66,960.8002367112524,52.31,Probable Sensor Fault,Sudden Sensor Change,Pressure,40.0,80.0,Medium,Rate-of-Change + Isolation Forest,1,Pressure reading differs by 45.51 from the median of other AWS stations. Triggered detectors: Rate-of-Change + Isolation Forest. Likely cause: Sudden Sensor Change.
2026-01-02 03:35:00,AWS_001,30.55,1005.37,55.91,Needs Investigation,Insufficient Spatial Evidence,Humidity,40.0,50.0,Medium,Rate-of-Change + Isolation Forest,1,Humidity anomaly requires further investigation because spatial evidence is insufficient.
2026-01-02 03:47:00,AWS_003,52.451660331970295,1005.75,51.76,Probable Sensor Fault,Sudden Sensor Change,Temperature,40.0,80.0,Medium,Rate-of-Change + Isolation Forest,1,Temperature reading differs by 20.78 from the median of other AWS stations. Triggered detectors: Rate-of-Change + Isolation Forest. Likely cause: Sudden Sensor Change.
2026-01-02 03:48:00,AWS_003,31.69,1006.54,48.41,Needs Investigation,Insufficient Spatial Evidence,Humidity,40.0,50.0,Medium,Rate-of-Change + Isolation Forest,1,Humidity anomaly requires further investigation because spatial evidence is insufficient.
2026-01-02 04:09:00,AWS_004,31.95,1007.73,50.41,Needs Investigation,Insufficient Spatial Evidence,Humidity,40.0,50.0,Medium,Sensor Drift + Isolation Forest,1,Humidity anomaly requires further investigation because spatial evidence is insufficient.
2026-01-02 04:23:00,AWS_001,51.78222628802838,1007.817638802898,68.13119961280911,Probable Sensor Fault,Sudden Sensor Change,Temperature,40.0,80.0,Medium,Rate-of-Change + Isolation Forest,1,Temperature reading differs by 19.65 from the median of other AWS stations. Triggered detectors: Rate-of-Change + Isolation Forest. Likely cause: Sudden Sensor Change.
2026-01-02 04:24:00,AWS_001,31.3,1005.74,55.19,Needs Investigation,Insufficient Spatial Evidence,Temperature,40.0,50.0,Medium,Rate-of-Change + Isolation Forest,1,Temperature anomaly requires further investigation because spatial evidence is insufficient.
2026-01-02 04:26:00,AWS_001,51.852588094360826,1004.75,55.09,Probable Sensor Fault,Sudden Sensor Change,Temperature,40.0,80.0,Medium,Rate-of-Change + Isolation Forest,1,Temperature reading differs by 19.70 from the median of other AWS stations. Triggered detectors: Rate-of-Change + Isolation Forest. Likely cause: Sudden Sensor Change.
2026-01-02 04:27:00,AWS_001,31.28,1005.9,52.65,Needs Investigation,Insufficient Spatial Evidence,Humidity,40.0,50.0,Medium,Rate-of-Change + Isolation Forest,1,Humidity anomaly requires further investigation because spatial evidence is insufficient.
2026-01-02 04:41:00,AWS_005,32.67,973.7484594789456,51.94,Probable Sensor Fault,Sudden Sensor Change,Pressure,40.0,80.0,Medium,Rate-of-Change + Isolation Forest,1,Pressure reading differs by 32.39 from the median of other AWS stations. Triggered detectors: Rate-of-Change + Isolation Forest. Likely cause: Sudden Sensor Change.
2026-01-02 04:42:00,AWS_005,32.54,1005.9,56.24,Needs Investigation,Insufficient Spatial Evidence,Humidity,40.0,50.0,Medium,Rate-of-Change + Isolation Forest,1,Humidity anomaly requires further investigation because spatial evidence is insufficient.
2026-01-02 04:44:00,AWS_005,32.56,1041.5426165538756,52.74,Probable Sensor Fault,Sudden Sensor Change,Pressure,40.0,80.0,Medium,Rate-of-Change + Isolation Forest,1,Pressure reading differs by 35.67 from the median of other AWS stations. Triggered detectors: Rate-of-Change + Isolation Forest. Likely cause: Sudden Sensor Change.
2026-01-02 05:04:00,AWS_002,31.46,1054.5092477607095,50.54,Probable Sensor Fault,Sudden Sensor Change,Pressure,40.0,80.0,Medium,Rate-of-Change + Isolation Forest,1,Pressure reading differs by 48.66 from the median of other AWS stations. Triggered detectors: Rate-of-Change + Isolation Forest. Likely cause: Sudden Sensor Change.
2026-01-02 05:37:00,AWS_003,32.02,1007.7,99.19539088594748,Probable Sensor Fault,Sudden Sensor Change,Humidity,60.0,85.0,High,Statistical Outlier + Rate-of-Change + Isolation Forest,1,Humidity reading differs by 46.01 from the median of other AWS stations. Triggered detectors: Statistical Outlier + Rate-of-Change + Isolation Forest. Likely cause: Sudden Sensor Change.
2026-01-02 05:38:00,AWS_003,32.24,1005.98,52.98,Needs Investigation,Insufficient Spatial Evidence,Humidity,40.0,50.0,Medium,Rate-of-Change + Isolation Forest,1,Humidity anomaly requires further investigation because spatial evidence is insufficient.
2026-01-02 06:12:00,AWS_004,52.07807279821142,1005.26,50.35,Probable Sensor Fault,Sudden Sensor Change,Temperature,40.0,80.0,Medium,Rate-of-Change + Isolation Forest,1,Temperature reading differs by 19.75 from the median of other AWS stations. Triggered detectors: Rate-of-Change + Isolation Forest. Likely cause: Sudden Sensor Change.
2026-01-02 06:13:00,AWS_004,32.1,1005.25,52.4,Needs Investigation,Insufficient Spatial Evidence,Humidity,40.0,50.0,Medium,Rate-of-Change + Isolation Forest,1,Humidity anomaly requires further investigation because spatial evidence is insufficient.
2026-01-02 06:59:00,AWS_001,30.97,1005.13,98.89401650626633,Probable Sensor Fault,Sudden Sensor Change,Humidity,60.0,85.0,High,Statistical Outlier + Rate-of-Change + Isolation Forest,1,Humidity reading differs by 46.84 from the median of other AWS stations. Triggered detectors: Statistical Outlier + Rate-of-Change + Isolation Forest. Likely cause: Sudden Sensor Change.
2026-01-02 07:00:00,AWS_001,31.07,1004.78,50.18,Needs Investigation,Insufficient Spatial Evidence,Humidity,40.0,50.0,Medium,Rate-of-Change + Isolation Forest,1,Humidity anomaly requires further investigation because spatial evidence is insufficient.
2026-01-02 07:10:00,AWS_004,56.15770366396279,1006.75,56.87,Probable Sensor Fault,Sudden Sensor Change,Temperature,40.0,80.0,Medium,Rate-of-Change + Isolation Forest,1,Temperature reading differs by 23.61 from the median of other AWS stations. Triggered detectors: Rate-of-Change + Isolation Forest. Likely cause: Sudden Sensor Change.
2026-01-02 07:11:00,AWS_004,32.0,1003.96,56.56,Needs Investigation,Insufficient Spatial Evidence,Humidity,40.0,50.0,Medium,Rate-of-Change + Isolation Forest,1,Humidity anomaly requires further investigation because spatial evidence is insufficient.
2026-01-02 07:33:00,AWS_001,54.481219629746754,1008.2511527437176,71.38580353594288,Probable Sensor Fault,Sudden Sensor Change,Temperature,40.0,80.0,Medium,Rate-of-Change + Isolation Forest,1,Temperature reading differs by 22.53 from the median of other AWS stations. Triggered detectors: Rate-of-Change + Isolation Forest. Likely cause: Sudden Sensor Change.
2026-01-02 07:34:00,AWS_001,31.84,1004.56,55.52,Needs Investigation,Insufficient Spatial Evidence,Humidity,40.0,50.0,Medium,Rate-of-Change + Isolation Forest,1,Humidity anomaly requires further investigation because spatial evidence is insufficient.
2026-01-02 08:11:00,AWS_003,48.85348757388783,1008.2118492522378,65.17902301065898,Probable Sensor Fault,Sudden Sensor Change,Temperature,40.0,80.0,Medium,Rate-of-Change + Isolation Forest,1,Temperature reading differs by 17.33 from the median of other AWS stations. Triggered detectors: Rate-of-Change + Isolation Forest. Likely cause: Sudden Sensor Change.
2026-01-02 08:12:00,AWS_002,8.477679118751329,1005.01,53.25,Probable Sensor Fault,Sudden Sensor Change,Temperature,40.0,80.0,Medium,Rate-of-Change + Isolation Forest,2,Temperature reading differs by 23.21 from the median of other AWS stations. Triggered detectors: Rate-of-Change + Isolation Forest. Likely cause: Sudden Sensor Change.
2026-01-02 08:12:00,AWS_003,31.85,1004.23,55.78,Needs Investigation,Insufficient Spatial Evidence,Humidity,40.0,50.0,Medium,Rate-of-Change + Isolation Forest,2,Humidity anomaly requires further investigation because spatial evidence is insufficient.
2026-01-02 08:28:00,AWS_004,30.98,1004.97,96.18097179145585,Probable Sensor Fault,Sudden Sensor Change,Humidity,60.0,85.0,High,Statistical Outlier + Rate-of-Change + Isolation Forest,1,Humidity reading differs by 40.55 from the median of other AWS stations. Triggered detectors: Statistical Outlier + Rate-of-Change + Isolation Forest. Likely cause: Sudden Sensor Change.
2026-01-02 08:32:00,AWS_005,53.80669146221753,1006.7650400495388,72.916113235739,Probable Sensor Fault,Sudden Sensor Change,Temperature,40.0,80.0,Medium,Rate-of-Change + Isolation Forest,1,Temperature reading differs by 22.66 from the median of other AWS stations. Triggered detectors: Rate-of-Change + Isolation Forest. Likely cause: Sudden Sensor Change.
2026-01-02 08:33:00,AWS_005,31.55,1005.15,53.24,Needs Investigation,Insufficient Spatial Evidence,Temperature,40.0,50.0,Medium,Rate-of-Change + Isolation Forest,1,Temperature anomaly requires further investigation because spatial evidence is insufficient.
2026-01-02 08:42:00,AWS_005,54.10714786770392,1009.0129806484972,61.96157998065304,Probable Sensor Fault,Sudden Sensor Change,Temperature,40.0,80.0,Medium,Rate-of-Change + Isolation Forest,1,Temperature reading differs by 22.90 from the median of other AWS stations. Triggered detectors: Rate-of-Change + Isolation Forest. Likely cause: Sudden Sensor Change.
2026-01-02 08:43:00,AWS_005,31.16,1005.18,56.11,Needs Investigation,Insufficient Spatial Evidence,Pressure,40.0,50.0,Medium,Rate-of-Change + Isolation Forest,1,Pressure anomaly requires further investigation because spatial evidence is insufficient.
2026-01-02 08:59:00,AWS_004,52.85402874054996,1005.7199928801964,72.50972368449241,Probable Sensor Fault,Sudden Sensor Change,Temperature,40.0,80.0,Medium,Rate-of-Change + Isolation Forest,1,Temperature reading differs by 21.72 from the median of other AWS stations. Triggered detectors: Rate-of-Change + Isolation Forest. Likely cause: Sudden Sensor Change.
2026-01-02 09:00:00,AWS_004,30.86,1003.86,54.5,Needs Investigation,Insufficient Spatial Evidence,Humidity,40.0,50.0,Medium,Rate-of-Change + Isolation Forest,1,Humidity anomaly requires further investigation because spatial evidence is insufficient.
2026-01-02 09:34:00,AWS_002,30.22,1004.92,96.93788307877028,Probable Sensor Fault,Sudden Sensor Change,Humidity,60.0,85.0,High,Statistical Outlier + Rate-of-Change + Isolation Forest,1,Humidity reading differs by 40.35 from the median of other AWS stations. Triggered detectors: Statistical Outlier + Rate-of-Change + Isolation Forest. Likely cause: Sudden Sensor Change.
2026-01-02 10:32:00,AWS_004,29.1,1004.65,95.58440108174098,Probable Sensor Fault,Sudden Sensor Change,Humidity,60.0,85.0,High,Statistical Outlier + Rate-of-Change + Isolation Forest,1,Humidity reading differs by 36.23 from the median of other AWS stations. Triggered detectors: Statistical Outlier + Rate-of-Change + Isolation Forest. Likely cause: Sudden Sensor Change.
2026-01-02 10:33:00,AWS_004,29.97,1003.82,61.61,Needs Investigation,Insufficient Spatial Evidence,Temperature,40.0,50.0,Medium,Rate-of-Change + Isolation Forest,1,Temperature anomaly requires further investigation because spatial evidence is insufficient.
2026-01-02 11:10:00,AWS_002,6.912314184477157,1004.29,62.8,Probable Sensor Fault,Sudden Sensor Change,Temperature,40.0,80.0,Medium,Rate-of-Change + Isolation Forest,1,Temperature reading differs by 21.84 from the median of other AWS stations. Triggered detectors: Rate-of-Change + Isolation Forest. Likely cause: Sudden Sensor Change.
2026-01-02 11:18:00,AWS_005,28.8,1004.97,95.51893608424731,Probable Sensor Fault,Sudden Sensor Change,Humidity,60.0,85.0,High,Statistical Outlier + Rate-of-Change + Isolation Forest,1,Humidity reading differs by 33.16 from the median of other AWS stations. Triggered detectors: Statistical Outlier + Rate-of-Change + Isolation Forest. Likely cause: Sudden Sensor Change.
2026-01-02 11:19:00,AWS_001,56.77565334643697,1004.32,60.17,Probable Sensor Fault,Sudden Sensor Change,Temperature,40.0,80.0,Medium,Rate-of-Change + Isolation Forest,1,Temperature reading differs by 28.47 from the median of other AWS stations. Triggered detectors: Rate-of-Change + Isolation Forest. Likely cause: Sudden Sensor Change.
2026-01-02 11:20:00,AWS_005,29.32,1003.83,97.45332083908386,Probable Sensor Fault,Sudden Sensor Change,Humidity,60.0,85.0,High,Statistical Outlier + Rate-of-Change + Isolation Forest,1,Humidity reading differs by 35.27 from the median of other AWS stations. Triggered detectors: Statistical Outlier + Rate-of-Change + Isolation Forest. Likely cause: Sudden Sensor Change.
2026-01-02 11:21:00,AWS_005,27.91,1004.91,63.47,Needs Investigation,Insufficient Spatial Evidence,Humidity,40.0,50.0,Medium,Rate-of-Change + Isolation Forest,1,Humidity anomaly requires further investigation because spatial evidence is insufficient.
2026-01-02 11:25:00,AWS_003,10.921382515724751,1004.43,62.31,Probable Sensor Fault,Sudden Sensor Change,Temperature,40.0,80.0,Medium,Rate-of-Change + Isolation Forest,1,Temperature reading differs by 17.45 from the median of other AWS stations. Triggered detectors: Rate-of-Change + Isolation Forest. Likely cause: Sudden Sensor Change.
2026-01-02 11:26:00,AWS_003,27.62,1004.47,63.86,Needs Investigation,Insufficient Spatial Evidence,Humidity,40.0,50.0,Medium,Rate-of-Change + Isolation Forest,1,Humidity anomaly requires further investigation because spatial evidence is insufficient.
2026-01-02 11:33:00,AWS_005,54.52819427776256,1008.0340366887108,73.40184460039386,Probable Sensor Fault,Sudden Sensor Change,Temperature,40.0,80.0,Medium,Rate-of-Change + Isolation Forest,1,Temperature reading differs by 26.87 from the median of other AWS stations. Triggered detectors: Rate-of-Change + Isolation Forest. Likely cause: Sudden Sensor Change.
2026-01-02 11:34:00,AWS_005,28.36,1003.74,65.06,Needs Investigation,Insufficient Spatial Evidence,Humidity,40.0,50.0,Medium,Rate-of-Change + Isolation Forest,1,Humidity anomaly requires further investigation because spatial evidence is insufficient.
2026-01-02 11:37:00,AWS_005,28.46,1048.4115683105922,61.29,Probable Sensor Fault,Sudden Sensor Change,Pressure,40.0,80.0,Medium,Rate-of-Change + Isolation Forest,1,Pressure reading differs by 44.45 from the median of other AWS stations. Triggered detectors: Rate-of-Change + Isolation Forest. Likely cause: Sudden Sensor Change.
2026-01-02 11:38:00,AWS_005,28.89,1003.7,66.15,Needs Investigation,Insufficient Spatial Evidence,Humidity,40.0,50.0,Medium,Rate-of-Change + Isolation Forest,1,Humidity anomaly requires further investigation because spatial evidence is insufficient.
2026-01-02 11:43:00,AWS_004,49.066772963342565,1007.2500850671056,67.70167066393937,Probable Sensor Fault,Sudden Sensor Change,Temperature,40.0,80.0,Medium,Rate-of-Change + Isolation Forest,1,Temperature reading differs by 21.29 from the median of other AWS stations. Triggered detectors: Rate-of-Change + Isolation Forest. Likely cause: Sudden Sensor Change.
2026-01-02 11:44:00,AWS_004,27.85,1005.22,64.95,Needs Investigation,Insufficient Spatial Evidence,Pressure,40.0,50.0,Medium,Rate-of-Change + Isolation Forest,1,Pressure anomaly requires further investigation because spatial evidence is insufficient.
2026-01-02 11:48:00,AWS_005,52.94535282749538,1011.7625689086402,62.622344557430445,Probable Sensor Fault,Sudden Sensor Change,Temperature,40.0,80.0,Medium,Rate-of-Change + Isolation Forest,1,Temperature reading differs by 25.38 from the median of other AWS stations. Triggered detectors: Rate-of-Change + Isolation Forest. Likely cause: Sudden Sensor Change.
2026-01-02 11:49:00,AWS_005,28.43,1004.47,63.0,Needs Investigation,Insufficient Spatial Evidence,Humidity,40.0,50.0,Medium,Rate-of-Change + Isolation Forest,1,Humidity anomaly requires further investigation because spatial evidence is insufficient.
2026-01-02 12:18:00,AWS_005,10.192719566646204,1005.12,64.69,Probable Sensor Fault,Sudden Sensor Change,Temperature,40.0,80.0,Medium,Rate-of-Change + Isolation Forest,1,Temperature reading differs by 16.40 from the median of other AWS stations. Triggered detectors: Rate-of-Change + Isolation Forest. Likely cause: Sudden Sensor Change.
2026-01-02 12:19:00,AWS_005,27.53,1004.64,68.38,Needs Investigation,Insufficient Spatial Evidence,Humidity,40.0,50.0,Medium,Rate-of-Change + Isolation Forest,1,Humidity anomaly requires further investigation because spatial evidence is insufficient.
2026-01-02 12:21:00,AWS_001,52.70525867050534,1002.6,66.03,Probable Sensor Fault,Sudden Sensor Change,Temperature,40.0,80.0,Medium,Rate-of-Change + Isolation Forest,1,Temperature reading differs by 26.10 from the median of other AWS stations. Triggered detectors: Rate-of-Change + Isolation Forest. Likely cause: Sudden Sensor Change.
2026-01-02 12:22:00,AWS_001,26.24,1004.16,64.62,Needs Investigation,Insufficient Spatial Evidence,Humidity,40.0,50.0,Medium,Rate-of-Change + Isolation Forest,1,Humidity anomaly requires further investigation because spatial evidence is insufficient.
2026-01-02 12:38:00,AWS_001,-999.0,99999.0,-1.0,Probable Sensor Fault,Sensor Drift,Pressure,80.0,90.0,Critical,Statistical Outlier + Rate-of-Change + Sensor Drift + Isolation Forest,1,Pressure reading differs by 98994.18 from the median of other AWS stations. Triggered detectors: Statistical Outlier + Rate-of-Change + Sensor Drift + Isolation Forest. Likely cause: Sensor Drift.
2026-01-02 12:39:00,AWS_001,25.91,1004.47,67.53,Needs Investigation,Insufficient Spatial Evidence,Humidity,60.0,50.0,High,Rate-of-Change + Sensor Drift + Isolation Forest,1,Humidity anomaly requires further investigation because spatial evidence is insufficient.
2026-01-02 12:40:00,AWS_001,25.45,1003.15,71.42,Needs Investigation,Insufficient Spatial Evidence,Humidity,40.0,50.0,Medium,Sensor Drift + Isolation Forest,1,Humidity anomaly requires further investigation because spatial evidence is insufficient.
2026-01-02 12:41:00,AWS_001,25.11,1004.34,64.91,Needs Investigation,Insufficient Spatial Evidence,Humidity,40.0,50.0,Medium,Sensor Drift + Isolation Forest,1,Humidity anomaly requires further investigation because spatial evidence is insufficient.
2026-01-02 12:42:00,AWS_001,25.17,1003.85,69.39,Needs Investigation,Insufficient Spatial Evidence,Humidity,40.0,50.0,Medium,Sensor Drift + Isolation Forest,1,Humidity anomaly requires further investigation because spatial evidence is insufficient.
2026-01-02 12:43:00,AWS_001,25.05,1001.97,65.89,Needs Investigation,Insufficient Spatial Evidence,Pressure,40.0,50.0,Medium,Sensor Drift + Isolation Forest,1,Pressure anomaly requires further investigation because spatial evidence is insufficient.
2026-01-02 12:44:00,AWS_001,25.77,1003.37,66.34,Needs Investigation,Insufficient Spatial Evidence,Humidity,40.0,50.0,Medium,Sensor Drift + Isolation Forest,1,Humidity anomaly requires further investigation because spatial evidence is insufficient.
2026-01-02 12:45:00,AWS_001,25.71,1004.1,69.17,Needs Investigation,Insufficient Spatial Evidence,Humidity,40.0,50.0,Medium,Sensor Drift + Isolation Forest,1,Humidity anomaly requires further investigation because spatial evidence is insufficient.
2026-01-02 12:46:00,AWS_001,25.67,1003.51,66.88,Needs Investigation,Insufficient Spatial Evidence,Humidity,40.0,50.0,Medium,Sensor Drift + Isolation Forest,1,Humidity anomaly requires further investigation because spatial evidence is insufficient.
2026-01-02 12:47:00,AWS_001,25.84,1001.8,67.94,Needs Investigation,Insufficient Spatial Evidence,Pressure,40.0,50.0,Medium,Sensor Drift + Isolation Forest,1,Pressure anomaly requires further investigation because spatial evidence is insufficient.
2026-01-02 12:55:00,AWS_002,3.9001663070124906,1004.9,68.24,Probable Sensor Fault,Sudden Sensor Change,Temperature,40.0,80.0,Medium,Rate-of-Change + Isolation Forest,1,Temperature reading differs by 22.14 from the median of other AWS stations. Triggered detectors: Rate-of-Change + Isolation Forest. Likely cause: Sudden Sensor Change.
2026-01-02 12:56:00,AWS_002,26.59,1004.52,69.49,Needs Investigation,Insufficient Spatial Evidence,Temperature,40.0,50.0,Medium,Rate-of-Change + Isolation Forest,1,Temperature anomaly requires further investigation because spatial evidence is insufficient.
2026-01-02 13:09:00,AWS_004,54.00119119716111,1011.4594777241796,69.65037158689715,Probable Sensor Fault,Sudden Sensor Change,Temperature,40.0,80.0,Medium,Rate-of-Change + Isolation Forest,1,Temperature reading differs by 28.22 from the median of other AWS stations. Triggered detectors: Rate-of-Change + Isolation Forest. Likely cause: Sudden Sensor Change.
2026-01-02 13:10:00,AWS_004,25.83,1004.25,64.61,Needs Investigation,Insufficient Spatial Evidence,Humidity,40.0,50.0,Medium,Rate-of-Change + Isolation Forest,1,Humidity anomaly requires further investigation because spatial evidence is insufficient.
2026-01-02 13:11:00,AWS_001,23.71,1003.7,68.71,Needs Investigation,Insufficient Spatial Evidence,Temperature,40.0,50.0,Medium,Sensor Drift + Isolation Forest,1,Temperature anomaly requires further investigation because spatial evidence is insufficient.
2026-01-02 13:12:00,AWS_001,25.24,1004.11,66.52,Needs Investigation,Insufficient Spatial Evidence,Humidity,40.0,50.0,Medium,Sensor Drift + Isolation Forest,1,Humidity anomaly requires further investigation because spatial evidence is insufficient.
2026-01-02 13:14:00,AWS_001,24.82,1003.54,71.15,Needs Investigation,Insufficient Spatial Evidence,Humidity,40.0,50.0,Medium,Sensor Drift + Isolation Forest,1,Humidity anomaly requires further investigation because spatial evidence is insufficient.
2026-01-02 13:16:00,AWS_001,24.85,1003.43,74.12,Needs Investigation,Insufficient Spatial Evidence,Humidity,40.0,50.0,Medium,Sensor Drift + Isolation Forest,1,Humidity anomaly requires further investigation because spatial evidence is insufficient.
2026-01-02 13:55:00,AWS_003,5.048993112089512,1004.69,71.02,Probable Sensor Fault,Sudden Sensor Change,Temperature,40.0,80.0,Medium,Rate-of-Change + Isolation Forest,1,Temperature reading differs by 19.90 from the median of other AWS stations. Triggered detectors: Rate-of-Change + Isolation Forest. Likely cause: Sudden Sensor Change.
2026-01-02 13:56:00,AWS_003,24.98,1004.5,68.51,Needs Investigation,Insufficient Spatial Evidence,Humidity,40.0,50.0,Medium,Rate-of-Change + Isolation Forest,1,Humidity anomaly requires further investigation because spatial evidence is insufficient.
2026-01-02 14:09:00,AWS_005,51.30644882293132,1004.77,74.29,Probable Sensor Fault,Sudden Sensor Change,Temperature,40.0,80.0,Medium,Rate-of-Change + Isolation Forest,1,Temperature reading differs by 27.10 from the median of other AWS stations. Triggered detectors: Rate-of-Change + Isolation Forest. Likely cause: Sudden Sensor Change.
2026-01-02 14:10:00,AWS_005,25.64,1003.91,69.59,Needs Investigation,Insufficient Spatial Evidence,Temperature,40.0,50.0,Medium,Rate-of-Change + Isolation Forest,1,Temperature anomaly requires further investigation because spatial evidence is insufficient.
2026-01-02 14:12:00,AWS_002,3.704869205332248,1003.37,70.92,Probable Sensor Fault,Sudden Sensor Change,Temperature,40.0,80.0,Medium,Rate-of-Change + Isolation Forest,1,Temperature reading differs by 20.61 from the median of other AWS stations. Triggered detectors: Rate-of-Change + Isolation Forest. Likely cause: Sudden Sensor Change.
2026-01-02 14:55:00,AWS_001,23.49,1001.23,72.46,Needs Investigation,Insufficient Spatial Evidence,Pressure,40.0,50.0,Medium,Frozen Sensor + Isolation Forest,2,Pressure anomaly requires further investigation because spatial evidence is insufficient.
2026-01-02 14:55:00,AWS_003,22.96,1004.95,98.8989144098368,Probable Sensor Fault,Sudden Sensor Change,Humidity,60.0,85.0,High,Statistical Outlier + Rate-of-Change + Isolation Forest,2,Humidity reading differs by 25.10 from the median of other AWS stations. Triggered detectors: Statistical Outlier + Rate-of-Change + Isolation Forest. Likely cause: Sudden Sensor Change.
2026-01-02 14:56:00,AWS_003,24.41,1004.85,71.96,Needs Investigation,Insufficient Spatial Evidence,Humidity,40.0,50.0,Medium,Rate-of-Change + Isolation Forest,1,Humidity anomaly requires further investigation because spatial evidence is insufficient.
2026-01-02 15:10:00,AWS_001,22.46,1036.427256893231,74.06,Probable Sensor Fault,Sudden Sensor Change,Pressure,40.0,80.0,Medium,Rate-of-Change + Isolation Forest,1,Pressure reading differs by 31.79 from the median of other AWS stations. Triggered detectors: Rate-of-Change + Isolation Forest. Likely cause: Sudden Sensor Change.
2026-01-02 15:45:00,AWS_004,50.79909582205955,1004.96,77.1,Probable Sensor Fault,Sudden Sensor Change,Temperature,40.0,80.0,Medium,Rate-of-Change + Isolation Forest,1,Temperature reading differs by 26.94 from the median of other AWS stations. Triggered detectors: Rate-of-Change + Isolation Forest. Likely cause: Sudden Sensor Change.
2026-01-02 16:24:00,AWS_001,21.5,1002.37,99.3401863987008,Probable Sensor Fault,Sudden Sensor Change,Humidity,60.0,85.0,High,Statistical Outlier + Rate-of-Change + Isolation Forest,1,Humidity reading differs by 23.39 from the median of other AWS stations. Triggered detectors: Statistical Outlier + Rate-of-Change + Isolation Forest. Likely cause: Sudden Sensor Change.
2026-01-02 16:25:00,AWS_001,22.13,1004.04,75.72,Needs Investigation,Insufficient Spatial Evidence,Pressure,40.0,50.0,Medium,Rate-of-Change + Isolation Forest,2,Pressure anomaly requires further investigation because spatial evidence is insufficient.
2026-01-02 16:25:00,AWS_003,7.86622424604556,1005.01,76.29,Probable Sensor Fault,Sudden Sensor Change,Temperature,40.0,80.0,Medium,Rate-of-Change + Isolation Forest,2,Temperature reading differs by 14.86 from the median of other AWS stations. Triggered detectors: Rate-of-Change + Isolation Forest. Likely cause: Sudden Sensor Change.
2026-01-02 16:26:00,AWS_003,22.27,1006.42,75.01,Needs Investigation,Insufficient Spatial Evidence,Pressure,40.0,50.0,Medium,Rate-of-Change + Isolation Forest,1,Pressure anomaly requires further investigation because spatial evidence is insufficient.
2026-01-02 16:57:00,AWS_004,5.120016956115656,1004.0,74.43,Probable Sensor Fault,Sudden Sensor Change,Temperature,40.0,80.0,Medium,Rate-of-Change + Isolation Forest,1,Temperature reading differs by 17.81 from the median of other AWS stations. Triggered detectors: Rate-of-Change + Isolation Forest. Likely cause: Sudden Sensor Change.
2026-01-02 16:58:00,AWS_004,22.23,1004.13,73.97,Needs Investigation,Insufficient Spatial Evidence,Humidity,40.0,50.0,Medium,Rate-of-Change + Isolation Forest,1,Humidity anomaly requires further investigation because spatial evidence is insufficient.
2026-01-02 17:12:00,AWS_004,56.28486626133523,1005.203316288115,72.78993412964591,Probable Sensor Fault,Sudden Sensor Change,Temperature,40.0,80.0,Medium,Rate-of-Change + Isolation Forest,1,Temperature reading differs by 34.13 from the median of other AWS stations. Triggered detectors: Rate-of-Change + Isolation Forest. Likely cause: Sudden Sensor Change.
2026-01-02 17:13:00,AWS_004,22.22,1004.99,79.87,Needs Investigation,Insufficient Spatial Evidence,Humidity,40.0,50.0,Medium,Rate-of-Change + Isolation Forest,1,Humidity anomaly requires further investigation because spatial evidence is insufficient.
2026-01-02 17:50:00,AWS_001,52.04913263481123,1007.7944229062646,64.14403604262608,Probable Sensor Fault,Sudden Sensor Change,Temperature,40.0,80.0,Medium,Rate-of-Change + Isolation Forest,1,Temperature reading differs by 29.83 from the median of other AWS stations. Triggered detectors: Rate-of-Change + Isolation Forest. Likely cause: Sudden Sensor Change.
2026-01-02 17:51:00,AWS_001,21.81,1005.36,77.36,Needs Investigation,Insufficient Spatial Evidence,Temperature,40.0,50.0,Medium,Rate-of-Change + Isolation Forest,1,Temperature anomaly requires further investigation because spatial evidence is insufficient.
2026-01-02 18:06:00,AWS_003,22.6,1005.19,95.4506867362767,Probable Sensor Fault,Isolated Sensor Reading,Humidity,40.0,80.0,Medium,Statistical Outlier + Isolation Forest,1,Humidity reading differs by 19.44 from the median of other AWS stations. Triggered detectors: Statistical Outlier + Isolation Forest. Likely cause: Isolated Sensor Reading.
2026-01-02 18:25:00,AWS_003,54.50035140801634,1011.6717837794852,64.60545544843282,Probable Sensor Fault,Sudden Sensor Change,Temperature,40.0,80.0,Medium,Rate-of-Change + Isolation Forest,1,Temperature reading differs by 31.90 from the median of other AWS stations. Triggered detectors: Rate-of-Change + Isolation Forest. Likely cause: Sudden Sensor Change.
2026-01-02 18:26:00,AWS_003,22.15,1006.62,76.75,Needs Investigation,Insufficient Spatial Evidence,Pressure,40.0,50.0,Medium,Rate-of-Change + Isolation Forest,1,Pressure anomaly requires further investigation because spatial evidence is insufficient.
2026-01-02 18:29:00,AWS_001,47.57605101122309,1005.35,77.16,Probable Sensor Fault,Sudden Sensor Change,Temperature,40.0,80.0,Medium,Rate-of-Change + Isolation Forest,1,Temperature reading differs by 25.11 from the median of other AWS stations. Triggered detectors: Rate-of-Change + Isolation Forest. Likely cause: Sudden Sensor Change.
2026-01-02 18:30:00,AWS_001,21.8,1004.82,75.39,Needs Investigation,Insufficient Spatial Evidence,Humidity,40.0,50.0,Medium,Rate-of-Change + Isolation Forest,1,Humidity anomaly requires further investigation because spatial evidence is insufficient.
2026-01-02 19:00:00,AWS_003,22.73,963.4424744747153,73.64,Probable Sensor Fault,Sudden Sensor Change,Pressure,40.0,80.0,Medium,Rate-of-Change + Isolation Forest,1,Pressure reading differs by 42.27 from the median of other AWS stations. Triggered detectors: Rate-of-Change + Isolation Forest. Likely cause: Sudden Sensor Change.
2026-01-02 19:04:00,AWS_003,57.09088071114444,1008.9431678543364,71.80731979652707,Probable Sensor Fault,Sudden Sensor Change,Temperature,40.0,80.0,Medium,Rate-of-Change + Isolation Forest,1,Temperature reading differs by 34.30 from the median of other AWS stations. Triggered detectors: Rate-of-Change + Isolation Forest. Likely cause: Sudden Sensor Change.
2026-01-02 19:05:00,AWS_003,999.0,-999.0,0.0,Probable Sensor Fault,Sensor Drift,Pressure,80.0,90.0,Critical,Statistical Outlier + Rate-of-Change + Sensor Drift + Isolation Forest,1,Pressure reading differs by 2004.24 from the median of other AWS stations. Triggered detectors: Statistical Outlier + Rate-of-Change + Sensor Drift + Isolation Forest. Likely cause: Sensor Drift.
2026-01-02 19:06:00,AWS_003,22.68,1005.65,78.98,Needs Investigation,Insufficient Spatial Evidence,Humidity,60.0,50.0,High,Rate-of-Change + Sensor Drift + Isolation Forest,1,Humidity anomaly requires further investigation because spatial evidence is insufficient.
2026-01-02 19:07:00,AWS_003,21.82,1006.39,75.84,Needs Investigation,Insufficient Spatial Evidence,Humidity,40.0,50.0,Medium,Sensor Drift + Isolation Forest,1,Humidity anomaly requires further investigation because spatial evidence is insufficient.
2026-01-02 19:08:00,AWS_003,22.74,1005.64,77.08,Needs Investigation,Insufficient Spatial Evidence,Humidity,40.0,50.0,Medium,Sensor Drift + Isolation Forest,1,Humidity anomaly requires further investigation because spatial evidence is insufficient.
2026-01-02 19:09:00,AWS_003,22.3,1006.24,79.9,Needs Investigation,Insufficient Spatial Evidence,Humidity,40.0,50.0,Medium,Sensor Drift + Isolation Forest,1,Humidity anomaly requires further investigation because spatial evidence is insufficient.
2026-01-02 19:10:00,AWS_003,23.38,1006.4,74.93,Needs Investigation,Insufficient Spatial Evidence,Pressure,40.0,50.0,Medium,Sensor Drift + Isolation Forest,1,Pressure anomaly requires further investigation because spatial evidence is insufficient.
2026-01-02 19:11:00,AWS_003,22.39,1005.62,76.54,Needs Investigation,Insufficient Spatial Evidence,Pressure,40.0,50.0,Medium,Sensor Drift + Isolation Forest,1,Pressure anomaly requires further investigation because spatial evidence is insufficient.
2026-01-02 19:12:00,AWS_003,22.59,1005.69,72.52,Needs Investigation,Insufficient Spatial Evidence,Humidity,40.0,50.0,Medium,Sensor Drift + Isolation Forest,1,Humidity anomaly requires further investigation because spatial evidence is insufficient.
2026-01-02 19:13:00,AWS_003,22.58,1005.9,78.17,Needs Investigation,Insufficient Spatial Evidence,Humidity,40.0,50.0,Medium,Sensor Drift + Isolation Forest,1,Humidity anomaly requires further investigation because spatial evidence is insufficient.
2026-01-02 19:14:00,AWS_003,22.25,1006.71,80.59,Needs Investigation,Insufficient Spatial Evidence,Humidity,40.0,50.0,Medium,Sensor Drift + Isolation Forest,1,Humidity anomaly requires further investigation because spatial evidence is insufficient.
2026-01-02 19:23:00,AWS_002,48.752957110539,1008.563167833782,72.09866476632138,Probable Sensor Fault,Sudden Sensor Change,Temperature,40.0,80.0,Medium,Rate-of-Change + Isolation Forest,1,Temperature reading differs by 26.28 from the median of other AWS stations. Triggered detectors: Rate-of-Change + Isolation Forest. Likely cause: Sudden Sensor Change.
2026-01-02 19:24:00,AWS_002,23.28,1006.09,76.77,Needs Investigation,Insufficient Spatial Evidence,Humidity,40.0,50.0,Medium,Rate-of-Change + Isolation Forest,1,Humidity anomaly requires further investigation because spatial evidence is insufficient.
2026-01-02 19:28:00,AWS_005,48.76080408581844,1007.8743651173006,71.63924466473688,Probable Sensor Fault,Sudden Sensor Change,Temperature,40.0,80.0,Medium,Rate-of-Change + Isolation Forest,1,Temperature reading differs by 26.34 from the median of other AWS stations. Triggered detectors: Rate-of-Change + Isolation Forest. Likely cause: Sudden Sensor Change.
2026-01-02 19:29:00,AWS_005,23.23,1006.8,79.14,Needs Investigation,Insufficient Spatial Evidence,Humidity,40.0,50.0,Medium,Rate-of-Change + Isolation Forest,1,Humidity anomaly requires further investigation because spatial evidence is insufficient.
2026-01-02 20:32:00,AWS_004,23.06,1056.553849693337,75.29,Probable Sensor Fault,Sudden Sensor Change,Pressure,40.0,80.0,Medium,Rate-of-Change + Isolation Forest,1,Pressure reading differs by 50.53 from the median of other AWS stations. Triggered detectors: Rate-of-Change + Isolation Forest. Likely cause: Sudden Sensor Change.
2026-01-02 20:33:00,AWS_001,54.17764543711161,1011.263660782186,65.49332447514747,Probable Sensor Fault,Sudden Sensor Change,Temperature,40.0,80.0,Medium,Rate-of-Change + Isolation Forest,1,Temperature reading differs by 30.52 from the median of other AWS stations. Triggered detectors: Rate-of-Change + Isolation Forest. Likely cause: Sudden Sensor Change.
2026-01-02 20:34:00,AWS_001,22.99,1005.65,74.53,Needs Investigation,Insufficient Spatial Evidence,Pressure,40.0,50.0,Medium,Rate-of-Change + Isolation Forest,1,Pressure anomaly requires further investigation because spatial evidence is insufficient.
2026-01-02 21:13:00,AWS_004,3.34813891065264,1007.83,73.51,Probable Sensor Fault,Sudden Sensor Change,Temperature,40.0,80.0,Medium,Rate-of-Change + Isolation Forest,1,Temperature reading differs by 20.47 from the median of other AWS stations. Triggered detectors: Rate-of-Change + Isolation Forest. Likely cause: Sudden Sensor Change.
2026-01-02 21:14:00,AWS_004,23.55,1006.57,74.71,Needs Investigation,Insufficient Spatial Evidence,Humidity,40.0,50.0,Medium,Rate-of-Change + Isolation Forest,1,Humidity anomaly requires further investigation because spatial evidence is insufficient.
2026-01-02 21:28:00,AWS_001,48.62736025322915,1007.849455217051,62.81835254820594,Probable Sensor Fault,Sudden Sensor Change,Temperature,40.0,80.0,Medium,Rate-of-Change + Isolation Forest,1,Temperature reading differs by 24.37 from the median of other AWS stations. Triggered detectors: Rate-of-Change + Isolation Forest. Likely cause: Sudden Sensor Change.
2026-01-02 21:29:00,AWS_001,23.96,1008.08,73.89,Needs Investigation,Insufficient Spatial Evidence,Humidity,40.0,50.0,Medium,Rate-of-Change + Isolation Forest,1,Humidity anomaly requires further investigation because spatial evidence is insufficient.
2026-01-02 21:51:00,AWS_005,54.95142482280405,1006.96,76.15,Probable Sensor Fault,Sudden Sensor Change,Temperature,40.0,80.0,Medium,Rate-of-Change + Isolation Forest,1,Temperature reading differs by 30.62 from the median of other AWS stations. Triggered detectors: Rate-of-Change + Isolation Forest. Likely cause: Sudden Sensor Change.
2026-01-02 21:52:00,AWS_005,25.18,1008.49,70.68,Needs Investigation,Insufficient Spatial Evidence,Humidity,40.0,50.0,Medium,Rate-of-Change + Isolation Forest,1,Humidity anomaly requires further investigation because spatial evidence is insufficient.
2026-01-02 22:09:00,AWS_002,0.0,-999.0,0.0,Probable Sensor Fault,Sensor Drift,Pressure,60.0,85.0,High,Rate-of-Change + Sensor Drift + Isolation Forest,1,Pressure reading differs by 2005.57 from the median of other AWS stations. Triggered detectors: Rate-of-Change + Sensor Drift + Isolation Forest. Likely cause: Sensor Drift.
2026-01-02 22:10:00,AWS_002,25.35,1007.89,67.87,Needs Investigation,Insufficient Spatial Evidence,Humidity,40.0,50.0,Medium,Rate-of-Change + Sensor Drift,1,Humidity anomaly requires further investigation because spatial evidence is insufficient.
2026-01-02 22:15:00,AWS_005,25.35,1007.67,96.26202184514062,Probable Sensor Fault,Sudden Sensor Change,Humidity,60.0,85.0,High,Statistical Outlier + Rate-of-Change + Isolation Forest,1,Humidity reading differs by 24.59 from the median of other AWS stations. Triggered detectors: Statistical Outlier + Rate-of-Change + Isolation Forest. Likely cause: Sudden Sensor Change.
2026-01-02 22:23:00,AWS_001,999.0,-999.0,0.0,Probable Sensor Fault,Sensor Drift,Pressure,80.0,90.0,Critical,Statistical Outlier + Rate-of-Change + Sensor Drift + Isolation Forest,1,Pressure reading differs by 2006.89 from the median of other AWS stations. Triggered detectors: Statistical Outlier + Rate-of-Change + Sensor Drift + Isolation Forest. Likely cause: Sensor Drift.
2026-01-02 22:24:00,AWS_001,25.27,1007.28,70.27,Needs Investigation,Insufficient Spatial Evidence,Humidity,60.0,50.0,High,Rate-of-Change + Sensor Drift + Isolation Forest,1,Humidity anomaly requires further investigation because spatial evidence is insufficient.
2026-01-02 22:25:00,AWS_001,24.58,1007.55,70.02,Needs Investigation,Insufficient Spatial Evidence,Temperature,40.0,50.0,Medium,Sensor Drift + Isolation Forest,2,Temperature anomaly requires further investigation because spatial evidence is insufficient.
2026-01-02 22:25:00,AWS_004,25.67,1006.07,96.81744906018037,Probable Sensor Fault,Sudden Sensor Change,Humidity,60.0,85.0,High,Statistical Outlier + Rate-of-Change + Isolation Forest,2,Humidity reading differs by 27.33 from the median of other AWS stations. Triggered detectors: Statistical Outlier + Rate-of-Change + Isolation Forest. Likely cause: Sudden Sensor Change.
2026-01-02 22:26:00,AWS_001,23.3,1008.53,70.51,Needs Investigation,Insufficient Spatial Evidence,Temperature,40.0,50.0,Medium,Sensor Drift + Isolation Forest,2,Temperature anomaly requires further investigation because spatial evidence is insufficient.
2026-01-02 22:26:00,AWS_004,25.76,1008.46,68.06,Needs Investigation,Insufficient Spatial Evidence,Humidity,40.0,50.0,Medium,Rate-of-Change + Isolation Forest,2,Humidity anomaly requires further investigation because spatial evidence is insufficient.
2026-01-02 22:27:00,AWS_001,24.06,1005.27,70.05,Needs Investigation,Insufficient Spatial Evidence,Pressure,40.0,50.0,Medium,Sensor Drift + Isolation Forest,1,Pressure anomaly requires further investigation because spatial evidence is insufficient.
2026-01-02 22:28:00,AWS_001,-999.0,99999.0,0.0,Probable Sensor Fault,Sensor Drift,Pressure,80.0,90.0,Critical,Statistical Outlier + Rate-of-Change + Sensor Drift + Isolation Forest,1,Pressure reading differs by 98991.57 from the median of other AWS stations. Triggered detectors: Statistical Outlier + Rate-of-Change + Sensor Drift + Isolation Forest. Likely cause: Sensor Drift.
2026-01-02 22:29:00,AWS_001,25.1,1007.98,71.96,Needs Investigation,Insufficient Spatial Evidence,Humidity,60.0,50.0,High,Rate-of-Change + Sensor Drift + Isolation Forest,1,Humidity anomaly requires further investigation because spatial evidence is insufficient.
2026-01-02 22:30:00,AWS_001,24.6,1006.93,69.67,Needs Investigation,Insufficient Spatial Evidence,Temperature,40.0,50.0,Medium,Sensor Drift + Isolation Forest,1,Temperature anomaly requires further investigation because spatial evidence is insufficient.
2026-01-02 22:31:00,AWS_001,25.15,1005.17,69.8,Needs Investigation,Insufficient Spatial Evidence,Pressure,40.0,50.0,Medium,Sensor Drift + Isolation Forest,1,Pressure anomaly requires further investigation because spatial evidence is insufficient.
2026-01-02 22:32:00,AWS_001,24.54,1006.02,73.02,Needs Investigation,Insufficient Spatial Evidence,Humidity,40.0,50.0,Medium,Sensor Drift + Isolation Forest,1,Humidity anomaly requires further investigation because spatial evidence is insufficient.
2026-01-02 22:33:00,AWS_001,23.99,1007.32,71.17,Needs Investigation,Insufficient Spatial Evidence,Temperature,40.0,50.0,Medium,Sensor Drift + Isolation Forest,1,Temperature anomaly requires further investigation because spatial evidence is insufficient.
2026-01-02 22:34:00,AWS_001,24.59,1007.3,66.94,Needs Investigation,Insufficient Spatial Evidence,Temperature,40.0,50.0,Medium,Sensor Drift + Isolation Forest,1,Temperature anomaly requires further investigation because spatial evidence is insufficient.
2026-01-02 22:35:00,AWS_001,24.95,1007.61,71.25,Needs Investigation,Insufficient Spatial Evidence,Humidity,40.0,50.0,Medium,Sensor Drift + Isolation Forest,1,Humidity anomaly requires further investigation because spatial evidence is insufficient.
2026-01-02 22:36:00,AWS_001,24.94,1006.46,71.79,Needs Investigation,Insufficient Spatial Evidence,Humidity,40.0,50.0,Medium,Sensor Drift + Isolation Forest,1,Humidity anomaly requires further investigation because spatial evidence is insufficient.
2026-01-02 22:37:00,AWS_001,24.35,1007.3,72.49,Needs Investigation,Insufficient Spatial Evidence,Humidity,40.0,50.0,Medium,Sensor Drift + Isolation Forest,1,Humidity anomaly requires further investigation because spatial evidence is insufficient.
2026-01-02 23:07:00,AWS_003,53.19034732229132,1007.05,68.7,Probable Sensor Fault,Sudden Sensor Change,Temperature,40.0,80.0,Medium,Rate-of-Change + Isolation Forest,1,Temperature reading differs by 27.11 from the median of other AWS stations. Triggered detectors: Rate-of-Change + Isolation Forest. Likely cause: Sudden Sensor Change.
2026-01-03 00:00:00,AWS_002,6.0938211724583695,1008.11,66.82,Probable Sensor Fault,Sensor Drift,Temperature,60.0,85.0,High,Rate-of-Change + Sensor Drift + Isolation Forest,1,Temperature reading differs by 20.95 from the median of other AWS stations. Triggered detectors: Rate-of-Change + Sensor Drift + Isolation Forest. Likely cause: Sensor Drift.
2026-01-03 00:01:00,AWS_002,27.75,1009.74,64.98,Needs Investigation,Insufficient Spatial Evidence,Pressure,40.0,50.0,Medium,Rate-of-Change + Sensor Drift,1,Pressure anomaly requires further investigation because spatial evidence is insufficient.
2026-01-03 00:05:00,AWS_004,6.591236841311499,1007.68,62.64,Probable Sensor Fault,Sudden Sensor Change,Temperature,40.0,80.0,Medium,Rate-of-Change + Isolation Forest,1,Temperature reading differs by 20.88 from the median of other AWS stations. Triggered detectors: Rate-of-Change + Isolation Forest. Likely cause: Sudden Sensor Change.
2026-01-03 00:06:00,AWS_004,28.0,1008.49,63.77,Needs Investigation,Insufficient Spatial Evidence,Humidity,40.0,50.0,Medium,Rate-of-Change + Isolation Forest,1,Humidity anomaly requires further investigation because spatial evidence is insufficient.
2026-01-03 00:10:00,AWS_005,55.67553787019997,1007.1,65.16,Probable Sensor Fault,Sudden Sensor Change,Temperature,40.0,80.0,Medium,Rate-of-Change + Isolation Forest,1,Temperature reading differs by 28.52 from the median of other AWS stations. Triggered detectors: Rate-of-Change + Isolation Forest. Likely cause: Sudden Sensor Change.
2026-01-03 00:13:00,AWS_005,28.08,1051.2288443438135,63.92,Probable Sensor Fault,Sudden Sensor Change,Pressure,40.0,80.0,Medium,Rate-of-Change + Isolation Forest,1,Pressure reading differs by 43.65 from the median of other AWS stations. Triggered detectors: Rate-of-Change + Isolation Forest. Likely cause: Sudden Sensor Change.
2026-01-03 00:14:00,AWS_005,28.3,1007.86,62.73,Needs Investigation,Insufficient Spatial Evidence,Humidity,40.0,50.0,Medium,Rate-of-Change + Isolation Forest,1,Humidity anomaly requires further investigation because spatial evidence is insufficient.
2026-01-03 00:41:00,AWS_001,0.0,0.0,-1.0,Probable Sensor Fault,Sudden Sensor Change,Pressure,60.0,85.0,High,Statistical Outlier + Rate-of-Change + Isolation Forest,1,Pressure reading differs by 1009.15 from the median of other AWS stations. Triggered detectors: Statistical Outlier + Rate-of-Change + Isolation Forest. Likely cause: Sudden Sensor Change.
2026-01-03 01:39:00,AWS_003,54.01730365091932,1009.32,58.66,Probable Sensor Fault,Sudden Sensor Change,Temperature,40.0,80.0,Medium,Rate-of-Change + Isolation Forest,1,Temperature reading differs by 24.70 from the median of other AWS stations. Triggered detectors: Rate-of-Change + Isolation Forest. Likely cause: Sudden Sensor Change.
2026-01-03 01:57:00,AWS_004,50.20087906927151,1009.61,60.66,Probable Sensor Fault,Sudden Sensor Change,Temperature,40.0,80.0,Medium,Rate-of-Change + Isolation Forest,1,Temperature reading differs by 20.66 from the median of other AWS stations. Triggered detectors: Rate-of-Change + Isolation Forest. Likely cause: Sudden Sensor Change.
2026-01-03 01:58:00,AWS_004,30.25,1007.99,58.63,Needs Investigation,Insufficient Spatial Evidence,Pressure,40.0,50.0,Medium,Rate-of-Change + Isolation Forest,1,Pressure anomaly requires further investigation because spatial evidence is insufficient.
